loc_id,lat,lon,housing_class,floor_area_m2,cost_per_m2_kes,tiv_kes,synthetic,source,hazard_score_common,hazard_score_occasional,hazard_score_moderate,hazard_score_severe,hazard_score_extreme,tiv_kes_file,ai_uplift,ai_driving_site,hazard_score_common_base,depth_10y,dr_10y,loss_10y,depth_25y,dr_25y,loss_25y,depth_50y,dr_50y,loss_50y,depth_100y,dr_100y,loss_100y,depth_250y,dr_250y,loss_250y
NBO-0000,-1.314897,36.935883,semi_permanent,38,13600,515000.0,True,"generated for hackathon starter kit, not a real portfolio",0.0232857968658208,0.0,0.0,0.0,0.0,5170000.0,0.0,,0.0232857968658208,0.0,0.0,0.0,0.0,0.0,0.0,0.0,0.0,0.0,0.0,0.0,0.0,0.0931431874632832,0.04793376627669839,24685.88963249967
NBO-0001,-1.219963,36.789855,informal_iron_sheet,8,7800,60000.0,True,"generated for hackathon starter kit, not a real portfolio",0.0,0.0,0.0,0.0,0.0,625000.0,0.0,,0.0,0.0,0.0,0.0,0.0,0.0,0.0,0.0,0.0,0.0,0.0,0.0,0.0,0.0,0.0,0.0
NBO-0002,-1.257597,36.896201,semi_permanent,33,10000,330000.0,True,"generated for hackathon starter kit, not a real portfolio",0.5351487274039286,0.4072972238063812,0.3452048897743225,0.2472807019948959,0.1346025913953781,3300000.0,0.07674302409773044,Embakasi North,0.4584057033061981,1.0287550489225223,0.43293173362760407,142867.47209710933,1.415698276046858,0.5418965776550786,178825.87062617592,1.7518980892464207,0.6173484237513334,203724.97983794002,1.965194692072351,0.6625938611104484,218655.97416644797,2.1405949096157144,0.6998005463107277,230934.18028254015
NBO-0003,-1.194103,36.84782,semi_permanent,58,13700,795000.0,True,"generated for hackathon starter kit, not a real portfolio",0.1139633804559707,0.0303510408848524,0.0,0.0,0.0,7945000.0,0.0,,0.1139633804559707,0.0,0.0,0.0,0.0,0.0,0.0,0.0,0.0,0.0,0.1215293519631022,0.0625419819893355,49720.87568152172,0.4558535218238828,0.22432100665552845,178335.20029114513
NBO-0004,-1.263191,36.773582,semi_permanent,78,15900,1240000.0,True,"generated for hackathon starter kit, not a real portfolio",0.1730397302438209,0.0595238171517849,0.0,0.0,0.0,12400000.0,0.03241912608637313,Expressway,0.1406206041574478,0.0,0.0,0.0,0.0,0.0,0.0,0.000675759854048664,0.0003477625770098667,431.2255954922347,0.38012576162758116,0.19562203001471315,242571.3172182443,0.6921589209752836,0.31185483112925666,386699.99060027825
NBO-0005,-1.202301,36.930681,informal_iron_sheet,16,9800,155000.0,True,"generated for hackathon starter kit, not a real portfolio",0.6970056032101595,0.6386087536811829,0.6007488965988159,0.5410411357879639,0.4723374247550964,1570000.0,0.027234289542862118,Githurai,0.6697713136672974,2.06331481757852,0.8008512010226102,124131.93615850458,2.3155280234060287,0.8340102765044467,129271.59285818924,2.5346661985740995,0.8610937395669834,133469.52963288242,2.6736949144677586,0.872445411975106,135229.03885614144,2.788022412840638,0.8817802339248519,136675.93625835204
NBO-0006,-1.297331,36.917333,informal_iron_sheet,11,5700,65000.0,True,"generated for hackathon starter kit, not a real portfolio",0.1324349194765091,0.0505656786262989,0.0,0.0,0.0,625000.0,0.0,,0.1324349194765091,0.0,0.0,0.0,0.0,0.0,0.0,0.0,0.0,0.0,0.20238528989498403,0.13530913803566927,8795.093972318502,0.5297396779060364,0.3134727554953194,20375.72910719576
NBO-0007,-1.29008,36.791035,informal_iron_sheet,10,6600,65000.0,True,"generated for hackathon starter kit, not a real portfolio",0.035662538645371285,0.0,0.0,0.0,0.0,660000.0,0.035662538645371285,Kilimani,0.0,0.0,0.0,0.0,0.0,0.0,0.0,0.0,0.0,0.0,0.0,0.0,0.0,0.14265015458148514,0.09537189914885269,6199.173444675424
NBO-0008,-1.255438,36.943294,semi_permanent,35,13200,460000.0,True,"generated for hackathon starter kit, not a real portfolio",0.2259266525506973,0.152879923582077,0.0641344785690307,0.0,0.0,4620000.0,0.0,,0.2259266525506973,0.0,0.0,0.0,0.0,0.0,0.0,0.256446149441167,0.13197347143308588,60707.7968592195,0.6116290328329933,0.28202441202393674,129731.2295310109,0.9037066102027892,0.3883485789122986,178640.34629965737
NBO-0009,-1.337945,36.756131,permanent_masonry,77,55800,4295000.0,True,"generated for hackathon starter kit, not a real portfolio",0.0,0.0,0.0,0.0,0.0,42965000.0,0.0,,0.0,0.0,0.0,0.0,0.0,0.0,0.0,0.0,0.0,0.0,0.0,0.0,0.0,0.0,0.0,0.0
NBO-0010,-1.275674,36.901374,semi_permanent,30,13200,395000.0,True,"generated for hackathon starter kit, not a real portfolio",0.002520774509365969,0.0,0.0,0.0,0.0,3960000.0,0.002520774509365969,Kayole,0.0,0.0,0.0,0.0,0.0,0.0,0.0,0.0,0.0,0.0,0.0,0.0,0.0,0.010083098037463876,0.005189009285980829,2049.6586679624274
NBO-0011,-1.198387,36.870224,informal_iron_sheet,23,6100,140000.0,True,"generated for hackathon starter kit, not a real portfolio",0.0079745389521121,0.0,0.0,0.0,0.0,1405000.0,0.0,,0.0079745389521121,0.0,0.0,0.0,0.0,0.0,0.0,0.0,0.0,0.0,0.0,0.0,0.0,0.0318981558084484,0.021326213825165967,2985.6699355232354
NBO-0012,-1.238124,36.817765,permanent_masonry,64,54900,3515000.0,True,"generated for hackathon starter kit, not a real portfolio",0.1145584806799888,0.0310022961348295,0.0,0.0,0.0,35135000.0,0.0,,0.1145584806799888,0.0,0.0,0.0,0.0,0.0,0.0,0.0,0.0,0.0,0.12413429932146557,0.046410400823064635,163132.5588930722,0.4582339227199552,0.17132106227211646,602193.5338864893
NBO-0013,-1.191036,36.707701,informal_iron_sheet,10,5200,50000.0,True,"generated for hackathon starter kit, not a real portfolio",0.0,0.0,0.0,0.0,0.0,520000.0,0.0,,0.0,0.0,0.0,0.0,0.0,0.0,0.0,0.0,0.0,0.0,0.0,0.0,0.0,0.0,0.0,0.0
NBO-0014,-1.193437,36.9237,semi_permanent,35,15500,540000.0,True,"generated for hackathon starter kit, not a real portfolio",0.3658998664358451,0.2507671117782593,0.1722764670848846,0.0484909527003765,0.0,5425000.0,0.050526773546059375,Githurai,0.3153730928897857,0.0,0.0,0.0,0.47477340617565017,0.2313294366019376,124917.89576504631,0.9333810491396209,0.3989283199770856,215421.29278762624,1.2243373448712853,0.4948577032054508,267223.15973094344,1.4635994657433804,0.5536712802251409,298982.49132157606
NBO-0015,-1.332391,36.843408,permanent_masonry,98,35900,3520000.0,True,"generated for hackathon starter kit, not a real portfolio",0.025649621314803098,0.0,0.0,0.0,0.0,35180000.0,0.025649621314803098,Mombasa Road,0.0,0.0,0.0,0.0,0.0,0.0,0.0,0.0,0.0,0.0,0.0,0.0,0.0,0.10259848525921239,0.03835875218007489,135022.8076738636
NBO-0016,-1.306308,36.797577,semi_permanent,37,13600,505000.0,True,"generated for hackathon starter kit, not a real portfolio",0.015201116599097756,0.0,0.0,0.0,0.0,5030000.0,0.015201116599097756,Mbagathi Way,0.0,0.0,0.0,0.0,0.0,0.0,0.0,0.0,0.0,0.0,0.0,0.0,0.0,0.060804466396391026,0.03129146811700953,15802.191399089812
NBO-0017,-1.224443,36.78867,semi_permanent,39,13300,520000.0,True,"generated for hackathon starter kit, not a real portfolio",0.0,0.0,0.0,0.0,0.0,5185000.0,0.0,,0.0,0.0,0.0,0.0,0.0,0.0,0.0,0.0,0.0,0.0,0.0,0.0,0.0,0.0,0.0,0.0
NBO-0018,-1.274224,36.862993,informal_iron_sheet,13,5500,70000.0,True,"generated for hackathon starter kit, not a real portfolio",0.02012790124678282,0.0,0.0,0.0,0.0,715000.0,0.01542964102515252,Eastleigh,0.0046982602216303,0.0,0.0,0.0,0.0,0.0,0.0,0.0,0.0,0.0,0.0,0.0,0.0,0.08051160498713128,0.05382780476945633,3767.9463338619435
NBO-0019,-1.215378,36.786757,semi_permanent,27,8000,215000.0,True,"generated for hackathon starter kit, not a real portfolio",0.0,0.0,0.0,0.0,0.0,2160000.0,0.0,,0.0,0.0,0.0,0.0,0.0,0.0,0.0,0.0,0.0,0.0,0.0,0.0,0.0,0.0,0.0,0.0
NBO-0020,-1.268428,36.826895,concrete_rcc,709,81700,57925000.0,True,"generated for hackathon starter kit, not a real portfolio",0.06595248913827581,0.0,0.0,0.0,0.0,579255000.0,0.024947440237433217,Kirinyaga Road,0.0410050489008426,0.0,0.0,0.0,0.0,0.0,0.0,0.0,0.0,0.0,0.0,0.0,0.0,0.26380995655310324,0.06962208563392948,4032859.310345365
NBO-0021,-1.31688,36.792734,semi_permanent,49,8700,425000.0,True,"generated for hackathon starter kit, not a real portfolio",0.03831298916586375,0.0,0.0,0.0,0.0,4265000.0,0.01908828399129845,Lang’ata Road,0.0192247051745653,0.0,0.0,0.0,0.0,0.0,0.0,0.0,0.0,0.0,0.0,0.0,0.0,0.153251956663455,0.07886721157195221,33518.56491807969
NBO-0022,-1.30153,36.713801,permanent_masonry,113,43200,4880000.0,True,"generated for hackathon starter kit, not a real portfolio",0.0,0.0,0.0,0.0,0.0,48815000.0,0.0,,0.0,0.0,0.0,0.0,0.0,0.0,0.0,0.0,0.0,0.0,0.0,0.0,0.0,0.0,0.0,0.0
NBO-0023,-1.255021,36.762602,informal_iron_sheet,13,6800,90000.0,True,"generated for hackathon starter kit, not a real portfolio",0.0,0.0,0.0,0.0,0.0,885000.0,0.0,,0.0,0.0,0.0,0.0,0.0,0.0,0.0,0.0,0.0,0.0,0.0,0.0,0.0,0.0,0.0,0.0
NBO-0024,-1.198924,36.910241,concrete_rcc,290,79300,22995000.0,True,"generated for hackathon starter kit, not a real portfolio",0.4854302107737289,0.3090768456459045,0.2366947829723358,0.12254299223423,0.0,229970000.0,0.11677542323329308,Githurai,0.3686547875404358,0.7109633159075034,0.18435469780174754,4239236.275951184,1.1392923462055808,0.26572110838684304,6110256.887355456,1.5114506626706754,0.33514757503899534,7706718.488021698,1.7475605636845213,0.3783165871249212,8699389.920937564,1.9417208430949155,0.41381576531475306,9515693.523412747
NBO-0025,-1.346206,36.904539,semi_permanent,48,8200,395000.0,True,"generated for hackathon starter kit, not a real portfolio",0.035495036432784594,0.0,0.0,0.0,0.0,3935000.0,0.035495036432784594,Pipeline/Embakasi,0.0,0.0,0.0,0.0,0.0,0.0,0.0,0.0,0.0,0.0,0.0,0.0,0.0,0.14198014573113837,0.07306646150681423,28861.25229519162
NBO-0026,-1.263277,36.866831,permanent_masonry,74,59500,4405000.0,True,"generated for hackathon starter kit, not a real portfolio",0.14011532314725061,0.0,0.0,0.0,0.0,44030000.0,0.14011532314725061,Huruma,0.0,0.0,0.0,0.0,0.0,0.0,0.0,0.0,0.0,0.0,0.2360049163810489,0.0882357480996737,388678.47037906264,0.5604612925890025,0.20320719401702125,895127.6896449786
NBO-0027,-1.255159,36.817647,concrete_rcc,364,65900,23990000.0,True,"generated for hackathon starter kit, not a real portfolio",0.003613535518762532,0.0,0.0,0.0,0.0,239875000.0,0.003613535518762532,Nairobi Expressway,0.0,0.0,0.0,0.0,0.0,0.0,0.0,0.0,0.0,0.0,0.0,0.0,0.0,0.014454142075050127,0.0038145926350264796,91512.07731428524
NBO-0028,-1.194738,36.942461,semi_permanent,36,9100,330000.0,True,"generated for hackathon starter kit, not a real portfolio",0.2913669347763061,0.2244955897331237,0.1432527005672454,0.0151267014443874,0.0,3275000.0,0.0,,0.2913669347763061,0.0,0.0,0.0,0.06041381390580164,0.031090428774366217,10259.841495540852,0.5729267792349467,0.26768806471509426,88337.0613559811,0.8980824459457479,0.38634341205229533,127493.32597725745,1.1654677391052244,0.48038682883460987,158527.65351542126
NBO-0029,-1.341011,36.910065,concrete_rcc,491,81100,39820000.0,True,"generated for hackathon starter kit, not a real portfolio",0.10941117061040509,0.004750027321279,0.0,0.0,0.0,398200000.0,0.018841242321945395,Pipeline/Embakasi,0.0905699282884597,0.0,0.0,0.0,0.0,0.0,0.0,0.0,0.0,0.0,0.10160284793348694,0.02681400759812654,1067733.7825573988,0.43764468244162036,0.11549880814316804,4599162.540260951
NBO-0030,-1.281853,36.761267,informal_iron_sheet,14,5400,75000.0,True,"generated for hackathon starter kit, not a real portfolio",0.016697213793999115,0.0,0.0,0.0,0.0,755000.0,0.016697213793999115,Dagoretti North,0.0,0.0,0.0,0.0,0.0,0.0,0.0,0.0,0.0,0.0,0.0,0.0,0.0,0.06678885517599646,0.0446531584827263,3348.9868862044727
NBO-0031,-1.229115,36.841887,permanent_masonry,54,42700,2305000.0,True,"generated for hackathon starter kit, not a real portfolio",0.1423778533935547,0.0614468939602375,0.0,0.0,0.0,23060000.0,0.0,,0.1423778533935547,0.0,0.0,0.0,0.0,0.0,0.0,0.0,0.0,0.0,0.24590874761897435,0.091938518244175,211918.28455282337,0.5695114135742188,0.20564270284576416,474006.4300594864
NBO-0032,-1.315429,36.938988,informal_iron_sheet,11,6100,65000.0,True,"generated for hackathon starter kit, not a real portfolio",0.035210084170103,0.0,0.0,0.0,0.0,670000.0,0.0,,0.035210084170103,0.0,0.0,0.0,0.0,0.0,0.0,0.0,0.0,0.0,0.0,0.0,0.0,0.140840336680412,0.09416190557509642,6120.5238623812675
NBO-0033,-1.237085,36.896404,informal_iron_sheet,12,9700,115000.0,True,"generated for hackathon starter kit, not a real portfolio",0.5667628937424384,0.5102450847625732,0.4589376747608185,0.378022164106369,0.2849153578281402,1165000.0,0.014286487645026245,Embakasi North,0.5524764060974121,1.230827061313125,0.5977323502559363,68739.22027943267,1.5914545864763772,0.6979533961557285,80264.64055790877,1.9047897170472174,0.7800095255955186,89701.09544348464,2.1035801870975637,0.8061449857901657,92706.67336586905,2.2670515749697535,0.8276369614850534,95178.25057078114
NBO-0034,-1.306502,36.792338,semi_permanent,39,14600,570000.0,True,"generated for hackathon starter kit, not a real portfolio",0.17884907302506087,0.042589247226715,0.0,0.0,0.0,5695000.0,0.05370278832562087,Kibra,0.12514628469944,0.0,0.0,0.0,0.0,0.0,0.0,0.028770755773477787,0.014806135804548122,8439.49740859243,0.40555514565577094,0.20568914616218367,117242.81331244469,0.7153962921002435,0.3204625733670034,182663.66681919195
NBO-0035,-1.259929,36.817481,semi_permanent,27,14600,395000.0,True,"generated for hackathon starter kit, not a real portfolio",0.012860763532776211,0.0,0.0,0.0,0.0,3940000.0,0.012860763532776211,Nairobi Expressway,0.0,0.0,0.0,0.0,0.0,0.0,0.0,0.0,0.0,0.0,0.0,0.0,0.0,0.051443054131104844,0.026473856010692767,10457.173124223642
NBO-0036,-1.256369,36.829457,permanent_masonry,54,58300,3150000.0,True,"generated for hackathon starter kit, not a real portfolio",0.3459735810756683,0.2842552661895752,0.209272876381874,0.0910201519727706,0.0,31480000.0,0.0,,0.3459735810756683,0.0,0.0,0.0,0.36399489131712714,0.13608768000396262,428676.19201248226,0.8370140542892917,0.2776312479975758,874538.4311923638,1.1371135087575763,0.3570074603162471,1124573.4999961783,1.3838943243026731,0.4209274919669866,1325921.5996960078
NBO-0037,-1.331936,36.925473,informal_iron_sheet,11,7100,80000.0,True,"generated for hackathon starter kit, not a real portfolio",0.0,0.0,0.0,0.0,0.0,780000.0,0.0,,0.0,0.0,0.0,0.0,0.0,0.0,0.0,0.0,0.0,0.0,0.0,0.0,0.0,0.0,0.0,0.0
NBO-0038,-1.257297,36.878574,permanent_masonry,119,48100,5725000.0,True,"generated for hackathon starter kit, not a real portfolio",0.18131460845733932,0.0,0.0,0.0,0.0,57240000.0,0.12625200525189692,Huruma,0.0550626032054424,0.0,0.0,0.0,0.0,0.0,0.0,0.04069451557170511,0.015214560273082317,87103.35756339626,0.41634759666158605,0.15566091683285882,891158.7488681168,0.7252584338293573,0.24755631300649333,1417259.8919621743
NBO-0039,-1.265985,36.799534,informal_iron_sheet,15,10000,150000.0,True,"generated for hackathon starter kit, not a real portfolio",0.0802469095464843,0.0,0.0,0.0,0.0,1500000.0,0.0802469095464843,Nairobi Expressway,0.0,0.0,0.0,0.0,0.0,0.0,0.0,0.0,0.0,0.0,0.0,0.0,0.0,0.3209876381859372,0.2130133247043351,31951.998705650265
NBO-0040,-1.313586,36.81551,concrete_rcc,551,61900,34105000.0,True,"generated for hackathon starter kit, not a real portfolio",0.2190638861446904,0.0569819770753383,0.0,0.0,0.0,341070000.0,0.08076594088368882,Mbagathi Way,0.1382979452610016,0.0,0.0,0.0,0.0,0.0,0.0,0.22325661295945068,0.05891965272612864,2009454.7562246171,0.5815884707581108,0.15348701331777304,5234674.589202649,0.8762555445787616,0.21575400626148858,7358290.383548068
NBO-0041,-1.347614,36.723077,concrete_rcc,369,71300,26310000.0,True,"generated for hackathon starter kit, not a real portfolio",0.012672285749338074,0.0,0.0,0.0,0.0,263095000.0,0.012672285749338074,Langata Road,0.0,0.0,0.0,0.0,0.0,0.0,0.0,0.0,0.0,0.0,0.0,0.0,0.0,0.0506891429973523,0.013377371728431245,351958.65017502604
NBO-0042,-1.216402,36.823009,semi_permanent,38,9300,355000.0,True,"generated for hackathon starter kit, not a real portfolio",0.0,0.0,0.0,0.0,0.0,3535000.0,0.0,,0.0,0.0,0.0,0.0,0.0,0.0,0.0,0.0,0.0,0.0,0.0,0.0,0.0,0.0,0.0,0.0
NBO-0043,-1.272502,36.757256,semi_permanent,34,10600,360000.0,True,"generated for hackathon starter kit, not a real portfolio",0.0024294992582667334,0.0,0.0,0.0,0.0,3605000.0,0.0024294992582667334,Dagoretti North,0.0,0.0,0.0,0.0,0.0,0.0,0.0,0.0,0.0,0.0,0.0,0.0,0.0,0.009717997033066934,0.005001119364143555,1800.4029710916798
NBO-0044,-1.266109,36.723283,semi_permanent,41,9000,370000.0,True,"generated for hackathon starter kit, not a real portfolio",0.0,0.0,0.0,0.0,0.0,3690000.0,0.0,,0.0,0.0,0.0,0.0,0.0,0.0,0.0,0.0,0.0,0.0,0.0,0.0,0.0,0.0,0.0,0.0
NBO-0045,-1.286932,36.722819,concrete_rcc,688,62100,42725000.0,True,"generated for hackathon starter kit, not a real portfolio",0.130946010351181,0.0489362739026546,0.0,0.0,0.0,427250000.0,0.0,,0.130946010351181,0.0,0.0,0.0,0.0,0.0,0.0,0.0,0.0,0.0,0.19586785008177285,0.05169148431508067,2208518.6673618215,0.523784041404724,0.13823184636712071,5905955.636035233
NBO-0046,-1.288172,36.753956,permanent_masonry,159,47900,7615000.0,True,"generated for hackathon starter kit, not a real portfolio",0.0,0.0,0.0,0.0,0.0,76160000.0,0.0,,0.0,0.0,0.0,0.0,0.0,0.0,0.0,0.0,0.0,0.0,0.0,0.0,0.0,0.0,0.0,0.0
NBO-0047,-1.253496,36.874782,permanent_masonry,96,35900,3445000.0,True,"generated for hackathon starter kit, not a real portfolio",0.39141258578755805,0.1693852096796035,0.0823688730597496,0.0,0.0,34465000.0,0.15040388684728095,Mathare,0.2410086989402771,0.11001972379391547,0.04113334918414067,141704.3879393646,0.6166092330093567,0.2183173571665402,752103.295438731,1.0567650140856393,0.33619596282939745,1158195.0919472743,1.3360148206940603,0.4085259631880003,1407371.943182661,1.5656503431502322,0.46272459332031746,1594086.2239884937
NBO-0048,-1.255831,36.744796,permanent_masonry,91,47700,4340000.0,True,"generated for hackathon starter kit, not a real portfolio",0.0,0.0,0.0,0.0,0.0,43405000.0,0.0,,0.0,0.0,0.0,0.0,0.0,0.0,0.0,0.0,0.0,0.0,0.0,0.0,0.0,0.0,0.0,0.0
NBO-0049,-1.289351,36.842097,concrete_rcc,881,81300,71625000.0,True,"generated for hackathon starter kit, not a real portfolio",0.10886933819789808,0.017422517761588,0.0,0.0,0.0,716255000.0,0.006719665391635188,Eastleigh,0.1021496728062629,0.0,0.0,0.0,0.0,0.0,0.0,0.0,0.0,0.0,0.09923107112233787,0.02618807197989619,1875720.6555600646,0.43547735279159233,0.11492682817522915,8231634.068050788
NBO-0050,-1.251175,36.850655,informal_iron_sheet,15,5300,80000.0,True,"generated for hackathon starter kit, not a real portfolio",0.0,0.0,0.0,0.0,0.0,795000.0,0.0,,0.0,0.0,0.0,0.0,0.0,0.0,0.0,0.0,0.0,0.0,0.0,0.0,0.0,0.0,0.0,0.0
NBO-0051,-1.288834,36.941566,concrete_rcc,1044,67700,70680000.0,True,"generated for hackathon starter kit, not a real portfolio",0.249496653676033,0.1786741316318512,0.0926309302449226,0.0,0.0,706790000.0,0.0,,0.249496653676033,0.0,0.0,0.0,0.0,0.0,0.0,0.37043478987321,0.09776144539543886,6909778.960549619,0.7148025987132108,0.18508401717779846,13081738.334126795,0.997986614704132,0.23887833249707222,16883920.540893063
NBO-0052,-1.274863,36.81455,semi_permanent,51,9400,480000.0,True,"generated for hackathon starter kit, not a real portfolio",0.0970244583974896,0.0,0.0,0.0,0.0,4795000.0,0.044791116316181295,Nairobi Expressway,0.0522333420813083,0.0,0.0,0.0,0.0,0.0,0.0,0.0,0.0,0.0,0.047382177270692084,0.02438402928684128,11704.334057683815,0.3880978335899584,0.1992224920119208,95626.79616572199
NBO-0053,-1.288657,36.893632,informal_iron_sheet,13,6200,80000.0,True,"generated for hackathon starter kit, not a real portfolio",0.001749588180558591,0.0,0.0,0.0,0.0,805000.0,0.001749588180558591,Kware Road,0.0,0.0,0.0,0.0,0.0,0.0,0.0,0.0,0.0,0.0,0.0,0.0,0.0,0.006998352722234364,0.004678902676209673,374.31221409677386
NBO-0054,-1.345737,36.708724,informal_iron_sheet,20,9300,185000.0,True,"generated for hackathon starter kit, not a real portfolio",0.014548032568417042,0.0,0.0,0.0,0.0,1860000.0,0.014548032568417042,Langata Road,0.0,0.0,0.0,0.0,0.0,0.0,0.0,0.0,0.0,0.0,0.0,0.0,0.0,0.058192130273668166,0.038905628921326874,7197.541350445472
NBO-0055,-1.338598,36.861152,informal_iron_sheet,12,5800,70000.0,True,"generated for hackathon starter kit, not a real portfolio",0.1605419852673748,0.0253537930548191,0.0,0.0,0.0,695000.0,0.0511449464499691,Mombasa Road,0.1093970388174057,0.0,0.0,0.0,0.0,0.0,0.0,0.0,0.0,0.0,0.3254190644227393,0.21514589575819537,15060.212703073676,0.6421679410694991,0.3672675051851823,25708.725362962763
NBO-0056,-1.195179,36.945076,permanent_masonry,72,63300,4560000.0,True,"generated for hackathon starter kit, not a real portfolio",0.269245445728302,0.2002865523099899,0.1165074855089187,0.0,0.0,45575000.0,0.0,,0.269245445728302,0.0,0.0,0.0,0.0,0.0,0.0,0.4659433960986677,0.17420342235789915,794367.6059520202,0.8012494888522741,0.26800652419329757,1222109.750321437,1.076981782913208,0.3414324172939777,1556931.8228605385
NBO-0057,-1.269395,36.711846,permanent_masonry,159,55600,8840000.0,True,"generated for hackathon starter kit, not a real portfolio",0.0048050079494714,0.0,0.0,0.0,0.0,88405000.0,0.0,,0.0048050079494714,0.0,0.0,0.0,0.0,0.0,0.0,0.0,0.0,0.0,0.0,0.0,0.0,0.0192200317978856,0.007185841338354984,63522.837431058055
NBO-0058,-1.326314,36.926912,semi_permanent,40,12400,495000.0,True,"generated for hackathon starter kit, not a real portfolio",0.0,0.0,0.0,0.0,0.0,4960000.0,0.0,,0.0,0.0,0.0,0.0,0.0,0.0,0.0,0.0,0.0,0.0,0.0,0.0,0.0,0.0,0.0,0.0
NBO-0059,-1.242227,36.738945,permanent_masonry,86,37100,3190000.0,True,"generated for hackathon starter kit, not a real portfolio",0.0,0.0,0.0,0.0,0.0,31905000.0,0.0,,0.0,0.0,0.0,0.0,0.0,0.0,0.0,0.0,0.0,0.0,0.0,0.0,0.0,0.0,0.0,0.0
NBO-0060,-1.207116,36.868812,semi_permanent,42,14400,605000.0,True,"generated for hackathon starter kit, not a real portfolio",0.0506880469620227,0.0,0.0,0.0,0.0,6050000.0,0.0,,0.0506880469620227,0.0,0.0,0.0,0.0,0.0,0.0,0.0,0.0,0.0,0.0,0.0,0.0,0.2027521878480908,0.10434124329522983,63126.452193614045
NBO-0061,-1.290067,36.706319,semi_permanent,41,13400,550000.0,True,"generated for hackathon starter kit, not a real portfolio",0.0,0.0,0.0,0.0,0.0,5495000.0,0.0,,0.0,0.0,0.0,0.0,0.0,0.0,0.0,0.0,0.0,0.0,0.0,0.0,0.0,0.0,0.0,0.0
NBO-0062,-1.278869,36.715366,semi_permanent,57,10900,620000.0,True,"generated for hackathon starter kit, not a real portfolio",0.0,0.0,0.0,0.0,0.0,6215000.0,0.0,,0.0,0.0,0.0,0.0,0.0,0.0,0.0,0.0,0.0,0.0,0.0,0.0,0.0,0.0,0.0,0.0
NBO-0063,-1.194166,36.733674,semi_permanent,34,8000,270000.0,True,"generated for hackathon starter kit, not a real portfolio",0.0,0.0,0.0,0.0,0.0,2720000.0,0.0,,0.0,0.0,0.0,0.0,0.0,0.0,0.0,0.0,0.0,0.0,0.0,0.0,0.0,0.0,0.0,0.0
NBO-0064,-1.192382,36.925331,informal_iron_sheet,19,8000,150000.0,True,"generated for hackathon starter kit, not a real portfolio",0.12418130258864184,0.0081863980740308,0.0,0.0,0.0,1520000.0,0.030471319657027943,Githurai,0.0937099829316139,0.0,0.0,0.0,0.0,0.0,0.0,0.0,0.0,0.0,0.16625652260294085,0.11115445582969338,16673.168374454006,0.49672521035456735,0.2975849365186281,44637.740477794214
NBO-0065,-1.209508,36.895722,permanent_masonry,185,58100,10750000.0,True,"generated for hackathon starter kit, not a real portfolio",0.16703280023954514,0.053498700261116,0.0,0.0,0.0,107485000.0,0.03191777281187183,Roysambu,0.1351150274276733,0.0,0.0,0.0,0.0,0.0,0.0,0.0,0.0,0.0,0.3538314740185824,0.13228785777001245,1422094.4710276339,0.6681312009581806,0.23218260913593924,2495963.048211347
NBO-0066,-1.272078,36.865447,informal_iron_sheet,13,8600,110000.0,True,"generated for hackathon starter kit, not a real portfolio",0.06284331584800834,0.0,0.0,0.0,0.0,1120000.0,0.02097280750502705,Huruma,0.0418705083429813,0.0,0.0,0.0,0.0,0.0,0.0,0.0,0.0,0.0,0.0,0.0,0.0,0.25137326339203336,0.16806112545253854,18486.72379977924
NBO-0067,-1.290213,36.862364,informal_iron_sheet,15,7700,115000.0,True,"generated for hackathon starter kit, not a real portfolio",0.08878825381120406,0.0,0.0,0.0,0.0,1155000.0,0.08878825381120406,Jogoo Road,0.0,0.0,0.0,0.0,0.0,0.0,0.0,0.0,0.0,0.0,0.011329629289577856,0.0075746729133916455,871.0873850400392,0.35515301524481624,0.2294550051626261,26387.325593702
NBO-0068,-1.339728,36.77344,informal_iron_sheet,20,6200,125000.0,True,"generated for hackathon starter kit, not a real portfolio",0.005823764516302672,0.0,0.0,0.0,0.0,1240000.0,0.005823764516302672,Lang’ata Road,0.0,0.0,0.0,0.0,0.0,0.0,0.0,0.0,0.0,0.0,0.0,0.0,0.0,0.023295058065210688,0.015574423560774042,1946.8029450967554
NBO-0069,-1.22829,36.832026,semi_permanent,32,15700,500000.0,True,"generated for hackathon starter kit, not a real portfolio",0.0,0.0,0.0,0.0,0.0,5025000.0,0.0,,0.0,0.0,0.0,0.0,0.0,0.0,0.0,0.0,0.0,0.0,0.0,0.0,0.0,0.0,0.0,0.0
NBO-0070,-1.316407,36.820467,permanent_masonry,93,37600,3495000.0,True,"generated for hackathon starter kit, not a real portfolio",0.11563753715817805,0.0,0.0,0.0,0.0,34970000.0,0.11563753715817805,South C,0.0,0.0,0.0,0.0,0.0,0.0,0.0,0.0,0.0,0.0,0.12885768070990614,0.048176343231214384,168376.31959309426,0.4625501486327122,0.1729347804446837,604407.0576541695
NBO-0071,-1.220708,36.937779,semi_permanent,48,8000,385000.0,True,"generated for hackathon starter kit, not a real portfolio",0.3993943929672241,0.3427172303199768,0.2738593816757202,0.1652655452489853,0.0403101928532123,3840000.0,0.0,,0.3993943929672241,0.16103798636768388,0.08287409321547613,31906.525887958313,0.6609834216384939,0.30030659441258745,115618.03884884616,1.095366427117515,0.4566804937902405,175821.9901092426,1.37095378843171,0.5308978313471878,204395.66506866732,1.5975775718688965,0.5846132596196795,225076.1049535766
NBO-0072,-1.203775,36.813551,concrete_rcc,2031,58900,119625000.0,True,"generated for hackathon starter kit, not a real portfolio",0.0,0.0,0.0,0.0,0.0,1196260000.0,0.0,,0.0,0.0,0.0,0.0,0.0,0.0,0.0,0.0,0.0,0.0,0.0,0.0,0.0,0.0,0.0,0.0
NBO-0073,-1.265598,36.886731,semi_permanent,37,9600,355000.0,True,"generated for hackathon starter kit, not a real portfolio",0.3166366892803404,0.2408114969730377,0.1612778902053833,0.0358475409448146,0.0,3550000.0,0.010360755299398592,Huruma,0.3062759339809418,0.0,0.0,0.0,0.2008988980144009,0.10338749494121206,36702.56070413028,0.6951357237593538,0.31295751830157453,111099.91899705897,1.008696385556316,0.4257802769489476,151151.9983168764,1.2665467571213616,0.5052332967564784,179357.82034854984
NBO-0074,-1.246897,36.789663,semi_permanent,39,8200,320000.0,True,"generated for hackathon starter kit, not a real portfolio",0.1930377068009859,0.0,0.0,0.0,0.0,3200000.0,0.1930377068009859,Westlands,0.0,0.0,0.0,0.0,0.0,0.0,0.0,0.09738946584928494,0.050119005167955345,16038.08165374571,0.46766341344270473,0.22869570559904848,73182.62579169551,0.7721508272039436,0.3414453797426066,109262.5215176341
NBO-0075,-1.242933,36.931356,concrete_rcc,250,64500,16125000.0,True,"generated for hackathon starter kit, not a real portfolio",0.402626633644104,0.3462544977664947,0.2777672410011291,0.1697577983140945,0.0454749092459678,161250000.0,0.0,,0.402626633644104,0.18169788203326317,0.047951888047398486,773224.1947643006,0.6789527930179512,0.17827390204839327,2874666.6705303416,1.1109981073345618,0.26034626686473095,4198083.553193786,1.3851023578205472,0.31204675853070507,5031753.981307619,1.610506534576416,0.3532583959453583,5696291.634618903
NBO-0076,-1.305358,36.913093,informal_iron_sheet,14,7100,100000.0,True,"generated for hackathon starter kit, not a real portfolio",0.0,0.0,0.0,0.0,0.0,995000.0,0.0,,0.0,0.0,0.0,0.0,0.0,0.0,0.0,0.0,0.0,0.0,0.0,0.0,0.0,0.0,0.0,0.0
NBO-0077,-1.298235,36.947971,informal_iron_sheet,10,5100,50000.0,True,"generated for hackathon starter kit, not a real portfolio",0.1006443053483963,0.0157750882208347,0.0,0.0,0.0,510000.0,0.0,,0.1006443053483963,0.0,0.0,0.0,0.0,0.0,0.0,0.0,0.0,0.0,0.06322742546901423,0.04227208630066979,2113.6043150334895,0.4025772213935852,0.25227733907518385,12613.866953759192
NBO-0078,-1.297084,36.756761,permanent_masonry,117,61500,7195000.0,True,"generated for hackathon starter kit, not a real portfolio",0.0,0.0,0.0,0.0,0.0,71955000.0,0.0,,0.0,0.0,0.0,0.0,0.0,0.0,0.0,0.0,0.0,0.0,0.0,0.0,0.0,0.0,0.0,0.0
NBO-0079,-1.240748,36.917596,semi_permanent,33,9700,320000.0,True,"generated for hackathon starter kit, not a real portfolio",0.5309082269668579,0.4866415858268738,0.4328614771366119,0.3480462729930877,0.2504522502422333,3200000.0,0.0,,0.5309082269668579,1.0016505398968227,0.42326824216983766,135445.83749434806,1.3921235689609888,0.5361016242129807,171552.51974815383,1.7313902888011508,0.6129982166307026,196159.42932182483,1.946632641570838,0.6586563952432197,210770.0464778303,2.1236329078674316,0.6962024900012541,222784.79680040132
NBO-0080,-1.204947,36.819248,concrete_rcc,802,66600,53415000.0,True,"generated for hackathon starter kit, not a real portfolio",0.0685459449887275,0.0,0.0,0.0,0.0,534130000.0,0.0,,0.0685459449887275,0.0,0.0,0.0,0.0,0.0,0.0,0.0,0.0,0.0,0.0,0.0,0.0,0.27418377995491,0.0723598413679003,3865100.926666395
NBO-0081,-1.223301,36.827346,informal_iron_sheet,19,8800,165000.0,True,"generated for hackathon starter kit, not a real portfolio",0.0,0.0,0.0,0.0,0.0,1670000.0,0.0,,0.0,0.0,0.0,0.0,0.0,0.0,0.0,0.0,0.0,0.0,0.0,0.0,0.0,0.0,0.0,0.0
NBO-0082,-1.245203,36.83545,informal_iron_sheet,17,6400,110000.0,True,"generated for hackathon starter kit, not a real portfolio",0.0,0.0,0.0,0.0,0.0,1090000.0,0.0,,0.0,0.0,0.0,0.0,0.0,0.0,0.0,0.0,0.0,0.0,0.0,0.0,0.0,0.0,0.0,0.0
NBO-0083,-1.334989,36.72296,semi_permanent,27,12500,340000.0,True,"generated for hackathon starter kit, not a real portfolio",0.09688714651158419,0.0,0.0,0.0,0.0,3375000.0,0.09688714651158419,Langata Road,0.0,0.0,0.0,0.0,0.0,0.0,0.0,0.0,0.0,0.0,0.04678111845736129,0.024074709695560328,8185.401296490511,0.38754858604633674,0.19901903606783888,67666.47226306522
NBO-0084,-1.286346,36.920269,permanent_masonry,150,44600,6690000.0,True,"generated for hackathon starter kit, not a real portfolio",0.1738139007950673,0.0924792811274528,0.0,0.0,0.0,66900000.0,0.0030795697832951977,Kayole,0.1707343310117721,0.0,0.0,0.0,0.0,0.0,0.0,0.004419783799140674,0.0016524356184442215,11054.794287391842,0.3835145580874034,0.14338554661853276,959249.3068779841,0.6952556031802692,0.23948214924089306,1602135.5784215746
NBO-0085,-1.273428,36.851099,concrete_rcc,712,69000,49130000.0,True,"generated for hackathon starter kit, not a real portfolio",0.1271827093877076,0.0,0.0,0.0,0.0,491280000.0,0.1271827093877076,Eastleigh,0.0,0.0,0.0,0.0,0.0,0.0,0.0,0.0,0.0,0.0,0.17939465698274282,0.04734404392431566,2326012.8780016284,0.5087308375508304,0.13425915533803964,6596152.301757888
NBO-0086,-1.232924,36.726327,informal_iron_sheet,14,7200,100000.0,True,"generated for hackathon starter kit, not a real portfolio",0.0,0.0,0.0,0.0,0.0,1010000.0,0.0,,0.0,0.0,0.0,0.0,0.0,0.0,0.0,0.0,0.0,0.0,0.0,0.0,0.0,0.0,0.0,0.0
NBO-0087,-1.210741,36.884764,semi_permanent,37,8400,310000.0,True,"generated for hackathon starter kit, not a real portfolio",0.09419116396772105,0.0,0.0,0.0,0.0,3110000.0,0.09419116396772105,Roysambu,0.0,0.0,0.0,0.0,0.0,0.0,0.0,0.0,0.0,0.0,0.03497992544417182,0.018001526641744203,5580.473258940703,0.3767646558708842,0.19389232264522585,60106.62002002001
NBO-0088,-1.269745,36.728359,permanent_masonry,110,63200,6950000.0,True,"generated for hackathon starter kit, not a real portfolio",0.0,0.0,0.0,0.0,0.0,69520000.0,0.0,,0.0,0.0,0.0,0.0,0.0,0.0,0.0,0.0,0.0,0.0,0.0,0.0,0.0,0.0,0.0,0.0
NBO-0089,-1.212553,36.795312,permanent_masonry,68,47200,3210000.0,True,"generated for hackathon starter kit, not a real portfolio",0.238679438829422,0.166836142539978,0.0795527771115303,0.0,0.0,32095000.0,0.0,,0.238679438829422,0.0,0.0,0.0,0.0,0.0,0.0,0.31812085034178217,0.11893663761940797,381786.6067582996,0.6674521288221581,0.23199986172456893,744719.5561358663,0.954717755317688,0.3093068911739111,992875.1206682546
NBO-0090,-1.272165,36.867382,semi_permanent,38,8100,310000.0,True,"generated for hackathon starter kit, not a real portfolio",0.10165639948692247,0.0,0.0,0.0,0.0,3080000.0,0.025391094206237075,Huruma,0.0762653052806854,0.0,0.0,0.0,0.0,0.0,0.0,0.0,0.0,0.0,0.06765769090357834,0.03481830535240856,10793.674659246653,0.4066255979476899,0.20608567025077756,63886.55777774104
NBO-0091,-1.308021,36.816316,permanent_masonry,88,43000,3785000.0,True,"generated for hackathon starter kit, not a real portfolio",0.09195202209111061,0.0,0.0,0.0,0.0,37840000.0,0.08095060840304702,Nairobi West,0.0110014136880636,0.0,0.0,0.0,0.0,0.0,0.0,0.0,0.0,0.0,0.025178472712237315,0.009413538539105946,35630.24337051601,0.36780808836444245,0.13751332951703502,520487.9522219775
NBO-0092,-1.333203,36.716242,semi_permanent,40,12200,490000.0,True,"generated for hackathon starter kit, not a real portfolio",0.14021172066877824,0.0,0.0,0.0,0.0,4880000.0,0.14021172066877824,Langata Road,0.0,0.0,0.0,0.0,0.0,0.0,0.0,0.0,0.0,0.0,0.2364268797057485,0.121671064755131,59618.821730014184,0.560846882675113,0.26321334873769164,128974.5408814689
NBO-0093,-1.299334,36.855565,informal_iron_sheet,16,6500,105000.0,True,"generated for hackathon starter kit, not a real portfolio",0.0641881194633053,0.0,0.0,0.0,0.0,1040000.0,0.0641881194633053,Jogoo Road,0.0,0.0,0.0,0.0,0.0,0.0,0.0,0.0,0.0,0.0,0.0,0.0,0.0,0.2567524778532212,0.17165751762328382,18024.0393504448
NBO-0094,-1.271576,36.791682,informal_iron_sheet,11,6300,70000.0,True,"generated for hackathon starter kit, not a real portfolio",0.15848394074041017,0.063667207956314,0.0,0.0,0.0,695000.0,0.01407723464566838,Nairobi Expressway,0.1444067060947418,0.0,0.0,0.0,0.0,0.0,0.0,0.0,0.0,0.0,0.3164103337290881,0.2108105514959456,14756.738604716193,0.6339357629616407,0.3634545209777389,25441.816468441724
NBO-0095,-1.224116,36.795335,semi_permanent,49,9600,470000.0,True,"generated for hackathon starter kit, not a real portfolio",0.158087283372879,0.0786387771368026,0.0,0.0,0.0,4705000.0,0.0,,0.158087283372879,0.0,0.0,0.0,0.0,0.0,0.0,0.0,0.0,0.0,0.3146740353376188,0.16193896809860442,76111.31500634407,0.632349133491516,0.2896996901201391,136158.85435646537
NBO-0096,-1.201989,36.740738,informal_iron_sheet,11,9200,100000.0,True,"generated for hackathon starter kit, not a real portfolio",0.0,0.0,0.0,0.0,0.0,1010000.0,0.0,,0.0,0.0,0.0,0.0,0.0,0.0,0.0,0.0,0.0,0.0,0.0,0.0,0.0,0.0,0.0,0.0
NBO-0097,-1.279198,36.745978,semi_permanent,53,10500,555000.0,True,"generated for hackathon starter kit, not a real portfolio",0.0,0.0,0.0,0.0,0.0,5565000.0,0.0,,0.0,0.0,0.0,0.0,0.0,0.0,0.0,0.0,0.0,0.0,0.0,0.0,0.0,0.0,0.0,0.0
NBO-0098,-1.29751,36.948272,semi_permanent,44,12600,555000.0,True,"generated for hackathon starter kit, not a real portfolio",0.0561462230980396,0.0,0.0,0.0,0.0,5545000.0,0.0,,0.0561462230980396,0.0,0.0,0.0,0.0,0.0,0.0,0.0,0.0,0.0,0.0,0.0,0.0,0.2245848923921584,0.11557688795486833,64145.17281495192
NBO-0099,-1.260843,36.851111,concrete_rcc,959,56700,54375000.0,True,"generated for hackathon starter kit, not a real portfolio",0.1838640718604306,0.0879750251770019,0.0,0.0,0.0,543755000.0,0.01724559058201112,Eastleigh,0.1666184812784195,0.0,0.0,0.0,0.0,0.0,0.0,0.05302416568942381,0.013993607567095837,760902.4114608362,0.42750742771035505,0.1128234852470398,6134777.01030779,0.7354562874417224,0.18900744145751947,10277279.62925262
NBO-0100,-1.286345,36.846856,semi_permanent,55,14300,785000.0,True,"generated for hackathon starter kit, not a real portfolio",0.19160361355546945,0.0865479037165641,0.0,0.0,0.0,7865000.0,0.02628919249776834,Eastleigh,0.1653144210577011,0.0,0.0,0.0,0.0,0.0,0.0,0.09045394054150384,0.04654981392420115,36541.6039304979,0.4613859205754846,0.22637035475752046,177700.72848465355,0.7664144542218778,0.33936106178142217,266398.4334984164
NBO-0101,-1.30844,36.895244,informal_iron_sheet,19,6500,125000.0,True,"generated for hackathon starter kit, not a real portfolio",0.26068875644309963,0.0777468010783195,0.0,0.0,0.0,1235000.0,0.10341652188404055,Kware Road,0.1572722345590591,0.0,0.0,0.0,0.0,0.0,0.0,0.4245617528381073,0.2628571327772453,32857.14159715566,0.7637940750409264,0.4236023562986123,52950.29453732654,1.0427550257723985,0.5376723130399103,67209.03912998879
NBO-0102,-1.222723,36.795885,semi_permanent,25,8600,215000.0,True,"generated for hackathon starter kit, not a real portfolio",0.0230146870017051,0.0,0.0,0.0,0.0,2150000.0,0.0,,0.0230146870017051,0.0,0.0,0.0,0.0,0.0,0.0,0.0,0.0,0.0,0.0,0.0,0.0,0.0920587480068204,0.04737568716363595,10185.77274018173
NBO-0103,-1.306432,36.73854,semi_permanent,34,8600,290000.0,True,"generated for hackathon starter kit, not a real portfolio",0.0,0.0,0.0,0.0,0.0,2925000.0,0.0,,0.0,0.0,0.0,0.0,0.0,0.0,0.0,0.0,0.0,0.0,0.0,0.0,0.0,0.0,0.0,0.0
NBO-0104,-1.226248,36.851791,permanent_masonry,99,36400,3605000.0,True,"generated for hackathon starter kit, not a real portfolio",0.0,0.0,0.0,0.0,0.0,36035000.0,0.0,,0.0,0.0,0.0,0.0,0.0,0.0,0.0,0.0,0.0,0.0,0.0,0.0,0.0,0.0,0.0,0.0
NBO-0105,-1.23934,36.801209,permanent_masonry,116,37800,4385000.0,True,"generated for hackathon starter kit, not a real portfolio",0.01013056890038399,0.0,0.0,0.0,0.0,43850000.0,0.01013056890038399,Westlands,0.0,0.0,0.0,0.0,0.0,0.0,0.0,0.0,0.0,0.0,0.0,0.0,0.0,0.04052227560153596,0.015150164484835256,66433.4712660026
NBO-0106,-1.296068,36.800864,semi_permanent,34,10100,345000.0,True,"generated for hackathon starter kit, not a real portfolio",0.027991032979029332,0.0,0.0,0.0,0.0,3435000.0,0.002447648725050631,Kilimani,0.0255433842539787,0.0,0.0,0.0,0.0,0.0,0.0,0.0,0.0,0.0,0.0,0.0,0.0,0.11196413191611733,0.05761948540526594,19878.722464816747
NBO-0107,-1.213736,36.721958,permanent_masonry,104,53100,5520000.0,True,"generated for hackathon starter kit, not a real portfolio",0.0,0.0,0.0,0.0,0.0,55225000.0,0.0,,0.0,0.0,0.0,0.0,0.0,0.0,0.0,0.0,0.0,0.0,0.0,0.0,0.0,0.0,0.0,0.0
NBO-0108,-1.295765,36.805226,semi_permanent,34,13300,450000.0,True,"generated for hackathon starter kit, not a real portfolio",0.003988930981155819,0.0,0.0,0.0,0.0,4520000.0,0.003988930981155819,Uhuru Highway,0.0,0.0,0.0,0.0,0.0,0.0,0.0,0.0,0.0,0.0,0.0,0.0,0.0,0.015955723924623275,0.008211206446847292,3695.0429010812813
NBO-0109,-1.207673,36.712984,informal_iron_sheet,11,9900,110000.0,True,"generated for hackathon starter kit, not a real portfolio",0.0,0.0,0.0,0.0,0.0,1090000.0,0.0,,0.0,0.0,0.0,0.0,0.0,0.0,0.0,0.0,0.0,0.0,0.0,0.0,0.0,0.0,0.0,0.0
NBO-0110,-1.238154,36.925489,semi_permanent,49,15200,745000.0,True,"generated for hackathon starter kit, not a real portfolio",0.2431769371032714,0.1717580556869506,0.0849903151392936,0.0,0.0,7450000.0,0.0,,0.2431769371032714,0.0,0.0,0.0,0.0,0.0,0.0,0.3398715371939132,0.17490621989264904,130305.13382002353,0.6871391424962635,0.3099953712529378,230946.55158343868,0.9727077484130856,0.4129493532350921,307647.2681601436
NBO-0111,-1.334044,36.793712,informal_iron_sheet,21,5200,110000.0,True,"generated for hackathon starter kit, not a real portfolio",0.015566772390803632,0.0,0.0,0.0,0.0,1090000.0,0.015566772390803632,Lang’ata Road,0.0,0.0,0.0,0.0,0.0,0.0,0.0,0.0,0.0,0.0,0.0,0.0,0.0,0.06226708956321453,0.04163003260345747,4579.303586380322
NBO-0112,-1.271695,36.878829,permanent_masonry,66,41200,2720000.0,True,"generated for hackathon starter kit, not a real portfolio",0.165257733443959,0.0652093291282653,0.0,0.0,0.0,27190000.0,0.019441884139759807,Huruma,0.1458158493041992,0.0,0.0,0.0,0.0,0.0,0.0,0.0,0.0,0.0,0.3460614289514511,0.12938285159565138,351921.35634017177,0.661030933775836,0.23027183209359003,626339.3832945649
NBO-0113,-1.317103,36.847082,permanent_masonry,170,45900,7805000.0,True,"generated for hackathon starter kit, not a real portfolio",0.17503494321584329,0.0127464728429913,0.0,0.0,0.0,78030000.0,0.0771580964255296,South B,0.0978768467903137,0.0,0.0,0.0,0.0,0.0,0.0,0.010324958122806375,0.0038602179057689264,30129.00075452647,0.38885945815646,0.14538385776960108,1134721.0098917366,0.7001397728633731,0.2407965447504901,1879417.0317775751
NBO-0114,-1.268416,36.810036,permanent_masonry,133,54800,7290000.0,True,"generated for hackathon starter kit, not a real portfolio",0.11814477961661825,0.0,0.0,0.0,0.0,72885000.0,0.11814477961661825,Nairobi Expressway,0.0,0.0,0.0,0.0,0.0,0.0,0.0,0.0,0.0,0.0,0.1398326969429558,0.05227959998780524,381118.28391110024,0.472579118466473,0.17668433646885642,1288028.8128579634
NBO-0115,-1.340624,36.784613,semi_permanent,71,8200,580000.0,True,"generated for hackathon starter kit, not a real portfolio",0.010486653103158244,0.0,0.0,0.0,0.0,5820000.0,0.010486653103158244,Lang’ata Road,0.0,0.0,0.0,0.0,0.0,0.0,0.0,0.0,0.0,0.0,0.0,0.0,0.0,0.04194661241263298,0.021586754439545042,12520.317574936125
NBO-0116,-1.335686,36.707985,informal_iron_sheet,10,9700,95000.0,True,"generated for hackathon starter kit, not a real portfolio",0.05523166853173371,0.0,0.0,0.0,0.0,970000.0,0.05523166853173371,Langata Road,0.0,0.0,0.0,0.0,0.0,0.0,0.0,0.0,0.0,0.0,0.0,0.0,0.0,0.22092667412693484,0.14770538837439312,14032.011895567346
NBO-0117,-1.258956,36.863648,informal_iron_sheet,15,9800,145000.0,True,"generated for hackathon starter kit, not a real portfolio",0.29515268088995594,0.0990768522024154,0.0046949204988777,0.0,0.0,1470000.0,0.11838968278586053,Mathare,0.1767629981040954,0.0,0.0,0.0,0.08146035241115172,0.05446211073222853,7897.006056173137,0.5912353083784595,0.34306679463225775,49744.68522167738,0.9146538887719674,0.49347767723526637,71554.26319911363,1.1806107235598238,0.5816959676770775,84345.91531317624
NBO-0118,-1.228914,36.724864,semi_permanent,42,15900,670000.0,True,"generated for hackathon starter kit, not a real portfolio",0.0,0.0,0.0,0.0,0.0,6680000.0,0.0,,0.0,0.0,0.0,0.0,0.0,0.0,0.0,0.0,0.0,0.0,0.0,0.0,0.0,0.0,0.0,0.0
NBO-0119,-1.321806,36.758701,semi_permanent,24,13400,320000.0,True,"generated for hackathon starter kit, not a real portfolio",0.0631742551922798,0.0,0.0,0.0,0.0,3215000.0,0.0,,0.0631742551922798,0.0,0.0,0.0,0.0,0.0,0.0,0.0,0.0,0.0,0.0,0.0,0.0,0.2526970207691192,0.1300440779647976,41614.104948735236
NBO-0120,-1.255807,36.939727,informal_iron_sheet,14,8800,125000.0,True,"generated for hackathon starter kit, not a real portfolio",0.1707080602645874,0.0924505367875099,0.0,0.0,0.0,1230000.0,0.0,,0.1707080602645874,0.0,0.0,0.0,0.0,0.0,0.0,0.0,0.0,0.0,0.36991928327681073,0.23656109563910852,29570.136954888563,0.6828322410583496,0.3861024151728821,48262.80189661026
NBO-0121,-1.229133,36.79396,permanent_masonry,63,60600,3820000.0,True,"generated for hackathon starter kit, not a real portfolio",0.004009232801312036,0.0,0.0,0.0,0.0,38180000.0,0.004009232801312036,Westlands,0.0,0.0,0.0,0.0,0.0,0.0,0.0,0.0,0.0,0.0,0.0,0.0,0.0,0.016036931205248146,0.005995767562034137,22903.832086970404
NBO-0122,-1.207446,36.790624,semi_permanent,39,9600,375000.0,True,"generated for hackathon starter kit, not a real portfolio",0.0,0.0,0.0,0.0,0.0,3745000.0,0.0,,0.0,0.0,0.0,0.0,0.0,0.0,0.0,0.0,0.0,0.0,0.0,0.0,0.0,0.0,0.0,0.0
NBO-0123,-1.275351,36.872473,informal_iron_sheet,10,7200,70000.0,True,"generated for hackathon starter kit, not a real portfolio",0.5636738764589497,0.5109553337097168,0.4597223401069641,0.3789241909980774,0.2859524190425873,720000.0,0.0105484949892232,Huruma,0.5531253814697266,1.211082623579097,0.5914270446228804,41399.89312360163,1.5742814535591365,0.6932208145694408,48525.457019860856,1.889850690165396,0.778045455877701,54463.181911439075,2.0900585531142473,0.8043672641184576,56305.70848829203,2.254695505835799,0.8260124794214465,57820.873559501255
NBO-0124,-1.181446,36.767437,informal_iron_sheet,15,6200,95000.0,True,"generated for hackathon starter kit, not a real portfolio",0.0,0.0,0.0,0.0,0.0,930000.0,0.0,,0.0,0.0,0.0,0.0,0.0,0.0,0.0,0.0,0.0,0.0,0.0,0.0,0.0,0.0,0.0,0.0
NBO-0125,-1.183533,36.792047,informal_iron_sheet,12,7500,90000.0,True,"generated for hackathon starter kit, not a real portfolio",0.0,0.0,0.0,0.0,0.0,900000.0,0.0,,0.0,0.0,0.0,0.0,0.0,0.0,0.0,0.0,0.0,0.0,0.0,0.0,0.0,0.0,0.0,0.0
NBO-0126,-1.210898,36.776869,informal_iron_sheet,14,6600,90000.0,True,"generated for hackathon starter kit, not a real portfolio",0.2796441912651062,0.2116666138172149,0.1290797442197799,0.0,0.0,925000.0,0.0,,0.2796441912651062,0.0,0.0,0.0,0.0,0.0,0.0,0.5162335449890277,0.3069730900221133,27627.5781019902,0.84676818238173,0.46203434316429726,41583.090884786754,1.1185767650604248,0.5618856761288452,50569.71085159607
NBO-0127,-1.290697,36.873831,semi_permanent,37,8600,320000.0,True,"generated for hackathon starter kit, not a real portfolio",0.14352351791401172,0.0,0.0,0.0,0.0,3180000.0,0.10900749257941511,Makadara,0.0345160253345966,0.0,0.0,0.0,0.0,0.0,0.0,0.0,0.0,0.0,0.2509236940862846,0.1291314806073072,41322.07379433831,0.5740940716560469,0.26812046097123154,85798.54751079409
NBO-0128,-1.321205,36.719321,informal_iron_sheet,16,5700,90000.0,True,"generated for hackathon starter kit, not a real portfolio",0.021987151636735605,0.0,0.0,0.0,0.0,910000.0,0.021987151636735605,Langata Road,0.0,0.0,0.0,0.0,0.0,0.0,0.0,0.0,0.0,0.0,0.0,0.0,0.0,0.08794860654694242,0.058799975776302395,5291.997819867215
NBO-0129,-1.316017,36.795227,informal_iron_sheet,16,9700,155000.0,True,"generated for hackathon starter kit, not a real portfolio",0.01752411141073032,0.0,0.0,0.0,0.0,1550000.0,0.01752411141073032,Mbagathi Way,0.0,0.0,0.0,0.0,0.0,0.0,0.0,0.0,0.0,0.0,0.0,0.0,0.0,0.07009644564292128,0.04686452085637917,7264.000732738771
NBO-0130,-1.194198,36.949316,concrete_rcc,1609,59600,95895000.0,True,"generated for hackathon starter kit, not a real portfolio",0.2919898331165313,0.2251772433519363,0.1440057605504989,0.0159923862665891,0.0,958965000.0,0.0,,0.2919898331165313,0.0,0.0,0.0,0.06387676506758187,0.01685771706898553,1616570.7783303675,0.5759392243575449,0.15199612070019966,14575667.994545646,0.900809074705762,0.22041825377288582,21137008.445550885,1.1679593324661253,0.27116675789766304,26003536.248596396
NBO-0131,-1.340893,36.860238,permanent_masonry,207,40300,8340000.0,True,"generated for hackathon starter kit, not a real portfolio",0.15486948929973787,0.0369950607419014,0.0,0.0,0.0,83420000.0,0.03483500324436377,Mombasa Road,0.1200344860553741,0.0,0.0,0.0,0.0,0.0,0.0,0.0,0.0,0.0,0.30058870343505306,0.11238185002502188,937264.6292086825,0.6194779571989515,0.2190893692868643,1827205.339852448
NBO-0132,-1.27855,36.818788,semi_permanent,48,11800,565000.0,True,"generated for hackathon starter kit, not a real portfolio",0.07579366008828116,0.0,0.0,0.0,0.0,5665000.0,0.06283645874897675,Central Business District,0.0129572013393044,0.0,0.0,0.0,0.0,0.0,0.0,0.0,0.0,0.0,0.0,0.0,0.0,0.30317464035312464,0.1560210977044066,88151.92020298974
NBO-0133,-1.207541,36.772299,permanent_masonry,53,48900,2590000.0,True,"generated for hackathon starter kit, not a real portfolio",0.0,0.0,0.0,0.0,0.0,25915000.0,0.0,,0.0,0.0,0.0,0.0,0.0,0.0,0.0,0.0,0.0,0.0,0.0,0.0,0.0,0.0,0.0,0.0
NBO-0134,-1.313321,36.705669,permanent_masonry,85,63100,5365000.0,True,"generated for hackathon starter kit, not a real portfolio",0.0,0.0,0.0,0.0,0.0,53635000.0,0.0,,0.0,0.0,0.0,0.0,0.0,0.0,0.0,0.0,0.0,0.0,0.0,0.0,0.0,0.0,0.0,0.0
NBO-0135,-1.328732,36.927373,semi_permanent,40,11900,475000.0,True,"generated for hackathon starter kit, not a real portfolio",0.1276225000619888,0.0452991276979446,0.0,0.0,0.0,4760000.0,0.0,,0.1276225000619888,0.0,0.0,0.0,0.0,0.0,0.0,0.0,0.0,0.0,0.18131976389577065,0.09331159283497903,44323.006596615036,0.5104900002479552,0.24455981596504928,116165.9125833984
NBO-0136,-1.308288,36.930201,informal_iron_sheet,19,8000,150000.0,True,"generated for hackathon starter kit, not a real portfolio",0.0894166082143783,0.0034878726582974,0.0,0.0,0.0,1520000.0,0.0,,0.0894166082143783,0.0,0.0,0.0,0.0,0.0,0.0,0.0,0.0,0.0,0.014080141012818135,0.009413588037221848,1412.0382055832772,0.3576664328575132,0.23066455742879857,34599.68361431979
NBO-0137,-1.229656,36.944629,semi_permanent,34,9700,330000.0,True,"generated for hackathon starter kit, not a real portfolio",0.290000319480896,0.2230000048875808,0.1416004300117492,0.0132273351773619,0.0,3300000.0,0.0,,0.290000319480896,0.0,0.0,0.0,0.05281623060956758,0.027180526269333413,8969.573668880026,0.5663175890745786,0.26523984434650044,87529.14863434514,0.892100326027122,0.3842106243054978,126789.50602081427,1.160001277923584,0.47904310532936095,158084.22475868912
NBO-0138,-1.243781,36.81987,semi_permanent,34,12100,410000.0,True,"generated for hackathon starter kit, not a real portfolio",0.0,0.0,0.0,0.0,0.0,4115000.0,0.0,,0.0,0.0,0.0,0.0,0.0,0.0,0.0,0.0,0.0,0.0,0.0,0.0,0.0,0.0,0.0,0.0
NBO-0139,-1.33467,36.848323,permanent_masonry,120,56400,6770000.0,True,"generated for hackathon starter kit, not a real portfolio",0.06430729428163694,0.0,0.0,0.0,0.0,67680000.0,0.06430729428163694,Mombasa Road,0.0,0.0,0.0,0.0,0.0,0.0,0.0,0.0,0.0,0.0,0.0,0.0,0.0,0.25722917712654775,0.09617091552524523,651077.0981059102
NBO-0140,-1.324226,36.772249,permanent_masonry,100,49900,4990000.0,True,"generated for hackathon starter kit, not a real portfolio",0.04080120108550859,0.0,0.0,0.0,0.0,49900000.0,0.04080120108550859,Lang’ata Road,0.0,0.0,0.0,0.0,0.0,0.0,0.0,0.0,0.0,0.0,0.0,0.0,0.0,0.16320480434203435,0.06101778821136723,304478.7631747225
NBO-0141,-1.249756,36.907099,permanent_masonry,128,36200,4635000.0,True,"generated for hackathon starter kit, not a real portfolio",0.4836943390372185,0.3480801582336426,0.2797841429710388,0.17207632958889,0.0481405183672905,46335000.0,0.07939946079281843,Embakasi North,0.4042948782444,0.6998679388764365,0.24072339058203,1115752.915347709,1.1296419126461068,0.35507220186079635,1645759.655624791,1.5030556838941773,0.4515463389189164,2092917.2808891775,1.7399620881471591,0.4938534636406607,2289010.803974462,1.934777356148874,0.5286438859048357,2450264.4111689134
NBO-0142,-1.257697,36.845664,semi_permanent,33,14800,490000.0,True,"generated for hackathon starter kit, not a real portfolio",0.005667238801728001,0.0,0.0,0.0,0.0,4885000.0,0.005667238801728001,Eastleigh,0.0,0.0,0.0,0.0,0.0,0.0,0.0,0.0,0.0,0.0,0.0,0.0,0.0,0.022668955206912002,0.011665999738879487,5716.3398720509485
NBO-0143,-1.227186,36.774168,informal_iron_sheet,18,6100,110000.0,True,"generated for hackathon starter kit, not a real portfolio",0.0,0.0,0.0,0.0,0.0,1100000.0,0.0,,0.0,0.0,0.0,0.0,0.0,0.0,0.0,0.0,0.0,0.0,0.0,0.0,0.0,0.0,0.0,0.0
NBO-0144,-1.310914,36.773765,concrete_rcc,1073,70900,76075000.0,True,"generated for hackathon starter kit, not a real portfolio",0.09817334734419844,0.0,0.0,0.0,0.0,760755000.0,0.09817334734419844,Kibra,0.0,0.0,0.0,0.0,0.0,0.0,0.0,0.0,0.0,0.0,0.052411238101109404,0.013831849847263784,1052257.9771305923,0.39269338937679377,0.10363571239042964,7884086.8201019345
NBO-0145,-1.25898,36.789057,semi_permanent,32,10700,340000.0,True,"generated for hackathon starter kit, not a real portfolio",0.10426512432796861,0.0,0.0,0.0,0.0,3425000.0,0.10426512432796861,Expressway,0.0,0.0,0.0,0.0,0.0,0.0,0.0,0.0,0.0,0.0,0.07907692855315655,0.040694924818203915,13836.274438189332,0.41706049731187445,0.20995103537838658,71383.35202865144
NBO-0146,-1.209838,36.867674,concrete_rcc,319,83500,26635000.0,True,"generated for hackathon starter kit, not a real portfolio",0.0,0.0,0.0,0.0,0.0,266365000.0,0.0,,0.0,0.0,0.0,0.0,0.0,0.0,0.0,0.0,0.0,0.0,0.0,0.0,0.0,0.0,0.0,0.0
NBO-0147,-1.186506,36.892392,informal_iron_sheet,24,9200,220000.0,True,"generated for hackathon starter kit, not a real portfolio",0.19809455081080635,0.0976249650120735,0.0030909371562302,0.0,0.0,2210000.0,0.022658247791282754,Kahawa West,0.1754363030195236,0.0,0.0,0.0,0.0,0.0,0.0,0.12184524633445218,0.08146232003231738,17921.710407109822,0.4897988654445452,0.29425171559271124,64735.377430396475,0.7923782032432254,0.43684196651973467,96105.23263434162
NBO-0148,-1.221177,36.725933,informal_iron_sheet,12,7700,90000.0,True,"generated for hackathon starter kit, not a real portfolio",0.0,0.0,0.0,0.0,0.0,925000.0,0.0,,0.0,0.0,0.0,0.0,0.0,0.0,0.0,0.0,0.0,0.0,0.0,0.0,0.0,0.0,0.0,0.0
NBO-0149,-1.201048,36.932221,permanent_masonry,88,49400,4345000.0,True,"generated for hackathon starter kit, not a real portfolio",0.6989508693229863,0.6529446244239807,0.6165866255760193,0.5592474341392517,0.4932691156864166,43470000.0,0.016079825640887956,Githurai,0.6828710436820984,2.0757486054521337,0.551964882002145,2398287.41229932,2.3263425674662197,0.5905833035329288,2566084.4538505753,2.544073845111771,0.6241373372892545,2711876.7305218107,2.682209977338527,0.6454251581931959,2804372.3123494363,2.7958034772919453,0.6629307741669422,2880434.213755364
NBO-0150,-1.315498,36.888282,informal_iron_sheet,12,5300,65000.0,True,"generated for hackathon starter kit, not a real portfolio",0.1953112300202972,0.0,0.0,0.0,0.0,635000.0,0.1472145843968517,Mukuru kwa Ruben,0.0480966456234455,0.0,0.0,0.0,0.0,0.0,0.0,0.1083846210629777,0.07246292287331713,4710.0899867656135,0.4776153645011916,0.2883885509910536,18745.255814418484,0.7812449200811888,0.43168524708076667,28059.541060249834
NBO-0151,-1.26734,36.901219,concrete_rcc,1455,76200,110870000.0,True,"generated for hackathon starter kit, not a real portfolio",0.02057069145953444,0.0,0.0,0.0,0.0,1108710000.0,0.007652706251201942,Embakasi North,0.0129179852083325,0.0,0.0,0.0,0.0,0.0,0.0,0.0,0.0,0.0,0.0,0.0,0.0,0.08228276583813776,0.021715244732342938,2407569.1834748616
NBO-0152,-1.184332,36.749384,informal_iron_sheet,15,7400,110000.0,True,"generated for hackathon starter kit, not a real portfolio",0.0,0.0,0.0,0.0,0.0,1110000.0,0.0,,0.0,0.0,0.0,0.0,0.0,0.0,0.0,0.0,0.0,0.0,0.0,0.0,0.0,0.0,0.0,0.0
NBO-0153,-1.245369,36.735718,permanent_masonry,103,63100,6500000.0,True,"generated for hackathon starter kit, not a real portfolio",0.0,0.0,0.0,0.0,0.0,64995000.0,0.0,,0.0,0.0,0.0,0.0,0.0,0.0,0.0,0.0,0.0,0.0,0.0,0.0,0.0,0.0,0.0,0.0
NBO-0154,-1.324387,36.883553,permanent_masonry,89,45500,4050000.0,True,"generated for hackathon starter kit, not a real portfolio",0.11133561376904717,0.0,0.0,0.0,0.0,40495000.0,0.11133561376904717,Mukuru kwa Ruben,0.0,0.0,0.0,0.0,0.0,0.0,0.0,0.0,0.0,0.0,0.11002676195687099,0.041135980559720245,166600.72126686698,0.4453424550761887,0.16650129703547234,674330.252993663
NBO-0155,-1.284631,36.934741,permanent_masonry,116,62900,7295000.0,True,"generated for hackathon starter kit, not a real portfolio",0.1744741797447204,0.0965720415115356,0.0019277043174952,0.0,0.0,72965000.0,0.0,,0.1744741797447204,0.0,0.0,0.0,0.0,0.0,0.0,0.00761300807505939,0.002846294361542642,20763.717367453573,0.3864048139405577,0.14446613379999118,1053880.4460709356,0.6978967189788816,0.24019290889325134,1752207.2703762685
NBO-0156,-1.31803,36.786682,semi_permanent,27,15300,415000.0,True,"generated for hackathon starter kit, not a real portfolio",0.08972102801444833,0.0,0.0,0.0,0.0,4130000.0,0.06045174996497942,Lang’ata Road,0.0292692780494689,0.0,0.0,0.0,0.0,0.0,0.0,0.0,0.0,0.0,0.01541268555241115,0.007931745596066813,3291.6744223677274,0.3588841120577933,0.18469055672568588,76646.58104115965
NBO-0157,-1.209491,36.725,permanent_masonry,84,43400,3645000.0,True,"generated for hackathon starter kit, not a real portfolio",0.0,0.0,0.0,0.0,0.0,36455000.0,0.0,,0.0,0.0,0.0,0.0,0.0,0.0,0.0,0.0,0.0,0.0,0.0,0.0,0.0,0.0,0.0,0.0
NBO-0158,-1.323821,36.781637,concrete_rcc,588,64100,37690000.0,True,"generated for hackathon starter kit, not a real portfolio",0.129427995358641,0.0,0.0,0.0,0.0,376910000.0,0.129427995358641,Lang’ata Road,0.0,0.0,0.0,0.0,0.0,0.0,0.0,0.0,0.0,0.0,0.18922300441514991,0.04993784309520222,1882157.3062581716,0.517711981434564,0.13662936902039577,5149560.918378716
NBO-0159,-1.2755,36.909436,concrete_rcc,617,84800,52320000.0,True,"generated for hackathon starter kit, not a real portfolio",0.0826039651613219,0.0,0.0,0.0,0.0,523215000.0,0.031067598817823693,Kayole,0.0515363663434982,0.0,0.0,0.0,0.0,0.0,0.0,0.0,0.0,0.0,0.0,0.0,0.0,0.3304158606452876,0.08720004978289786,4562306.604641216
NBO-0160,-1.267116,36.905938,semi_permanent,41,14400,590000.0,True,"generated for hackathon starter kit, not a real portfolio",0.10310886899085954,0.0,0.0,0.0,0.0,5905000.0,0.02934803912492714,Kayole,0.0737608298659324,0.0,0.0,0.0,0.0,0.0,0.0,0.0,0.0,0.0,0.0740156226345351,0.03809025279048631,22473.249146386926,0.41243547596343816,0.20823780407535622,122860.30440446017
NBO-0161,-1.264529,36.758589,informal_iron_sheet,18,6900,125000.0,True,"generated for hackathon starter kit, not a real portfolio",0.0,0.0,0.0,0.0,0.0,1240000.0,0.0,,0.0,0.0,0.0,0.0,0.0,0.0,0.0,0.0,0.0,0.0,0.0,0.0,0.0,0.0,0.0,0.0
NBO-0162,-1.207852,36.738724,permanent_masonry,85,39100,3325000.0,True,"generated for hackathon starter kit, not a real portfolio",0.0,0.0,0.0,0.0,0.0,33235000.0,0.0,,0.0,0.0,0.0,0.0,0.0,0.0,0.0,0.0,0.0,0.0,0.0,0.0,0.0,0.0,0.0,0.0
NBO-0163,-1.342246,36.823872,informal_iron_sheet,11,8200,90000.0,True,"generated for hackathon starter kit, not a real portfolio",0.0,0.0,0.0,0.0,0.0,900000.0,0.0,,0.0,0.0,0.0,0.0,0.0,0.0,0.0,0.0,0.0,0.0,0.0,0.0,0.0,0.0,0.0,0.0
NBO-0164,-1.318571,36.780133,semi_permanent,43,9300,400000.0,True,"generated for hackathon starter kit, not a real portfolio",0.07410844983556894,0.0,0.0,0.0,0.0,4000000.0,0.07410844983556894,Lang’ata Road,0.0,0.0,0.0,0.0,0.0,0.0,0.0,0.0,0.0,0.0,0.0,0.0,0.0,0.29643379934227576,0.15255209576961898,61020.83830784759
NBO-0165,-1.315888,36.912665,informal_iron_sheet,15,8800,130000.0,True,"generated for hackathon starter kit, not a real portfolio",0.0589286339531205,0.0,0.0,0.0,0.0,1320000.0,0.0032027092824243003,Pipeline,0.0557259246706962,0.0,0.0,0.0,0.0,0.0,0.0,0.0,0.0,0.0,0.0,0.0,0.0,0.235714535812482,0.15759213863722274,20486.978022838957
NBO-0166,-1.273681,36.816244,informal_iron_sheet,10,6300,65000.0,True,"generated for hackathon starter kit, not a real portfolio",0.035967032347763224,0.0,0.0,0.0,0.0,630000.0,0.035967032347763224,Nairobi Expressway,0.0,0.0,0.0,0.0,0.0,0.0,0.0,0.0,0.0,0.0,0.0,0.0,0.0,0.1438681293910529,0.09618620300323502,6252.103195210277
NBO-0167,-1.194379,36.756692,informal_iron_sheet,14,8900,125000.0,True,"generated for hackathon starter kit, not a real portfolio",0.0631651803851127,0.0,0.0,0.0,0.0,1245000.0,0.0,,0.0631651803851127,0.0,0.0,0.0,0.0,0.0,0.0,0.0,0.0,0.0,0.0,0.0,0.0,0.2526607215404508,0.16892188392174226,21115.235490217783
NBO-0168,-1.226041,36.807618,permanent_masonry,92,61800,5685000.0,True,"generated for hackathon starter kit, not a real portfolio",0.0,0.0,0.0,0.0,0.0,56855000.0,0.0,,0.0,0.0,0.0,0.0,0.0,0.0,0.0,0.0,0.0,0.0,0.0,0.0,0.0,0.0,0.0,0.0
NBO-0169,-1.274509,36.755653,semi_permanent,45,8300,375000.0,True,"generated for hackathon starter kit, not a real portfolio",0.0016608518513610549,0.0,0.0,0.0,0.0,3735000.0,0.0016608518513610549,Dagoretti North,0.0,0.0,0.0,0.0,0.0,0.0,0.0,0.0,0.0,0.0,0.0,0.0,0.0,0.0066434074054442195,0.0034188602143230295,1282.0725803711362
NBO-0170,-1.292702,36.875973,informal_iron_sheet,14,8900,125000.0,True,"generated for hackathon starter kit, not a real portfolio",0.11032730463897229,0.0,0.0,0.0,0.0,1245000.0,0.11032730463897229,Makadara,0.0,0.0,0.0,0.0,0.0,0.0,0.0,0.0,0.0,0.0,0.10561306473614487,0.07060993791677385,8826.242239596731,0.44130921855588917,0.2709166510241365,33864.58137801706
NBO-0171,-1.212602,36.943006,permanent_masonry,217,63100,13695000.0,True,"generated for hackathon starter kit, not a real portfolio",0.2369648814201355,0.1649597883224487,0.0774798542261123,0.0,0.0,136925000.0,0.0,,0.2369648814201355,0.0,0.0,0.0,0.0,0.0,0.0,0.3098289513729199,0.11583652462217199,1586381.2047006455,0.659946953031891,0.2299801183500525,3149577.720803969,0.947859525680542,0.307461249678278,4210681.814344017
NBO-0172,-1.240316,36.852111,permanent_masonry,168,55500,9325000.0,True,"generated for hackathon starter kit, not a real portfolio",0.0,0.0,0.0,0.0,0.0,93240000.0,0.0,,0.0,0.0,0.0,0.0,0.0,0.0,0.0,0.0,0.0,0.0,0.0,0.0,0.0,0.0,0.0,0.0
NBO-0173,-1.230335,36.759392,permanent_masonry,84,63400,5325000.0,True,"generated for hackathon starter kit, not a real portfolio",0.0,0.0,0.0,0.0,0.0,53255000.0,0.0,,0.0,0.0,0.0,0.0,0.0,0.0,0.0,0.0,0.0,0.0,0.0,0.0,0.0,0.0,0.0,0.0
NBO-0174,-1.198222,36.903014,semi_permanent,32,14400,460000.0,True,"generated for hackathon starter kit, not a real portfolio",0.22151154225431163,0.1043211668729782,0.0104886377230286,0.0,0.0,4610000.0,0.03995644991956435,Kahawa West,0.1815550923347473,0.0,0.0,0.0,0.0,0.0,0.0,0.23509390523182996,0.12098508343297791,55653.13837916984,0.5923026581497555,0.2748654072135889,126438.08731825088,0.8860461690172465,0.38205215338490534,175743.99055705644
NBO-0175,-1.341161,36.791211,concrete_rcc,607,75300,45705000.0,True,"generated for hackathon starter kit, not a real portfolio",0.0040369166538198,0.0,0.0,0.0,0.0,457070000.0,0.0040369166538198,Lang’ata Road,0.0,0.0,0.0,0.0,0.0,0.0,0.0,0.0,0.0,0.0,0.0,0.0,0.0,0.0161476666152792,0.0042615306964383344,194773.2604807141
NBO-0176,-1.212321,36.722038,informal_iron_sheet,18,7600,135000.0,True,"generated for hackathon starter kit, not a real portfolio",0.0,0.0,0.0,0.0,0.0,1370000.0,0.0,,0.0,0.0,0.0,0.0,0.0,0.0,0.0,0.0,0.0,0.0,0.0,0.0,0.0,0.0,0.0,0.0
NBO-0177,-1.182082,36.738428,permanent_masonry,182,56100,10210000.0,True,"generated for hackathon starter kit, not a real portfolio",0.0,0.0,0.0,0.0,0.0,102100000.0,0.0,,0.0,0.0,0.0,0.0,0.0,0.0,0.0,0.0,0.0,0.0,0.0,0.0,0.0,0.0,0.0,0.0
NBO-0178,-1.265205,36.79272,permanent_masonry,45,43300,1950000.0,True,"generated for hackathon starter kit, not a real portfolio",0.04054354907715601,0.0,0.0,0.0,0.0,19485000.0,0.04054354907715601,Expressway,0.0,0.0,0.0,0.0,0.0,0.0,0.0,0.0,0.0,0.0,0.0,0.0,0.0,0.16217419630862404,0.060632472209396035,118233.32080832227
NBO-0179,-1.337228,36.908714,semi_permanent,50,9000,450000.0,True,"generated for hackathon starter kit, not a real portfolio",0.17881896879834444,0.0647426545619964,0.0,0.0,0.0,4500000.0,0.033429546024029644,Pipeline/Embakasi,0.1453894227743148,0.0,0.0,0.0,0.0,0.0,0.0,0.02862516647730356,0.014731211985799107,6629.045393609598,0.4054233696578877,0.2056403328167841,92538.14976755284,0.7152758751933778,0.3204179677319773,144188.0854793898
NBO-0180,-1.333631,36.756666,semi_permanent,46,12000,550000.0,True,"generated for hackathon starter kit, not a real portfolio",0.0,0.0,0.0,0.0,0.0,5520000.0,0.0,,0.0,0.0,0.0,0.0,0.0,0.0,0.0,0.0,0.0,0.0,0.0,0.0,0.0,0.0,0.0,0.0
NBO-0181,-1.195501,36.89562,informal_iron_sheet,16,5400,85000.0,True,"generated for hackathon starter kit, not a real portfolio",0.1802753408098569,0.0786302909255027,0.0,0.0,0.0,865000.0,0.022195806040798703,Kahawa West,0.1580795347690582,0.0,0.0,0.0,0.0,0.0,0.0,0.035668435786999936,0.023846917450986122,2026.9879833338205,0.4117983839345893,0.2567149136317846,21820.76765870169,0.7211013632394276,0.4038279255538924,34325.37367208085
NBO-0182,-1.319569,36.720591,informal_iron_sheet,17,8000,135000.0,True,"generated for hackathon starter kit, not a real portfolio",0.01241466432237836,0.0,0.0,0.0,0.0,1360000.0,0.01241466432237836,Langata Road,0.0,0.0,0.0,0.0,0.0,0.0,0.0,0.0,0.0,0.0,0.0,0.0,0.0,0.04965865728951344,0.03320038782136458,4482.052355884218
NBO-0183,-1.218746,36.909908,semi_permanent,36,12600,455000.0,True,"generated for hackathon starter kit, not a real portfolio",0.1990083014851967,0.1145624220371246,0.0218027848750352,0.0,0.0,4535000.0,0.008095041502134004,Githurai,0.1909132599830627,0.0,0.0,0.0,0.0,0.0,0.0,0.12626430412379006,0.0649787043775534,29565.310491786797,0.4937986495302985,0.23837689433399206,108461.48692196638,0.7960332059407867,0.34996009449710735,159231.84299618384
NBO-0184,-1.221434,36.878747,permanent_masonry,87,42500,3700000.0,True,"generated for hackathon starter kit, not a real portfolio",0.09306956422585157,0.0,0.0,0.0,0.0,36975000.0,0.09306956422585157,Roysambu,0.0,0.0,0.0,0.0,0.0,0.0,0.0,0.0,0.0,0.0,0.030070318344721247,0.011242465095336794,41597.120852746135,0.37227825690340627,0.13918460260411877,514983.02963523945
NBO-0185,-1.28124,36.722067,semi_permanent,39,11500,450000.0,True,"generated for hackathon starter kit, not a real portfolio",0.0,0.0,0.0,0.0,0.0,4485000.0,0.0,,0.0,0.0,0.0,0.0,0.0,0.0,0.0,0.0,0.0,0.0,0.0,0.0,0.0,0.0,0.0,0.0
NBO-0186,-1.311268,36.710595,concrete_rcc,1180,84200,99355000.0,True,"generated for hackathon starter kit, not a real portfolio",0.0,0.0,0.0,0.0,0.0,993560000.0,0.0,,0.0,0.0,0.0,0.0,0.0,0.0,0.0,0.0,0.0,0.0,0.0,0.0,0.0,0.0,0.0,0.0
NBO-0187,-1.330025,36.762867,informal_iron_sheet,11,7300,80000.0,True,"generated for hackathon starter kit, not a real portfolio",0.0,0.0,0.0,0.0,0.0,805000.0,0.0,,0.0,0.0,0.0,0.0,0.0,0.0,0.0,0.0,0.0,0.0,0.0,0.0,0.0,0.0,0.0,0.0
NBO-0188,-1.301215,36.744807,semi_permanent,31,11600,360000.0,True,"generated for hackathon starter kit, not a real portfolio",0.0,0.0,0.0,0.0,0.0,3595000.0,0.0,,0.0,0.0,0.0,0.0,0.0,0.0,0.0,0.0,0.0,0.0,0.0,0.0,0.0,0.0,0.0,0.0
NBO-0189,-1.241874,36.861843,informal_iron_sheet,17,5300,90000.0,True,"generated for hackathon starter kit, not a real portfolio",0.0450165251472041,0.0,0.0,0.0,0.0,900000.0,0.017853736711387395,Thika Road,0.0271627884358167,0.0,0.0,0.0,0.0,0.0,0.0,0.0,0.0,0.0,0.0,0.0,0.0,0.1800661005888164,0.12038715300286613,10834.843770257952
NBO-0190,-1.20887,36.81776,concrete_rcc,757,61300,46405000.0,True,"generated for hackathon starter kit, not a real portfolio",0.0,0.0,0.0,0.0,0.0,464040000.0,0.0,,0.0,0.0,0.0,0.0,0.0,0.0,0.0,0.0,0.0,0.0,0.0,0.0,0.0,0.0,0.0,0.0
NBO-0191,-1.267964,36.843265,informal_iron_sheet,18,5800,105000.0,True,"generated for hackathon starter kit, not a real portfolio",0.08677373065256883,0.0,0.0,0.0,0.0,1045000.0,0.06038108079337892,Eastleigh,0.0263926498591899,0.0,0.0,0.0,0.0,0.0,0.0,0.0,0.0,0.0,0.002511405789314191,0.0016790555913733672,176.30083709420356,0.3470949226102753,0.2255771441347175,23685.600134145338
NBO-0192,-1.329844,36.771296,semi_permanent,34,12400,420000.0,True,"generated for hackathon starter kit, not a real portfolio",0.026981617449002165,0.0,0.0,0.0,0.0,4215000.0,0.026981617449002165,Lang’ata Road,0.0,0.0,0.0,0.0,0.0,0.0,0.0,0.0,0.0,0.0,0.0,0.0,0.0,0.10792646979600866,0.05554160555553606,23327.474333325146
NBO-0193,-1.210185,36.944592,permanent_masonry,171,51800,8860000.0,True,"generated for hackathon starter kit, not a real portfolio",0.269862949848175,0.2009623348712921,0.1172540634870529,0.0,0.0,88580000.0,0.0,,0.269862949848175,0.0,0.0,0.0,0.0,0.0,0.0,0.46892975382988755,0.17531993938876464,1553334.6629844548,0.8039525053542351,0.26873394215439644,2380982.7274879524,1.0794517993927,0.3420721896004199,3030759.5998597206
NBO-0194,-1.264517,36.725531,concrete_rcc,692,57200,39580000.0,True,"generated for hackathon starter kit, not a real portfolio",0.0,0.0,0.0,0.0,0.0,395825000.0,0.0,,0.0,0.0,0.0,0.0,0.0,0.0,0.0,0.0,0.0,0.0,0.0,0.0,0.0,0.0,0.0,0.0
NBO-0195,-1.27448,36.865735,concrete_rcc,1836,57500,105570000.0,True,"generated for hackathon starter kit, not a real portfolio",0.04317866161965633,0.0,0.0,0.0,0.0,1055700000.0,0.010080299233429733,Huruma,0.0330983623862266,0.0,0.0,0.0,0.0,0.0,0.0,0.0,0.0,0.0,0.0,0.0,0.0,0.17271464647862533,0.045581122352174014,4811999.086719011
NBO-0196,-1.224155,36.832879,semi_permanent,38,11700,445000.0,True,"generated for hackathon starter kit, not a real portfolio",0.0,0.0,0.0,0.0,0.0,4445000.0,0.0,,0.0,0.0,0.0,0.0,0.0,0.0,0.0,0.0,0.0,0.0,0.0,0.0,0.0,0.0,0.0,0.0
NBO-0197,-1.343618,36.947469,informal_iron_sheet,28,9200,260000.0,True,"generated for hackathon starter kit, not a real portfolio",0.0544748902320861,0.0,0.0,0.0,0.0,2575000.0,0.0,,0.0544748902320861,0.0,0.0,0.0,0.0,0.0,0.0,0.0,0.0,0.0,0.0,0.0,0.0,0.2178995609283444,0.14568154524898508,37877.20176473612
NBO-0198,-1.319233,36.938714,concrete_rcc,1330,77400,102940000.0,True,"generated for hackathon starter kit, not a real portfolio",0.0253351777791976,0.0,0.0,0.0,0.0,1029420000.0,0.0,,0.0253351777791976,0.0,0.0,0.0,0.0,0.0,0.0,0.0,0.0,0.0,0.0,0.0,0.0,0.1013407111167904,0.02674482707083216,2753112.4986714623
NBO-0199,-1.344312,36.819906,permanent_masonry,55,59500,3270000.0,True,"generated for hackathon starter kit, not a real portfolio",0.0267174895852804,0.0,0.0,0.0,0.0,32725000.0,0.0,,0.0267174895852804,0.0,0.0,0.0,0.0,0.0,0.0,0.0,0.0,0.0,0.0,0.0,0.0,0.1068699583411216,0.03995573849989099,130655.26489464352
NBO-0200,-1.306727,36.812002,concrete_rcc,1136,69500,78950000.0,True,"generated for hackathon starter kit, not a real portfolio",0.09291706016748726,0.0,0.0,0.0,0.0,789520000.0,0.058529423237736855,Mbagathi Way,0.0343876369297504,0.0,0.0,0.0,0.0,0.0,0.0,0.0,0.0,0.0,0.02940275844818235,0.007759681982059805,612626.8924836216,0.371668240669949,0.09808696539520627,7743965.9179515345
NBO-0201,-1.270885,36.789166,informal_iron_sheet,12,9800,120000.0,True,"generated for hackathon starter kit, not a real portfolio",0.02249445387730424,0.0,0.0,0.0,0.0,1175000.0,0.02249445387730424,Expressway,0.0,0.0,0.0,0.0,0.0,0.0,0.0,0.0,0.0,0.0,0.0,0.0,0.0,0.08997781550921696,0.060156648070628205,7218.797768475384
NBO-0202,-1.318579,36.742962,permanent_masonry,68,46100,3135000.0,True,"generated for hackathon starter kit, not a real portfolio",0.0,0.0,0.0,0.0,0.0,31350000.0,0.0,,0.0,0.0,0.0,0.0,0.0,0.0,0.0,0.0,0.0,0.0,0.0,0.0,0.0,0.0,0.0,0.0
NBO-0203,-1.344032,36.870461,permanent_masonry,110,64400,7085000.0,True,"generated for hackathon starter kit, not a real portfolio",0.3903466625533455,0.3308708667755127,0.2607719898223877,0.1502209156751632,0.0230134613811969,70840000.0,0.0017771287284249185,Mombasa Road,0.3885695338249206,0.10320653597536282,0.038586085621448836,273382.416627965,0.6106833220477857,0.2167226151195746,1535479.7281221861,1.0516100232298176,0.33486074081088046,2372488.3486450883,1.3313489277887744,0.4073174250707805,2885843.95662648,1.561386650213382,0.46196317621374605,3273009.1034743907
NBO-0204,-1.336469,36.921711,concrete_rcc,812,69400,56355000.0,True,"generated for hackathon starter kit, not a real portfolio",0.0,0.0,0.0,0.0,0.0,563530000.0,0.0,,0.0,0.0,0.0,0.0,0.0,0.0,0.0,0.0,0.0,0.0,0.0,0.0,0.0,0.0,0.0,0.0
NBO-0205,-1.289884,36.819049,semi_permanent,40,8100,325000.0,True,"generated for hackathon starter kit, not a real portfolio",0.31576387982525744,0.1319523602724075,0.0410145111382007,0.0,0.0,3240000.0,0.10896021526017115,Central Business District,0.2068036645650863,0.0,0.0,0.0,0.19604658693680285,0.10089037677905871,32789.37245319408,0.6909146648543463,0.3113939254653082,101203.02577622516,1.004875814511961,0.4244181399105711,137935.89547093562,1.2630555193010298,0.5043751074881909,163921.90993366204
NBO-0206,-1.274787,36.929401,semi_permanent,56,14900,835000.0,True,"generated for hackathon starter kit, not a real portfolio",0.19556901513088146,0.0818118527531623,0.0,0.0,0.0,8345000.0,0.034582263812903545,Kayole,0.1609867513179779,0.0,0.0,0.0,0.0,0.0,0.0,0.10963131486340931,0.05641896059592459,47109.832097597035,0.47874377382745226,0.23280016670957404,194388.13920249432,0.7822760605235258,0.345055299612356,288121.1751763172
NBO-0207,-1.319881,36.761287,permanent_masonry,76,42900,3260000.0,True,"generated for hackathon starter kit, not a real portfolio",0.0,0.0,0.0,0.0,0.0,32605000.0,0.0,,0.0,0.0,0.0,0.0,0.0,0.0,0.0,0.0,0.0,0.0,0.0,0.0,0.0,0.0,0.0,0.0
NBO-0208,-1.266865,36.76677,informal_iron_sheet,20,9900,200000.0,True,"generated for hackathon starter kit, not a real portfolio",0.010703092173887159,0.0,0.0,0.0,0.0,1980000.0,0.010703092173887159,Dagoretti North,0.0,0.0,0.0,0.0,0.0,0.0,0.0,0.0,0.0,0.0,0.0,0.0,0.0,0.042812368695548636,0.028623150963520343,5724.630192704069
NBO-0209,-1.241941,36.938785,permanent_masonry,58,42100,2440000.0,True,"generated for hackathon starter kit, not a real portfolio",0.6831744313240051,0.6532766819000244,0.6169534921646118,0.5596691370010376,0.4937539100646972,24420000.0,0.0,,0.6831744313240051,1.9749084776222763,0.5358105657873503,1307377.7805211348,2.23863478150941,0.5770668715232005,1408043.166516609,2.46777623660503,0.6123792997714215,1494205.4914422685,2.6131513737098055,0.6347827059815525,1548869.8025949881,2.7326977252960205,0.6532057013359427,1593821.9112597
NBO-0210,-1.291279,36.929862,concrete_rcc,483,58700,28350000.0,True,"generated for hackathon starter kit, not a real portfolio",0.1663005650043487,0.087627112865448,0.0,0.0,0.0,283520000.0,0.0,,0.1663005650043487,0.0,0.0,0.0,0.0,0.0,0.0,0.0,0.0,0.0,0.3506262420851333,0.09253377154868754,2623332.423405292,0.6652022600173948,0.17555352844119068,4976942.531307756
NBO-0211,-1.261427,36.828096,semi_permanent,30,9200,275000.0,True,"generated for hackathon starter kit, not a real portfolio",0.0021752948770004553,0.0,0.0,0.0,0.0,2760000.0,0.0021752948770004553,Kirinyaga Road,0.0,0.0,0.0,0.0,0.0,0.0,0.0,0.0,0.0,0.0,0.0,0.0,0.0,0.008701179508001821,0.004477840153715684,1231.406042271813
NBO-0212,-1.317846,36.837696,semi_permanent,35,9500,330000.0,True,"generated for hackathon starter kit, not a real portfolio",0.21658247832545607,0.0,0.0,0.0,0.0,3325000.0,0.19382175367662288,South B,0.0227607246488332,0.0,0.0,0.0,0.0,0.0,0.0,0.21125609152680971,0.1087175604739387,35876.79495639977,0.5707265411488557,0.266873037825654,88068.10248246582,0.8663299133018243,0.37502277430615255,123757.51552103033
NBO-0213,-1.287925,36.788302,informal_iron_sheet,18,8000,145000.0,True,"generated for hackathon starter kit, not a real portfolio",0.041098628705943954,0.0,0.0,0.0,0.0,1440000.0,0.041098628705943954,Kilimani,0.0,0.0,0.0,0.0,0.0,0.0,0.0,0.0,0.0,0.0,0.0,0.0,0.0,0.16439451482377582,0.10990956956476146,15936.88758689041
NBO-0214,-1.285278,36.707129,informal_iron_sheet,11,6300,70000.0,True,"generated for hackathon starter kit, not a real portfolio",0.0,0.0,0.0,0.0,0.0,695000.0,0.0,,0.0,0.0,0.0,0.0,0.0,0.0,0.0,0.0,0.0,0.0,0.0,0.0,0.0,0.0,0.0,0.0
NBO-0215,-1.235394,36.793707,informal_iron_sheet,13,7100,90000.0,True,"generated for hackathon starter kit, not a real portfolio",0.029945325919669977,0.0,0.0,0.0,0.0,925000.0,0.029945325919669977,Westlands,0.0,0.0,0.0,0.0,0.0,0.0,0.0,0.0,0.0,0.0,0.0,0.0,0.0,0.11978130367867991,0.08008242576306239,7207.418318675615
NBO-0216,-1.217864,36.946273,semi_permanent,44,9100,400000.0,True,"generated for hackathon starter kit, not a real portfolio",0.2864344120025635,0.2190975844860077,0.1372891813516616,0.0082713477313518,0.0,4005000.0,0.0,,0.2864344120025635,0.0,0.0,0.0,0.03299186658826101,0.01697842284705053,6791.369138820212,0.5490722379521871,0.2588517061847987,103540.68247391947,0.876491188455082,0.3786455440656201,151458.21762624805,1.145737648010254,0.4746391980911636,189855.67923646545
NBO-0217,-1.295741,36.827042,permanent_masonry,77,54600,4205000.0,True,"generated for hackathon starter kit, not a real portfolio",0.1700608967403613,0.0,0.0,0.0,0.0,42040000.0,0.1244799173037254,Uhuru Highway,0.0455809794366359,0.0,0.0,0.0,0.0,0.0,0.0,0.0,0.0,0.0,0.36708643790921996,0.13724352425721484,577109.0195015884,0.6802435869614452,0.23544221451539016,990034.5120372156
NBO-0218,-1.235727,36.901794,permanent_masonry,135,43100,5820000.0,True,"generated for hackathon starter kit, not a real portfolio",0.6081750401877732,0.5600747466087341,0.5139876008033752,0.4413047730922699,0.3576710522174835,58185000.0,0.010165751876768611,Embakasi North,0.5980092883110046,1.4955259839423027,0.4498418109412091,2618079.339677837,1.8216819468396008,0.5084471267577308,2959162.2777299937,2.1050660872338205,0.5564829272916904,3238730.636837638,2.284854629843612,0.584189699111356,3399984.048828092,2.432700160751093,0.606973811657957,3532587.58384931
NBO-0219,-1.307356,36.740224,informal_iron_sheet,14,8900,125000.0,True,"generated for hackathon starter kit, not a real portfolio",0.0,0.0,0.0,0.0,0.0,1245000.0,0.0,,0.0,0.0,0.0,0.0,0.0,0.0,0.0,0.0,0.0,0.0,0.0,0.0,0.0,0.0,0.0,0.0
NBO-0220,-1.200512,36.883541,semi_permanent,28,12000,335000.0,True,"generated for hackathon starter kit, not a real portfolio",0.21525473432217454,0.1363056302070617,0.0458238460123539,0.0,0.0,3360000.0,0.0044731749740682366,Roysambu,0.2107815593481063,0.0,0.0,0.0,0.0,0.0,0.0,0.20483488972155506,0.10541305270551043,35313.37265634599,0.5649145735266997,0.2647201299551113,88681.24353496228,0.8610189372886982,0.37312926753624265,124998.30462464129
NBO-0221,-1.328457,36.847573,concrete_rcc,1613,70000,112910000.0,True,"generated for hackathon starter kit, not a real portfolio",0.07827945811564078,0.0,0.0,0.0,0.0,1129100000.0,0.06764654362464309,Mombasa Road,0.0106329144909977,0.0,0.0,0.0,0.0,0.0,0.0,0.0,0.0,0.0,0.0,0.0,0.0,0.31311783246256314,0.08263492716519505,9330309.626222173
NBO-0222,-1.24835,36.946666,semi_permanent,50,12000,600000.0,True,"generated for hackathon starter kit, not a real portfolio",0.5876656770706177,0.5487551093101501,0.5014820694923401,0.4269290268421173,0.3411433100700378,6000000.0,0.0,,0.5876656770706177,1.3644338579138235,0.5292951521003473,317577.09126020834,1.7076618600173323,0.6079648353018653,364778.9011811192,2.005879226553586,0.6712240480518583,402734.428831115,2.1950784726225328,0.7113578454166032,426814.7072499619,2.3506627082824707,0.7395945680148841,443756.7408089305
NBO-0223,-1.310199,36.777964,semi_permanent,32,8900,285000.0,True,"generated for hackathon starter kit, not a real portfolio",0.1686411847526235,0.0,0.0,0.0,0.0,2850000.0,0.1686411847526235,Kibra,0.0,0.0,0.0,0.0,0.0,0.0,0.0,0.0,0.0,0.0,0.36087189648773693,0.18571351929405341,52928.352998805225,0.674564739010494,0.3053374767167238,87021.18086426628
NBO-0224,-1.295518,36.816631,concrete_rcc,2004,69600,139480000.0,True,"generated for hackathon starter kit, not a real portfolio",0.08824577041032922,0.0,0.0,0.0,0.0,1394785000.0,0.08824577041032922,Uhuru Highway,0.0,0.0,0.0,0.0,0.0,0.0,0.0,0.0,0.0,0.0,0.008955002890475891,0.0023633148128254927,329635.15009289974,0.35298308164131686,0.09315576507595995,12993366.112794893
NBO-0225,-1.285168,36.767894,permanent_masonry,84,58600,4920000.0,True,"generated for hackathon starter kit, not a real portfolio",0.05862067076932039,0.0,0.0,0.0,0.0,49225000.0,0.05862067076932039,Dagoretti North,0.0,0.0,0.0,0.0,0.0,0.0,0.0,0.0,0.0,0.0,0.0,0.0,0.0,0.23448268307728157,0.08766662692881096,431319.8044897499
NBO-0226,-1.317641,36.884345,semi_permanent,46,14900,685000.0,True,"generated for hackathon starter kit, not a real portfolio",0.23635217945909207,0.0,0.0,0.0,0.0,6855000.0,0.20489812668299387,Mukuru kwa Ruben,0.0314540527760982,0.0,0.0,0.0,0.0,0.0,0.0,0.30686581772018895,0.15792066801134338,108175.65758777021,0.6572649571420095,0.2989291759544569,204766.48552880296,0.9454087178363683,0.4032165095767443,276203.30906006985
NBO-0227,-1.26086,36.717133,permanent_masonry,157,43700,6860000.0,True,"generated for hackathon starter kit, not a real portfolio",0.0,0.0,0.0,0.0,0.0,68610000.0,0.0,,0.0,0.0,0.0,0.0,0.0,0.0,0.0,0.0,0.0,0.0,0.0,0.0,0.0,0.0,0.0,0.0
NBO-0228,-1.197482,36.882829,semi_permanent,31,15700,485000.0,True,"generated for hackathon starter kit, not a real portfolio",0.2758456170558929,0.2075095772743225,0.1244872137904167,0.0,0.0,4865000.0,0.0,,0.2758456170558929,0.0,0.0,0.0,0.0,0.0,0.0,0.4978629769357654,0.23988242964123216,116342.9783759976,0.8301405868062722,0.36212029940352675,175628.34521071048,1.1033824682235716,0.45953842951894275,222876.13831668723
NBO-0229,-1.184356,36.908604,informal_iron_sheet,11,5200,55000.0,True,"generated for hackathon starter kit, not a real portfolio",0.4452018052815987,0.1660275012254715,0.0786594152450561,0.0,0.0,570000.0,0.2072612703322961,Kahawa West,0.2379405349493026,0.45383065056950284,0.27694244092521847,15231.834250887016,0.9156458945467612,0.4939371549461982,27166.5435220409,1.3168990703982528,0.62229123328383,34226.017830610646,1.5714677403440522,0.6924454099059486,38084.49754482717,1.7808072211263948,0.7501353012500556,41257.441568753056
NBO-0230,-1.332177,36.762032,informal_iron_sheet,13,8100,105000.0,True,"generated for hackathon starter kit, not a real portfolio",0.0,0.0,0.0,0.0,0.0,1055000.0,0.0,,0.0,0.0,0.0,0.0,0.0,0.0,0.0,0.0,0.0,0.0,0.0,0.0,0.0,0.0,0.0,0.0
NBO-0231,-1.33616,36.789645,concrete_rcc,1810,80400,145525000.0,True,"generated for hackathon starter kit, not a real portfolio",0.022477767979124777,0.0,0.0,0.0,0.0,1455240000.0,0.022477767979124777,Lang’ata Road,0.0,0.0,0.0,0.0,0.0,0.0,0.0,0.0,0.0,0.0,0.0,0.0,0.0,0.08991107191649911,0.023728430989483282,3453079.9197445544
NBO-0232,-1.284456,36.786377,informal_iron_sheet,10,6800,70000.0,True,"generated for hackathon starter kit, not a real portfolio",0.23847857797320296,0.1367274224758148,0.0462898090481758,0.0,0.0,680000.0,0.027311600090817765,Dagoretti North,0.2111669778823852,0.0,0.0,0.0,0.0,0.0,0.0,0.317149452173633,0.21116624343709098,14781.637040596368,0.6665728954834886,0.37857140368503206,26499.998257952244,0.9539143118928118,0.509301393532577,35651.09754728039
NBO-0233,-1.188452,36.919106,permanent_masonry,207,63200,13080000.0,True,"generated for hackathon starter kit, not a real portfolio",0.21698265926395036,0.0989621356129646,0.0045681898482143,0.0,0.0,130825000.0,0.04032449082885364,Kahawa West,0.1766581684350967,0.0,0.0,0.0,0.0,0.0,0.0,0.21319143641131838,0.07970641530969062,1042559.9122507534,0.5724782633571913,0.20644112187814917,2700249.874166191,0.8679306370558014,0.2859513147022527,3740243.1963054654
NBO-0234,-1.226429,36.738966,semi_permanent,49,15700,770000.0,True,"generated for hackathon starter kit, not a real portfolio",0.0,0.0,0.0,0.0,0.0,7695000.0,0.0,,0.0,0.0,0.0,0.0,0.0,0.0,0.0,0.0,0.0,0.0,0.0,0.0,0.0,0.0,0.0,0.0
NBO-0235,-1.290382,36.928578,informal_iron_sheet,13,5200,70000.0,True,"generated for hackathon starter kit, not a real portfolio",0.1120080575346946,0.028211198747158,0.0,0.0,0.0,675000.0,0.0,,0.1120080575346946,0.0,0.0,0.0,0.0,0.0,0.0,0.0,0.0,0.0,0.11297026716872229,0.075528757461527,5287.01302230689,0.4480322301387784,0.2741520202101039,19190.641414707272
NBO-0236,-1.187621,36.72315,semi_permanent,80,11400,910000.0,True,"generated for hackathon starter kit, not a real portfolio",0.0,0.0,0.0,0.0,0.0,9120000.0,0.0,,0.0,0.0,0.0,0.0,0.0,0.0,0.0,0.0,0.0,0.0,0.0,0.0,0.0,0.0,0.0,0.0
NBO-0237,-1.199153,36.70927,concrete_rcc,870,80200,69775000.0,True,"generated for hackathon starter kit, not a real portfolio",0.0,0.0,0.0,0.0,0.0,697740000.0,0.0,,0.0,0.0,0.0,0.0,0.0,0.0,0.0,0.0,0.0,0.0,0.0,0.0,0.0,0.0,0.0,0.0
NBO-0238,-1.281576,36.902948,permanent_masonry,84,37900,3185000.0,True,"generated for hackathon starter kit, not a real portfolio",0.0682321786880493,0.0,0.0,0.0,0.0,31835000.0,0.0,,0.0682321786880493,0.0,0.0,0.0,0.0,0.0,0.0,0.0,0.0,0.0,0.0,0.0,0.0,0.2729287147521972,0.10204054090619086,324999.1227862179
NBO-0239,-1.188579,36.716339,permanent_masonry,97,38600,3745000.0,True,"generated for hackathon starter kit, not a real portfolio",0.0,0.0,0.0,0.0,0.0,37440000.0,0.0,,0.0,0.0,0.0,0.0,0.0,0.0,0.0,0.0,0.0,0.0,0.0,0.0,0.0,0.0,0.0,0.0
NBO-0240,-1.211563,36.84204,permanent_masonry,51,36600,1865000.0,True,"generated for hackathon starter kit, not a real portfolio",0.0,0.0,0.0,0.0,0.0,18665000.0,0.0,,0.0,0.0,0.0,0.0,0.0,0.0,0.0,0.0,0.0,0.0,0.0,0.0,0.0,0.0,0.0,0.0
NBO-0241,-1.230749,36.829461,permanent_masonry,85,44500,3780000.0,True,"generated for hackathon starter kit, not a real portfolio",0.0070095574483275,0.0,0.0,0.0,0.0,37825000.0,0.0,,0.0070095574483275,0.0,0.0,0.0,0.0,0.0,0.0,0.0,0.0,0.0,0.0,0.0,0.0,0.02803822979331,0.010482723068399294,39624.693198549336
NBO-0242,-1.219856,36.921451,semi_permanent,45,13000,585000.0,True,"generated for hackathon starter kit, not a real portfolio",0.399502697873422,0.3348427712917328,0.2651600241661072,0.1552651673555374,0.0288128219544887,5850000.0,0.007303747821160706,Githurai,0.3921989500522613,0.16173025166776633,0.08323034989939843,48689.75469114808,0.6615855336951882,0.3005296327827367,175809.83517790097,1.0958902085523976,0.45686723605577734,267267.33309262973,1.371427874254419,0.531014367483147,310643.404977641,1.598010791493688,0.5847051561203108,342052.51633038186
NBO-0243,-1.190807,36.86859,semi_permanent,30,15000,450000.0,True,"generated for hackathon starter kit, not a real portfolio",0.0,0.0,0.0,0.0,0.0,4500000.0,0.0,,0.0,0.0,0.0,0.0,0.0,0.0,0.0,0.0,0.0,0.0,0.0,0.0,0.0,0.0,0.0,0.0
NBO-0244,-1.227495,36.945525,informal_iron_sheet,12,7200,85000.0,True,"generated for hackathon starter kit, not a real portfolio",0.5118399262428284,0.4657738804817199,0.4098076224327087,0.321544736623764,0.2199835628271103,865000.0,0.0,,0.5118399262428284,0.8797694230925432,0.47731987367732726,40572.189262572814,1.2861149478406022,0.6138077275502839,52173.65684177413,1.639172657443252,0.7111035688748994,60443.80335436645,1.863164483444204,0.7728313617196645,65690.66574617148,2.0473597049713135,0.7987535440758705,67894.05124644899
NBO-0245,-1.236395,36.870383,informal_iron_sheet,21,7000,145000.0,True,"generated for hackathon starter kit, not a real portfolio",0.2992257977826703,0.0979572981595993,0.0034580852370709,0.0,0.0,1470000.0,0.12348580909801607,Thika Road,0.1757399886846542,0.0,0.0,0.0,0.10410450469865323,0.06960135691538799,10092.196752731259,0.6109336127804149,0.35254636882191026,51119.22347917699,0.9324832470241641,0.5017358879486108,72751.70375254856,1.196903191130681,0.5868989007225631,85100.34060477166
NBO-0246,-1.271319,36.783572,semi_permanent,28,8400,235000.0,True,"generated for hackathon starter kit, not a real portfolio",0.032668919556779606,0.0,0.0,0.0,0.0,2350000.0,0.02930324014556211,Dagoretti North,0.0033656794112175,0.0,0.0,0.0,0.0,0.0,0.0,0.0,0.0,0.0,0.0,0.0,0.0,0.13067567822711842,0.06724890556979171,15803.492808901052
NBO-0247,-1.186897,36.934355,informal_iron_sheet,28,6900,195000.0,True,"generated for hackathon starter kit, not a real portfolio",0.2489110231399536,0.178033247590065,0.0919228941202163,0.0,0.0,1930000.0,0.0,,0.2489110231399536,0.0,0.0,0.0,0.0,0.0,0.0,0.36760257835789445,0.2354462090120027,45912.010757340526,0.7122391032609044,0.39972309972315523,77946.00444601527,0.9956440925598145,0.522627628731079,101912.38760256041
NBO-0248,-1.303397,36.719771,permanent_masonry,188,35700,6710000.0,True,"generated for hackathon starter kit, not a real portfolio",0.0,0.0,0.0,0.0,0.0,67115000.0,0.0,,0.0,0.0,0.0,0.0,0.0,0.0,0.0,0.0,0.0,0.0,0.0,0.0,0.0,0.0,0.0,0.0
NBO-0249,-1.201491,36.870552,semi_permanent,26,10400,270000.0,True,"generated for hackathon starter kit, not a real portfolio",0.2466067969799041,0.1755115687847137,0.0891370475292205,0.0,0.0,2705000.0,0.0,,0.2466067969799041,0.0,0.0,0.0,0.0,0.0,0.0,0.3564589383624911,0.18344250292532782,49529.475789838514,0.702152755438407,0.31555681404990105,85200.33979347328,0.9864271879196164,0.4178407049415921,112816.99033422986
NBO-0250,-1.309464,36.727057,concrete_rcc,517,67000,34640000.0,True,"generated for hackathon starter kit, not a real portfolio",0.0657281130552291,0.0,0.0,0.0,0.0,346390000.0,0.0,,0.0657281130552291,0.0,0.0,0.0,0.0,0.0,0.0,0.0,0.0,0.0,0.0,0.0,0.0,0.2629124522209164,0.06938522526562206,2403504.203201148
NBO-0251,-1.310908,36.74482,semi_permanent,33,11200,370000.0,True,"generated for hackathon starter kit, not a real portfolio",0.0,0.0,0.0,0.0,0.0,3695000.0,0.0,,0.0,0.0,0.0,0.0,0.0,0.0,0.0,0.0,0.0,0.0,0.0,0.0,0.0,0.0,0.0,0.0
NBO-0252,-1.311595,36.796579,permanent_masonry,59,62300,3675000.0,True,"generated for hackathon starter kit, not a real portfolio",0.0232904299877581,0.0,0.0,0.0,0.0,36755000.0,0.0232904299877581,Mbagathi Way,0.0,0.0,0.0,0.0,0.0,0.0,0.0,0.0,0.0,0.0,0.0,0.0,0.0,0.0931617199510324,0.034830605142392355,128002.47389829191
NBO-0253,-1.197507,36.82492,semi_permanent,48,11900,570000.0,True,"generated for hackathon starter kit, not a real portfolio",0.0,0.0,0.0,0.0,0.0,5710000.0,0.0,,0.0,0.0,0.0,0.0,0.0,0.0,0.0,0.0,0.0,0.0,0.0,0.0,0.0,0.0,0.0,0.0
NBO-0254,-1.225363,36.713396,informal_iron_sheet,21,9200,195000.0,True,"generated for hackathon starter kit, not a real portfolio",0.0,0.0,0.0,0.0,0.0,1930000.0,0.0,,0.0,0.0,0.0,0.0,0.0,0.0,0.0,0.0,0.0,0.0,0.0,0.0,0.0,0.0,0.0,0.0
NBO-0255,-1.306528,36.801425,permanent_masonry,130,45800,5955000.0,True,"generated for hackathon starter kit, not a real portfolio",0.03479217232218622,0.0,0.0,0.0,0.0,59540000.0,0.03479217232218622,Mbagathi Way,0.0,0.0,0.0,0.0,0.0,0.0,0.0,0.0,0.0,0.0,0.0,0.0,0.0,0.13916868928874487,0.05203134578610627,309846.6641562628
NBO-0256,-1.32265,36.834249,semi_permanent,44,8300,365000.0,True,"generated for hackathon starter kit, not a real portfolio",0.12104406159939204,0.0,0.0,0.0,0.0,3650000.0,0.12104406159939204,South C,0.0,0.0,0.0,0.0,0.0,0.0,0.0,0.0,0.0,0.0,0.15252379776490282,0.07849248316286424,28649.756354445446,0.4841762463975682,0.23481249948791316,85706.5623130883
NBO-0257,-1.23058,36.769731,concrete_rcc,1405,84100,118160000.0,True,"generated for hackathon starter kit, not a real portfolio",0.0,0.0,0.0,0.0,0.0,1181605000.0,0.0,,0.0,0.0,0.0,0.0,0.0,0.0,0.0,0.0,0.0,0.0,0.0,0.0,0.0,0.0,0.0,0.0
NBO-0258,-1.325808,36.801523,permanent_masonry,79,46400,3665000.0,True,"generated for hackathon starter kit, not a real portfolio",0.01997949768689704,0.0,0.0,0.0,0.0,36655000.0,0.01997949768689704,Mbagathi Way,0.0,0.0,0.0,0.0,0.0,0.0,0.0,0.0,0.0,0.0,0.0,0.0,0.0,0.07991799074758817,0.02987913899577766,109507.04441952513
NBO-0259,-1.194012,36.894882,permanent_masonry,74,41000,3035000.0,True,"generated for hackathon starter kit, not a real portfolio",0.3993529269759377,0.3161120414733886,0.24446702003479,0.1314775496721267,0.0014643266331404,30340000.0,0.02426956988021936,Kahawa West,0.3750833570957184,0.16077294327860492,0.06010858223593022,182429.54708604823,0.6607528949322456,0.2301970081150594,698647.9196292053,1.0951658903442762,0.34614238115387885,1050542.1268020223,1.3707722782925704,0.41752867997086146,1267199.5437115645,1.5974117079037509,0.4683965886561845,1421583.64657152
NBO-0260,-1.328899,36.747618,semi_permanent,71,14100,1000000.0,True,"generated for hackathon starter kit, not a real portfolio",0.0,0.0,0.0,0.0,0.0,10010000.0,0.0,,0.0,0.0,0.0,0.0,0.0,0.0,0.0,0.0,0.0,0.0,0.0,0.0,0.0,0.0,0.0,0.0
NBO-0261,-1.23631,36.777251,concrete_rcc,1448,56900,82390000.0,True,"generated for hackathon starter kit, not a real portfolio",0.05103332688101089,0.0,0.0,0.0,0.0,823910000.0,0.029920018734414997,Westlands,0.0211133081465959,0.0,0.0,0.0,0.0,0.0,0.0,0.0,0.0,0.0,0.0,0.0,0.0,0.20413330752404357,0.053872821188670345,4438581.73773455
NBO-0262,-1.313656,36.769023,informal_iron_sheet,8,6200,50000.0,True,"generated for hackathon starter kit, not a real portfolio",0.024898236280566942,0.0,0.0,0.0,0.0,495000.0,0.024898236280566942,Kibra,0.0,0.0,0.0,0.0,0.0,0.0,0.0,0.0,0.0,0.0,0.0,0.0,0.0,0.09959294512226777,0.06658505450628481,3329.2527253142407
NBO-0263,-1.240543,36.762234,semi_permanent,36,9000,325000.0,True,"generated for hackathon starter kit, not a real portfolio",0.0,0.0,0.0,0.0,0.0,3240000.0,0.0,,0.0,0.0,0.0,0.0,0.0,0.0,0.0,0.0,0.0,0.0,0.0,0.0,0.0,0.0,0.0,0.0
NBO-0264,-1.194188,36.709318,concrete_rcc,1449,58700,85055000.0,True,"generated for hackathon starter kit, not a real portfolio",0.0,0.0,0.0,0.0,0.0,850565000.0,0.0,,0.0,0.0,0.0,0.0,0.0,0.0,0.0,0.0,0.0,0.0,0.0,0.0,0.0,0.0,0.0,0.0
NBO-0265,-1.20795,36.939186,informal_iron_sheet,17,9700,165000.0,True,"generated for hackathon starter kit, not a real portfolio",0.2328504621982574,0.1604571044445037,0.0725054517388343,0.0,0.0,1650000.0,0.0,,0.2328504621982574,0.0,0.0,0.0,0.0,0.0,0.0,0.289930901696324,0.19383968280891475,31983.547663470934,0.6419368010429302,0.36716044563672884,60581.473530060255,0.9314018487930296,0.5012350053968428,82703.77589047907
NBO-0266,-1.245469,36.827153,semi_permanent,36,11000,395000.0,True,"generated for hackathon starter kit, not a real portfolio",0.0,0.0,0.0,0.0,0.0,3960000.0,0.0,,0.0,0.0,0.0,0.0,0.0,0.0,0.0,0.0,0.0,0.0,0.0,0.0,0.0,0.0,0.0,0.0
NBO-0267,-1.265873,36.781748,permanent_masonry,62,45700,2835000.0,True,"generated for hackathon starter kit, not a real portfolio",0.29535995324539494,0.1451400369405746,0.0555837489664554,0.0,0.0,28335000.0,0.07650577922748875,Expressway,0.2188541740179062,0.0,0.0,0.0,0.08261266571449566,0.030886603862342776,87563.52194974177,0.5922377136761937,0.211758654735627,600335.7861755026,0.9155611873293716,0.2987693340302441,847011.061975742,1.1814398129815797,0.368488655735349,1044665.3390097144
NBO-0268,-1.277204,36.92012,informal_iron_sheet,9,9700,85000.0,True,"generated for hackathon starter kit, not a real portfolio",0.5624685634696085,0.45147505402565,0.394010841846466,0.3033855557441711,0.1991060525178909,875000.0,0.06369448200102636,Kayole,0.4987740814685821,1.203378481748856,0.5889667583622916,50062.17446079479,1.5675806169262458,0.6913741942576803,58766.806511902825,1.8840215861182856,0.7772790895787777,66068.7226141961,2.084782505885789,0.8036736095268188,68312.25680977959,2.249874253878434,0.825378617855607,70157.18251772659
NBO-0269,-1.230379,36.705483,semi_permanent,36,9200,330000.0,True,"generated for hackathon starter kit, not a real portfolio",0.0,0.0,0.0,0.0,0.0,3310000.0,0.0,,0.0,0.0,0.0,0.0,0.0,0.0,0.0,0.0,0.0,0.0,0.0,0.0,0.0,0.0,0.0,0.0
NBO-0270,-1.22036,36.726497,permanent_masonry,170,62700,10660000.0,True,"generated for hackathon starter kit, not a real portfolio",0.0,0.0,0.0,0.0,0.0,106590000.0,0.0,,0.0,0.0,0.0,0.0,0.0,0.0,0.0,0.0,0.0,0.0,0.0,0.0,0.0,0.0,0.0,0.0
NBO-0271,-1.238975,36.704695,semi_permanent,25,12500,310000.0,True,"generated for hackathon starter kit, not a real portfolio",0.0,0.0,0.0,0.0,0.0,3125000.0,0.0,,0.0,0.0,0.0,0.0,0.0,0.0,0.0,0.0,0.0,0.0,0.0,0.0,0.0,0.0,0.0,0.0
NBO-0272,-1.268976,36.707647,permanent_masonry,159,53300,8475000.0,True,"generated for hackathon starter kit, not a real portfolio",0.0,0.0,0.0,0.0,0.0,84745000.0,0.0,,0.0,0.0,0.0,0.0,0.0,0.0,0.0,0.0,0.0,0.0,0.0,0.0,0.0,0.0,0.0,0.0
NBO-0273,-1.224272,36.70066,semi_permanent,32,11800,380000.0,True,"generated for hackathon starter kit, not a real portfolio",0.0,0.0,0.0,0.0,0.0,3775000.0,0.0,,0.0,0.0,0.0,0.0,0.0,0.0,0.0,0.0,0.0,0.0,0.0,0.0,0.0,0.0,0.0,0.0
NBO-0274,-1.290944,36.852137,permanent_masonry,80,47600,3810000.0,True,"generated for hackathon starter kit, not a real portfolio",0.14172384235888458,0.0372068174183368,0.0,0.0,0.0,38080000.0,0.021495857274827772,Jogoo Road,0.1202279850840568,0.0,0.0,0.0,0.0,0.0,0.0,0.0,0.0,0.0,0.24304592846961953,0.09086818889175782,346207.7996775973,0.5668953694355383,0.20493869031305378,780816.410092735
NBO-0275,-1.305913,36.879391,semi_permanent,38,11700,445000.0,True,"generated for hackathon starter kit, not a real portfolio",0.05419763671153192,0.0,0.0,0.0,0.0,4445000.0,0.052330426917532216,Mukuru kwa Ruben,0.0018672097939997,0.0,0.0,0.0,0.0,0.0,0.0,0.0,0.0,0.0,0.0,0.0,0.0,0.21679054684612767,0.11156572677541504,49646.748415059694
NBO-0276,-1.341675,36.788527,informal_iron_sheet,23,8800,200000.0,True,"generated for hackathon starter kit, not a real portfolio",0.0051841115262379455,0.0,0.0,0.0,0.0,2025000.0,0.0051841115262379455,Lang’ata Road,0.0,0.0,0.0,0.0,0.0,0.0,0.0,0.0,0.0,0.0,0.0,0.0,0.0,0.020736446104951782,0.013863807245279823,2772.7614490559645
NBO-0277,-1.316557,36.932,semi_permanent,35,11400,400000.0,True,"generated for hackathon starter kit, not a real portfolio",0.0851205959916114,0.0,0.0,0.0,0.0,3990000.0,0.0,,0.0851205959916114,0.0,0.0,0.0,0.0,0.0,0.0,0.0,0.0,0.0,0.0,0.0,0.0,0.3404823839664456,0.1752205766075401,70088.23064301604
NBO-0278,-1.184995,36.888914,semi_permanent,26,15200,395000.0,True,"generated for hackathon starter kit, not a real portfolio",0.1756001304671034,0.09074367582798,0.0,0.0,0.0,3950000.0,0.006451744942353694,Kahawa West,0.1691483855247497,0.0,0.0,0.0,0.0,0.0,0.0,0.01305830234362668,0.006720122314437709,2654.448314202895,0.3913334666977606,0.20042105684174205,79166.3174524881,0.7024005218684136,0.3156485933459839,124681.19437166363
NBO-0279,-1.242356,36.946982,semi_permanent,30,10800,325000.0,True,"generated for hackathon starter kit, not a real portfolio",0.4855479598045349,0.4370008111000061,0.3780202567577362,0.2850036025047302,0.1779724061489105,3240000.0,0.0,,0.4855479598045349,0.7117159463377113,0.3190992751049365,103707.26440910436,1.1399469620821954,0.4725746617460358,153586.76506746165,1.5120201175409742,0.5655736729794195,183811.44371831135,1.74807598951427,0.6165376627184797,200374.74038350588,1.9421918392181396,0.6577143922201466,213757.17747154765
NBO-0280,-1.286231,36.892072,concrete_rcc,1026,59400,60945000.0,True,"generated for hackathon starter kit, not a real portfolio",0.0034659986849874,0.0,0.0,0.0,0.0,609445000.0,0.0,,0.0034659986849874,0.0,0.0,0.0,0.0,0.0,0.0,0.0,0.0,0.0,0.0,0.0,0.0,0.0138639947399496,0.003658846851820099,222988.42138417595
NBO-0281,-1.187574,36.830611,permanent_masonry,45,55200,2485000.0,True,"generated for hackathon starter kit, not a real portfolio",0.0,0.0,0.0,0.0,0.0,24840000.0,0.0,,0.0,0.0,0.0,0.0,0.0,0.0,0.0,0.0,0.0,0.0,0.0,0.0,0.0,0.0,0.0,0.0
NBO-0282,-1.338431,36.714023,permanent_masonry,83,56100,4655000.0,True,"generated for hackathon starter kit, not a real portfolio",0.10373633328012845,0.0,0.0,0.0,0.0,46565000.0,0.10373633328012845,Langata Road,0.0,0.0,0.0,0.0,0.0,0.0,0.0,0.0,0.0,0.0,0.07676223803952047,0.028699289841430616,133595.19421185952,0.4149453331205138,0.1551366490570993,722161.1013607973
NBO-0283,-1.295195,36.729934,informal_iron_sheet,12,7100,85000.0,True,"generated for hackathon starter kit, not a real portfolio",0.0,0.0,0.0,0.0,0.0,850000.0,0.0,,0.0,0.0,0.0,0.0,0.0,0.0,0.0,0.0,0.0,0.0,0.0,0.0,0.0,0.0,0.0,0.0
NBO-0284,-1.27871,36.781699,semi_permanent,72,15300,1100000.0,True,"generated for hackathon starter kit, not a real portfolio",0.13494398011283854,0.0,0.0,0.0,0.0,11015000.0,0.08670782981829625,Dagoretti North,0.0482361502945423,0.0,0.0,0.0,0.0,0.0,0.0,0.0,0.0,0.0,0.21336826488438845,0.10980453663199598,120784.99029519557,0.5397759204513541,0.25540810215673926,280948.9123724132
NBO-0285,-1.308304,36.733992,semi_permanent,29,13000,375000.0,True,"generated for hackathon starter kit, not a real portfolio",0.0,0.0,0.0,0.0,0.0,3770000.0,0.0,,0.0,0.0,0.0,0.0,0.0,0.0,0.0,0.0,0.0,0.0,0.0,0.0,0.0,0.0,0.0,0.0
NBO-0286,-1.211654,36.859362,permanent_masonry,45,61000,2745000.0,True,"generated for hackathon starter kit, not a real portfolio",0.0472190491855144,0.0,0.0,0.0,0.0,27450000.0,0.0,,0.0472190491855144,0.0,0.0,0.0,0.0,0.0,0.0,0.0,0.0,0.0,0.0,0.0,0.0,0.1888761967420576,0.07061561586644494,193839.86555339134
NBO-0287,-1.305027,36.717376,informal_iron_sheet,9,7800,70000.0,True,"generated for hackathon starter kit, not a real portfolio",0.0,0.0,0.0,0.0,0.0,700000.0,0.0,,0.0,0.0,0.0,0.0,0.0,0.0,0.0,0.0,0.0,0.0,0.0,0.0,0.0,0.0,0.0,0.0
NBO-0288,-1.267276,36.835611,semi_permanent,50,11200,560000.0,True,"generated for hackathon starter kit, not a real portfolio",0.040022539427582514,0.0,0.0,0.0,0.0,5600000.0,0.010961767738763615,Eastleigh,0.0290607716888189,0.0,0.0,0.0,0.0,0.0,0.0,0.0,0.0,0.0,0.0,0.0,0.0,0.16009015771033006,0.08238631736659977,46136.33772529587
NBO-0289,-1.185153,36.790811,semi_permanent,29,12500,360000.0,True,"generated for hackathon starter kit, not a real portfolio",0.0,0.0,0.0,0.0,0.0,3625000.0,0.0,,0.0,0.0,0.0,0.0,0.0,0.0,0.0,0.0,0.0,0.0,0.0,0.0,0.0,0.0,0.0,0.0
NBO-0290,-1.266469,36.795974,semi_permanent,33,9100,300000.0,True,"generated for hackathon starter kit, not a real portfolio",0.04344377803379923,0.0,0.0,0.0,0.0,3005000.0,0.04344377803379923,Nairobi Expressway,0.0,0.0,0.0,0.0,0.0,0.0,0.0,0.0,0.0,0.0,0.0,0.0,0.0,0.17377511213519692,0.08942893019501966,26828.6790585059
NBO-0291,-1.309713,36.71976,permanent_masonry,45,56500,2540000.0,True,"generated for hackathon starter kit, not a real portfolio",0.0076628164388239,0.0,0.0,0.0,0.0,25425000.0,0.0,,0.0076628164388239,0.0,0.0,0.0,0.0,0.0,0.0,0.0,0.0,0.0,0.0,0.0,0.0,0.0306512657552956,0.011459665356096755,29107.550004485758
NBO-0292,-1.248732,36.879753,informal_iron_sheet,9,9600,85000.0,True,"generated for hackathon starter kit, not a real portfolio",0.48638554645661236,0.3982618451118469,0.3352229595184326,0.2358059734106063,0.1214101538062095,865000.0,0.03623612953308948,Mathare,0.4501494169235229,0.7170696481726583,0.40196051383404297,34166.643675893654,1.1446034549359962,0.5701971933517141,48466.7614348957,1.5160708328212424,0.6771790991085443,57560.22342422627,1.7517423788864626,0.7421255957492636,63080.67563868741,1.9455421858264494,0.7853673504718494,66756.2247901072
NBO-0293,-1.204167,36.891005,semi_permanent,26,8400,220000.0,True,"generated for hackathon starter kit, not a real portfolio",0.6473457792001626,0.5971358418464661,0.5549312829971313,0.4883715510368347,0.4117834568023681,2185000.0,0.015471158285703376,Roysambu,0.6318746209144592,1.7458982371375045,0.616075708062657,135536.65577378453,2.039448390271925,0.6783448904567209,149235.8759004786,2.2945026197565594,0.7324481439095766,161138.59166010685,2.456317702780314,0.7502867636513204,165063.0880032905,2.5893831168006503,0.7637528704445765,168025.63149780684
NBO-0294,-1.28955,36.779763,informal_iron_sheet,14,5100,70000.0,True,"generated for hackathon starter kit, not a real portfolio",0.2941607175461815,0.1383993327617645,0.0481368862092494,0.0,0.0,715000.0,0.08146598321123591,Kilimani,0.2126947343349456,0.0,0.0,0.0,0.07594561526716596,0.05077511189039968,3554.2578323279777,0.5864380004651506,0.3407581473828882,23853.070316802172,0.9103117423776823,0.4914664797841312,34402.65358488919,1.176642870184726,0.5804288498905819,40630.01949234073
NBO-0295,-1.33716,36.794091,permanent_masonry,130,48400,6290000.0,True,"generated for hackathon starter kit, not a real portfolio",0.007093772350396531,0.0,0.0,0.0,0.0,62920000.0,0.007093772350396531,Lang’ata Road,0.0,0.0,0.0,0.0,0.0,0.0,0.0,0.0,0.0,0.0,0.0,0.0,0.0,0.028375089401586125,0.010608665612294508,66728.50670133246
NBO-0296,-1.278423,36.873103,informal_iron_sheet,14,8800,125000.0,True,"generated for hackathon starter kit, not a real portfolio",0.22753863886399955,0.1477875411510467,0.0585086047649383,0.0,0.0,1230000.0,0.006265261326272255,Makadara,0.2212733775377273,0.0,0.0,0.0,0.0,0.0,0.0,0.26424199668238213,0.17666480020593361,22083.100025741704,0.6186852215539487,0.3562767381449969,44534.59226812461,0.9101545554559982,0.49139367387029576,61424.20923378697
NBO-0297,-1.213308,36.732977,semi_permanent,52,8400,435000.0,True,"generated for hackathon starter kit, not a real portfolio",0.0,0.0,0.0,0.0,0.0,4370000.0,0.0,,0.0,0.0,0.0,0.0,0.0,0.0,0.0,0.0,0.0,0.0,0.0,0.0,0.0,0.0,0.0,0.0
NBO-0298,-1.323806,36.853642,semi_permanent,24,10000,240000.0,True,"generated for hackathon starter kit, not a real portfolio",0.08995055362586772,0.0,0.0,0.0,0.0,2400000.0,0.08995055362586772,Mombasa Road,0.0,0.0,0.0,0.0,0.0,0.0,0.0,0.0,0.0,0.0,0.01641739385365604,0.008448793103240815,2027.7103447777956,0.3598022145034709,0.18516303473774148,44439.128337057955
NBO-0299,-1.298429,36.785526,semi_permanent,20,11400,230000.0,True,"generated for hackathon starter kit, not a real portfolio",0.10847228895249028,0.0,0.0,0.0,0.0,2280000.0,0.10847228895249028,Kilimani,0.0,0.0,0.0,0.0,0.0,0.0,0.0,0.0,0.0,0.0,0.09749305735386424,0.050172315894203706,11539.632655666852,0.4338891558099611,0.21618481947468662,49722.50847917792
NBO-0300,-1.316479,36.875112,permanent_masonry,98,49800,4880000.0,True,"generated for hackathon starter kit, not a real portfolio",0.3559715707672546,0.0611426159739494,0.0,0.0,0.0,48805000.0,0.21387175814041604,Mukuru,0.1420998126268386,0.0,0.0,0.0,0.41957787778876765,0.15686863011358104,765518.9149542755,0.8853660779458572,0.2906434254806746,1418339.9163456922,1.1808779635248616,0.36834312807357744,1797514.4649990578,1.4238862830690184,0.431286025163635,2104675.802798539
NBO-0301,-1.196509,36.858876,permanent_masonry,155,61800,9580000.0,True,"generated for hackathon starter kit, not a real portfolio",0.0,0.0,0.0,0.0,0.0,95790000.0,0.0,,0.0,0.0,0.0,0.0,0.0,0.0,0.0,0.0,0.0,0.0,0.0,0.0,0.0,0.0,0.0,0.0
NBO-0302,-1.207697,36.777948,semi_permanent,42,11500,485000.0,True,"generated for hackathon starter kit, not a real portfolio",0.0,0.0,0.0,0.0,0.0,4830000.0,0.0,,0.0,0.0,0.0,0.0,0.0,0.0,0.0,0.0,0.0,0.0,0.0,0.0,0.0,0.0,0.0,0.0
NBO-0303,-1.326648,36.769993,concrete_rcc,383,79700,30525000.0,True,"generated for hackathon starter kit, not a real portfolio",0.023189966437420117,0.0,0.0,0.0,0.0,305250000.0,0.023189966437420117,Lang’ata Road,0.0,0.0,0.0,0.0,0.0,0.0,0.0,0.0,0.0,0.0,0.0,0.0,0.0,0.09275986574968047,0.024480256169998174,747259.8195891943
NBO-0304,-1.32852,36.797975,permanent_masonry,149,39000,5810000.0,True,"generated for hackathon starter kit, not a real portfolio",0.009038552808655231,0.0,0.0,0.0,0.0,58110000.0,0.009038552808655231,Lang’ata Road,0.0,0.0,0.0,0.0,0.0,0.0,0.0,0.0,0.0,0.0,0.0,0.0,0.0,0.036154211234620925,0.013517065339815813,78534.14962432988
NBO-0305,-1.310833,36.773989,concrete_rcc,1116,75100,83810000.0,True,"generated for hackathon starter kit, not a real portfolio",0.10253138545341542,0.0,0.0,0.0,0.0,838115000.0,0.10253138545341542,Kibra,0.0,0.0,0.0,0.0,0.0,0.0,0.0,0.0,0.0,0.0,0.0714877892467298,0.018866342460104463,1581188.161581355,0.4101255418136617,0.10823623174004345,9071278.582133042
NBO-0306,-1.220163,36.889739,permanent_masonry,121,55500,6715000.0,True,"generated for hackathon starter kit, not a real portfolio",0.363699326907607,0.1067826300859451,0.0132079683244228,0.0,0.0,67155000.0,0.179895023499938,Roysambu,0.183804303407669,0.0,0.0,0.0,0.4625396909387461,0.17293087060049636,1161230.796082333,0.9227388557978817,0.3007009407958776,2019206.8174443182,1.2147048671814709,0.3771048170549555,2532258.8465240262,1.454797307630428,0.4392924565548183,2949848.845765605
NBO-0307,-1.335209,36.897649,informal_iron_sheet,16,6000,95000.0,True,"generated for hackathon starter kit, not a real portfolio",0.29388928377708085,0.0206108875572681,0.0,0.0,0.0,960000.0,0.18882616573651925,Pipeline/Embakasi,0.1050631180405616,0.0,0.0,0.0,0.07443660195736382,0.04976622784383865,4727.7916451646715,0.5851252993692703,0.3401264256278928,32312.010434649816,0.9091235884310828,0.49091615006883127,46637.03425653897,1.1755571351083234,0.5800821248237319,55107.80185825453
NBO-0308,-1.253911,36.823871,permanent_masonry,88,63700,5605000.0,True,"generated for hackathon starter kit, not a real portfolio",0.5121504068374634,0.4661136567592621,0.4101829826831817,0.3219762444496155,0.220479667186737,56055000.0,0.0,,0.5121504068374634,0.8817539586926392,0.2896713557872357,1623607.949187456,1.2878410387072319,0.39604821177716915,2219850.227011033,1.6406741958044415,0.47612247296547044,2668666.460971462,1.8645235580541186,0.5160978502349974,2892728.4505671607,2.0486016273498535,0.5477813277168989,3070314.3418532186
NBO-0309,-1.230274,36.759232,semi_permanent,51,12000,610000.0,True,"generated for hackathon starter kit, not a real portfolio",0.0,0.0,0.0,0.0,0.0,6120000.0,0.0,,0.0,0.0,0.0,0.0,0.0,0.0,0.0,0.0,0.0,0.0,0.0,0.0,0.0,0.0,0.0,0.0
NBO-0310,-1.193935,36.823109,permanent_masonry,101,37300,3765000.0,True,"generated for hackathon starter kit, not a real portfolio",0.0,0.0,0.0,0.0,0.0,37675000.0,0.0,,0.0,0.0,0.0,0.0,0.0,0.0,0.0,0.0,0.0,0.0,0.0,0.0,0.0,0.0,0.0,0.0
NBO-0311,-1.185447,36.889115,concrete_rcc,939,79200,74370000.0,True,"generated for hackathon starter kit, not a real portfolio",0.12338648351080618,0.03294113650918,0.0,0.0,0.0,743690000.0,0.007056351622416678,Kahawa West,0.1163301318883895,0.0,0.0,0.0,0.0,0.0,0.0,0.0,0.0,0.0,0.16277734082208878,0.04295856801635745,3194828.7033765037,0.4935459340432247,0.13025170745334744,9686819.483305449
NBO-0312,-1.27629,36.836385,semi_permanent,28,14200,400000.0,True,"generated for hackathon starter kit, not a real portfolio",0.04721862268548102,0.0,0.0,0.0,0.0,3975000.0,0.04721862268548102,Kirinyaga Road,0.0,0.0,0.0,0.0,0.0,0.0,0.0,0.0,0.0,0.0,0.0,0.0,0.0,0.18887449074192408,0.09719944036081732,38879.77614432693
NBO-0313,-1.204866,36.703881,permanent_masonry,104,47600,4950000.0,True,"generated for hackathon starter kit, not a real portfolio",0.0,0.0,0.0,0.0,0.0,49505000.0,0.0,,0.0,0.0,0.0,0.0,0.0,0.0,0.0,0.0,0.0,0.0,0.0,0.0,0.0,0.0,0.0,0.0
NBO-0314,-1.182174,36.721902,permanent_masonry,218,52600,11465000.0,True,"generated for hackathon starter kit, not a real portfolio",0.0,0.0,0.0,0.0,0.0,114670000.0,0.0,,0.0,0.0,0.0,0.0,0.0,0.0,0.0,0.0,0.0,0.0,0.0,0.0,0.0,0.0,0.0,0.0
NBO-0315,-1.181293,36.796118,semi_permanent,24,15700,375000.0,True,"generated for hackathon starter kit, not a real portfolio",0.0,0.0,0.0,0.0,0.0,3770000.0,0.0,,0.0,0.0,0.0,0.0,0.0,0.0,0.0,0.0,0.0,0.0,0.0,0.0,0.0,0.0,0.0,0.0
NBO-0316,-1.206311,36.910658,concrete_rcc,874,59800,52265000.0,True,"generated for hackathon starter kit, not a real portfolio",0.7557917464573428,0.5922756791114807,0.5495619177818298,0.4821991622447967,0.4046871066093445,522650000.0,0.1283582080204532,Githurai,0.6274335384368896,2.4390651739043965,0.47981870206597094,25077724.46347797,2.642344664113094,0.5054436267309027,26417011.15109063,2.818966250549355,0.5250770228740098,27443150.600510124,2.931020995654817,0.5372665397451232,28080235.699778862,3.0231669858293713,0.5472903464190936,28604129.955593925
NBO-0317,-1.245344,36.806905,informal_iron_sheet,25,8600,215000.0,True,"generated for hackathon starter kit, not a real portfolio",0.0,0.0,0.0,0.0,0.0,2150000.0,0.0,,0.0,0.0,0.0,0.0,0.0,0.0,0.0,0.0,0.0,0.0,0.0,0.0,0.0,0.0,0.0,0.0
NBO-0318,-1.332425,36.855886,informal_iron_sheet,15,8900,135000.0,True,"generated for hackathon starter kit, not a real portfolio",0.14221550825367382,0.0,0.0,0.0,0.0,1335000.0,0.14221550825367382,Mombasa Road,0.0,0.0,0.0,0.0,0.0,0.0,0.0,0.0,0.0,0.0,0.2451981101058167,0.1639325908696661,22130.899767404924,0.5688620330146953,0.3322999225528886,44860.48954463996
NBO-0319,-1.256119,36.841093,semi_permanent,57,11600,660000.0,True,"generated for hackathon starter kit, not a real portfolio",0.001763232250810403,0.0,0.0,0.0,0.0,6610000.0,0.001763232250810403,Eastleigh,0.0,0.0,0.0,0.0,0.0,0.0,0.0,0.0,0.0,0.0,0.0,0.0,0.0,0.007052929003241612,0.0036296100618287133,2395.5426408069507
NBO-0320,-1.348242,36.720226,semi_permanent,27,15200,410000.0,True,"generated for hackathon starter kit, not a real portfolio",0.013901576034942338,0.0,0.0,0.0,0.0,4105000.0,0.013901576034942338,Langata Road,0.0,0.0,0.0,0.0,0.0,0.0,0.0,0.0,0.0,0.0,0.0,0.0,0.0,0.05560630413976935,0.02861636646477673,11732.71025055846
NBO-0321,-1.214463,36.819394,semi_permanent,28,11100,310000.0,True,"generated for hackathon starter kit, not a real portfolio",0.0,0.0,0.0,0.0,0.0,3110000.0,0.0,,0.0,0.0,0.0,0.0,0.0,0.0,0.0,0.0,0.0,0.0,0.0,0.0,0.0,0.0,0.0,0.0
NBO-0322,-1.317859,36.80791,concrete_rcc,619,63800,39490000.0,True,"generated for hackathon starter kit, not a real portfolio",0.21606467038845248,0.0097343074157834,0.0,0.0,0.0,394920000.0,0.12094025433515738,Mbagathi Way,0.0951244160532951,0.0,0.0,0.0,0.0,0.0,0.0,0.2087518819414943,0.055091709163179764,2175571.594853969,0.5684599272858503,0.15002225941000877,5924379.024101246,0.8642586815538099,0.21347505336879746,8430129.857533813
NBO-0323,-1.269099,36.814491,permanent_masonry,89,40500,3605000.0,True,"generated for hackathon starter kit, not a real portfolio",0.064292358660884,0.0,0.0,0.0,0.0,36045000.0,0.064292358660884,Nairobi Expressway,0.0,0.0,0.0,0.0,0.0,0.0,0.0,0.0,0.0,0.0,0.0,0.0,0.0,0.257169434643536,0.09614857945376541,346615.6289308243
NBO-0324,-1.327675,36.927681,concrete_rcc,501,62000,31060000.0,True,"generated for hackathon starter kit, not a real portfolio",0.111393854022026,0.0275390371680259,0.0,0.0,0.0,310620000.0,0.0,,0.111393854022026,0.0,0.0,0.0,0.0,0.0,0.0,0.0,0.0,0.0,0.11028169849869122,0.029104443050789602,903984.001157525,0.445575416088104,0.11759180805981154,3652401.558337746
NBO-0325,-1.213059,36.774836,concrete_rcc,1593,70100,111670000.0,True,"generated for hackathon starter kit, not a real portfolio",0.0,0.0,0.0,0.0,0.0,1116695000.0,0.0,,0.0,0.0,0.0,0.0,0.0,0.0,0.0,0.0,0.0,0.0,0.0,0.0,0.0,0.0,0.0,0.0
NBO-0326,-1.274304,36.944364,permanent_masonry,125,52900,6610000.0,True,"generated for hackathon starter kit, not a real portfolio",0.326412945985794,0.2628487646579742,0.1856237947940826,0.0638343766331672,0.0,66125000.0,0.0,,0.326412945985794,0.0,0.0,0.0,0.25524917851727025,0.09543064849519813,630796.5865532596,0.7424154079835281,0.25217348465483436,1666866.733568455,1.0514902428793786,0.33482971585549937,2213224.421804851,1.305651783943176,0.4006614690787553,2648372.3106105723
NBO-0327,-1.285088,36.818006,informal_iron_sheet,13,8300,110000.0,True,"generated for hackathon starter kit, not a real portfolio",0.1141353427476718,0.0,0.0,0.0,0.0,1080000.0,0.1141353427476718,Central Business District,0.0,0.0,0.0,0.0,0.0,0.0,0.0,0.0,0.0,0.0,0.12228208687971899,0.08175437938934749,8992.981732828224,0.4565413709906872,0.278246942816126,30607.16370977386
NBO-0328,-1.341179,36.819429,semi_permanent,36,15100,545000.0,True,"generated for hackathon starter kit, not a real portfolio",0.0,0.0,0.0,0.0,0.0,5435000.0,0.0,,0.0,0.0,0.0,0.0,0.0,0.0,0.0,0.0,0.0,0.0,0.0,0.0,0.0,0.0,0.0,0.0
NBO-0329,-1.231313,36.878088,permanent_masonry,47,50200,2360000.0,True,"generated for hackathon starter kit, not a real portfolio",0.09997098177235363,0.0,0.0,0.0,0.0,23595000.0,0.09997098177235363,Thika Road,0.0,0.0,0.0,0.0,0.0,0.0,0.0,0.0,0.0,0.0,0.060280069040725005,0.02253706011242846,53187.46186533116,0.3998839270894145,0.14950560353073714,352833.22433253966
NBO-0330,-1.344911,36.819275,permanent_masonry,88,64100,5640000.0,True,"generated for hackathon starter kit, not a real portfolio",0.037077147513628,0.0,0.0,0.0,0.0,56410000.0,0.0,,0.037077147513628,0.0,0.0,0.0,0.0,0.0,0.0,0.0,0.0,0.0,0.0,0.0,0.0,0.148308590054512,0.05544850333515553,312729.5588102772
NBO-0331,-1.299253,36.714793,semi_permanent,24,14200,340000.0,True,"generated for hackathon starter kit, not a real portfolio",0.0,0.0,0.0,0.0,0.0,3410000.0,0.0,,0.0,0.0,0.0,0.0,0.0,0.0,0.0,0.0,0.0,0.0,0.0,0.0,0.0,0.0,0.0,0.0
NBO-0332,-1.210051,36.840545,informal_iron_sheet,15,6500,100000.0,True,"generated for hackathon starter kit, not a real portfolio",0.0,0.0,0.0,0.0,0.0,975000.0,0.0,,0.0,0.0,0.0,0.0,0.0,0.0,0.0,0.0,0.0,0.0,0.0,0.0,0.0,0.0,0.0,0.0
NBO-0333,-1.271368,36.72167,informal_iron_sheet,18,8800,160000.0,True,"generated for hackathon starter kit, not a real portfolio",0.0,0.0,0.0,0.0,0.0,1585000.0,0.0,,0.0,0.0,0.0,0.0,0.0,0.0,0.0,0.0,0.0,0.0,0.0,0.0,0.0,0.0,0.0,0.0
NBO-0334,-1.300269,36.932332,semi_permanent,26,15300,400000.0,True,"generated for hackathon starter kit, not a real portfolio",0.1508359909057617,0.070703200995922,0.0,0.0,0.0,3980000.0,0.0,,0.1508359909057617,0.0,0.0,0.0,0.0,0.0,0.0,0.0,0.0,0.0,0.282932768245838,0.14560413439213027,58241.65375685211,0.6033439636230468,0.278955401342926,111582.1605371704
NBO-0335,-1.204821,36.777835,concrete_rcc,641,78000,50000000.0,True,"generated for hackathon starter kit, not a real portfolio",0.0,0.0,0.0,0.0,0.0,499980000.0,0.0,,0.0,0.0,0.0,0.0,0.0,0.0,0.0,0.0,0.0,0.0,0.0,0.0,0.0,0.0,0.0,0.0
NBO-0336,-1.31156,36.933433,concrete_rcc,727,58500,42530000.0,True,"generated for hackathon starter kit, not a real portfolio",0.0389851070940494,0.0,0.0,0.0,0.0,425295000.0,0.0,,0.0389851070940494,0.0,0.0,0.0,0.0,0.0,0.0,0.0,0.0,0.0,0.0,0.0,0.0,0.1559404283761976,0.04115423845276231,1750289.761395981
NBO-0337,-1.182634,36.829649,semi_permanent,52,14700,765000.0,True,"generated for hackathon starter kit, not a real portfolio",0.0,0.0,0.0,0.0,0.0,7645000.0,0.0,,0.0,0.0,0.0,0.0,0.0,0.0,0.0,0.0,0.0,0.0,0.0,0.0,0.0,0.0,0.0,0.0
NBO-0338,-1.300632,36.895328,semi_permanent,49,15800,775000.0,True,"generated for hackathon starter kit, not a real portfolio",0.23962809007904354,0.1086067259311676,0.0152231585234403,0.0,0.0,7740000.0,0.05415697258255314,Kware Road,0.1854711174964904,0.0,0.0,0.0,0.0,0.0,0.0,0.32270869340608654,0.1660737999897606,128707.19499206447,0.6716046840842352,0.3042409933977721,235786.76988327337,0.9585123603161742,0.4078883129674335,316113.442549761
NBO-0339,-1.310599,36.826601,concrete_rcc,657,66900,43955000.0,True,"generated for hackathon starter kit, not a real portfolio",0.3245360178516439,0.1367452889680862,0.0463095493614673,0.0,0.0,439535000.0,0.11335272319775136,Nairobi West,0.2111832946538925,0.0,0.0,0.0,0.24481455372699845,0.06460900887409217,2839888.985060721,0.7333382558415857,0.18860509509148166,8290136.954746076,1.0432743175821575,0.24748129322626886,10878040.243760647,1.2981440714065755,0.29589696335016447,13006151.02405648
NBO-0340,-1.1977,36.752666,semi_permanent,65,12400,805000.0,True,"generated for hackathon starter kit, not a real portfolio",0.0,0.0,0.0,0.0,0.0,8060000.0,0.0,,0.0,0.0,0.0,0.0,0.0,0.0,0.0,0.0,0.0,0.0,0.0,0.0,0.0,0.0,0.0,0.0
NBO-0341,-1.346872,36.949269,semi_permanent,43,14800,635000.0,True,"generated for hackathon starter kit, not a real portfolio",0.0418274588882923,0.0,0.0,0.0,0.0,6365000.0,0.0,,0.0418274588882923,0.0,0.0,0.0,0.0,0.0,0.0,0.0,0.0,0.0,0.0,0.0,0.0,0.1673098355531692,0.08610174046663192,54674.60519631127
NBO-0342,-1.200346,36.858594,informal_iron_sheet,19,10000,190000.0,True,"generated for hackathon starter kit, not a real portfolio",0.0885274410247802,0.0025147935375571,0.0,0.0,0.0,1900000.0,0.0,,0.0885274410247802,0.0,0.0,0.0,0.0,0.0,0.0,0.0,0.0,0.0,0.010187966840797572,0.006811389366685715,1294.163979670286,0.3541097640991208,0.2289529529843138,43501.061067019626
NBO-0343,-1.254997,36.812644,semi_permanent,45,13000,585000.0,True,"generated for hackathon starter kit, not a real portfolio",0.009420275540988858,0.0,0.0,0.0,0.0,5850000.0,0.009420275540988858,Nairobi Expressway,0.0,0.0,0.0,0.0,0.0,0.0,0.0,0.0,0.0,0.0,0.0,0.0,0.0,0.037681102163955434,0.019391618360574483,11344.096740936073
NBO-0344,-1.213194,36.935062,permanent_masonry,70,46100,3225000.0,True,"generated for hackathon starter kit, not a real portfolio",0.1862595975399017,0.1094696074724197,0.0161764416843652,0.0,0.0,32270000.0,0.0,,0.1862595975399017,0.0,0.0,0.0,0.0,0.0,0.0,0.06460934610035889,0.02415565774990643,77901.99624344823,0.4379934232431679,0.1637536961314813,528105.6700240272,0.7450383901596068,0.2528793643063783,815535.94988807
NBO-0345,-1.278319,36.839113,semi_permanent,51,13000,665000.0,True,"generated for hackathon starter kit, not a real portfolio",0.03901178330466911,0.0,0.0,0.0,0.0,6630000.0,0.03901178330466911,Eastleigh,0.0,0.0,0.0,0.0,0.0,0.0,0.0,0.0,0.0,0.0,0.0,0.0,0.0,0.15604713321867644,0.08030567790909476,53403.27580954802
NBO-0346,-1.306948,36.801566,informal_iron_sheet,17,10000,170000.0,True,"generated for hackathon starter kit, not a real portfolio",0.03835459094860907,0.0,0.0,0.0,0.0,1700000.0,0.03835459094860907,Mbagathi Way,0.0,0.0,0.0,0.0,0.0,0.0,0.0,0.0,0.0,0.0,0.0,0.0,0.0,0.15341836379443627,0.10257122231877384,17437.107794191554
NBO-0347,-1.274636,36.749664,informal_iron_sheet,12,8000,95000.0,True,"generated for hackathon starter kit, not a real portfolio",0.2982476651668548,0.2320256233215332,0.151571586728096,0.0246896743774414,0.0,960000.0,0.0,,0.2982476651668548,0.0,0.0,0.0,0.09866665832858805,0.06596576509206079,6266.747683745774,0.6062031926821657,0.3502699105362354,33275.641500942365,0.9282016422274232,0.4997527321836861,47476.50955745018,1.1929906606674192,0.5856494500822448,55636.69775781326
NBO-0348,-1.317463,36.783427,concrete_rcc,773,81100,62690000.0,True,"generated for hackathon starter kit, not a real portfolio",0.21587968173185507,0.070271149277687,0.0,0.0,0.0,626905000.0,0.06543848219076316,Lang’ata Road,0.1504411995410919,0.0,0.0,0.0,0.0,0.0,0.0,0.20785724450177764,0.05485560539646414,3438897.902304337,0.5676501717305978,0.1498085568214221,9391498.427134952,0.8635187269274203,0.21333448981207737,13373939.16631913
NBO-0349,-1.343824,36.902898,informal_iron_sheet,19,8100,155000.0,True,"generated for hackathon starter kit, not a real portfolio",0.11520414070517121,0.0,0.0,0.0,0.0,1540000.0,0.071466207665506,Pipeline/Embakasi,0.0437379330396652,0.0,0.0,0.0,0.0,0.0,0.0,0.0,0.0,0.0,0.12696056338442202,0.0848822777830498,13156.753056372718,0.46081656282068484,0.2803043279240257,43447.170828223985
NBO-0350,-1.292185,36.740383,concrete_rcc,618,77000,47585000.0,True,"generated for hackathon starter kit, not a real portfolio",0.0534680858254432,0.0,0.0,0.0,0.0,475860000.0,0.0,,0.0534680858254432,0.0,0.0,0.0,0.0,0.0,0.0,0.0,0.0,0.0,0.0,0.0,0.0,0.2138723433017728,0.05644305012077086,2685842.5399968815
NBO-0351,-1.241881,36.815722,informal_iron_sheet,18,7500,135000.0,True,"generated for hackathon starter kit, not a real portfolio",0.0,0.0,0.0,0.0,0.0,1350000.0,0.0,,0.0,0.0,0.0,0.0,0.0,0.0,0.0,0.0,0.0,0.0,0.0,0.0,0.0,0.0,0.0,0.0
NBO-0352,-1.310166,36.860695,semi_permanent,54,11300,610000.0,True,"generated for hackathon starter kit, not a real portfolio",0.13314997710391113,0.0,0.0,0.0,0.0,6100000.0,0.13314997710391113,Lunga Lunga Road,0.0,0.0,0.0,0.0,0.0,0.0,0.0,0.0,0.0,0.0,0.20551532984859328,0.1057632238656674,64515.566558057115,0.5325999084156445,0.2527499158427113,154177.44866405387
NBO-0353,-1.331766,36.81104,concrete_rcc,509,77300,39345000.0,True,"generated for hackathon starter kit, not a real portfolio",0.005410161604342614,0.0,0.0,0.0,0.0,393455000.0,0.005410161604342614,Mbagathi Way,0.0,0.0,0.0,0.0,0.0,0.0,0.0,0.0,0.0,0.0,0.0,0.0,0.0,0.021640646417370457,0.005711182996008238,224706.49497794412
NBO-0354,-1.225862,36.799735,permanent_masonry,58,54500,3160000.0,True,"generated for hackathon starter kit, not a real portfolio",0.0,0.0,0.0,0.0,0.0,31610000.0,0.0,,0.0,0.0,0.0,0.0,0.0,0.0,0.0,0.0,0.0,0.0,0.0,0.0,0.0,0.0,0.0,0.0
NBO-0355,-1.347451,36.709257,informal_iron_sheet,13,8200,105000.0,True,"generated for hackathon starter kit, not a real portfolio",0.009963084980016126,0.0,0.0,0.0,0.0,1065000.0,0.009963084980016126,Langata Road,0.0,0.0,0.0,0.0,0.0,0.0,0.0,0.0,0.0,0.0,0.0,0.0,0.0,0.039852339920064504,0.026644158605037365,2797.6366535289235
NBO-0356,-1.203566,36.90393,informal_iron_sheet,15,7500,110000.0,True,"generated for hackathon starter kit, not a real portfolio",0.5177923510950928,0.4336170554161072,0.3742820024490356,0.2807062864303589,0.1730318069458007,1125000.0,0.03533638223828125,Githurai,0.4824559688568115,0.9178162422185543,0.4949424176225861,54443.665938484475,1.3192069553584032,0.6229272415135637,68521.996566492,1.6679596232382679,0.7190366970293909,79094.036673233,1.8892201842639214,0.7779625617536199,85575.88179289819,2.0711694043803712,0.801883862400458,88207.22486405037
NBO-0357,-1.347865,36.718488,permanent_masonry,89,54600,4860000.0,True,"generated for hackathon starter kit, not a real portfolio",0.01701522548562167,0.0,0.0,0.0,0.0,48595000.0,0.01701522548562167,Langata Road,0.0,0.0,0.0,0.0,0.0,0.0,0.0,0.0,0.0,0.0,0.0,0.0,0.0,0.06806090194248668,0.025446099561492352,123668.04386885284
NBO-0358,-1.310107,36.808186,permanent_masonry,76,44400,3375000.0,True,"generated for hackathon starter kit, not a real portfolio",0.3516497730866304,0.1753192394971847,0.0889245644211769,0.0,0.0,33745000.0,0.10521873530300772,Mbagathi Way,0.2464310377836227,0.0,0.0,0.0,0.39555120548508904,0.14788571807272397,499114.29849544336,0.8644651098374099,0.2850186948897188,961938.095252801,1.1619600485297896,0.36344309675396286,1226620.4515446248,1.4065990923465217,0.42680837654377124,1440478.270835228
NBO-0359,-1.274801,36.721075,semi_permanent,36,10000,360000.0,True,"generated for hackathon starter kit, not a real portfolio",0.0,0.0,0.0,0.0,0.0,3600000.0,0.0,,0.0,0.0,0.0,0.0,0.0,0.0,0.0,0.0,0.0,0.0,0.0,0.0,0.0,0.0,0.0,0.0
NBO-0360,-1.306434,36.778519,informal_iron_sheet,20,6700,135000.0,True,"generated for hackathon starter kit, not a real portfolio",0.20943561031717228,0.0,0.0,0.0,0.0,1340000.0,0.20943561031717228,Kibra,0.0,0.0,0.0,0.0,0.0,0.0,0.0,0.17669259009634766,0.11813171834589536,15947.781976695875,0.5394423738987625,0.31814206228568254,42949.17840856714,0.8377424412686891,0.4578537960632032,61810.26246853243
NBO-0361,-1.260813,36.895214,informal_iron_sheet,9,5400,50000.0,True,"generated for hackathon starter kit, not a real portfolio",0.23916639480479823,0.124234639108181,0.0324882715940475,0.0,0.0,485000.0,0.039414958094440636,Embakasi North,0.1997514367103576,0.0,0.0,0.0,0.0,0.0,0.0,0.32047585445435006,0.21276703488397086,10638.351744198542,0.6695836936082217,0.37996594660562905,18998.297330281453,0.9566655792191929,0.510179999528086,25508.999976404302
NBO-0362,-1.218859,36.931263,concrete_rcc,1382,59900,82780000.0,True,"generated for hackathon starter kit, not a real portfolio",0.2912556231021881,0.224373772740364,0.1431181132793426,0.0149719882756471,0.0,827820000.0,0.0,,0.2912556231021881,0.0,0.0,0.0,0.05979498597463841,0.015780494748566822,1306309.3552863616,0.572388456545463,0.15105903756691316,12504667.129789071,0.8975951985212874,0.2198077381395802,18195684.56319445,1.1650224924087524,0.2706088687119484,22401002.151975088
NBO-0363,-1.265965,36.71004,permanent_masonry,83,50400,4185000.0,True,"generated for hackathon starter kit, not a real portfolio",0.1573828756809234,0.0778678953647613,0.0,0.0,0.0,41830000.0,0.0,,0.1573828756809234,0.0,0.0,0.0,0.0,0.0,0.0,0.0,0.0,0.0,0.3115906136175242,0.11649516168971784,487532.25167146913,0.6295315027236936,0.22179491310508245,928211.71134477
NBO-0364,-1.270336,36.775293,permanent_masonry,90,35700,3215000.0,True,"generated for hackathon starter kit, not a real portfolio",0.05355063447219773,0.0,0.0,0.0,0.0,32130000.0,0.05355063447219773,Dagoretti North,0.0,0.0,0.0,0.0,0.0,0.0,0.0,0.0,0.0,0.0,0.0,0.0,0.0,0.21420253788879093,0.08008443834682699,257471.46928504878
NBO-0365,-1.245682,36.872151,permanent_masonry,127,58600,7440000.0,True,"generated for hackathon starter kit, not a real portfolio",0.0554089229273856,0.0,0.0,0.0,0.0,74420000.0,0.0379084050375284,Thika Road,0.0175005178898572,0.0,0.0,0.0,0.0,0.0,0.0,0.0,0.0,0.0,0.0,0.0,0.0,0.2216356917095424,0.08286349014867589,616504.3667061486
NBO-0366,-1.294328,36.79296,informal_iron_sheet,13,6200,80000.0,True,"generated for hackathon starter kit, not a real portfolio",0.05476904228739775,0.0,0.0,0.0,0.0,805000.0,0.03303557761423625,Kilimani,0.0217334646731615,0.0,0.0,0.0,0.0,0.0,0.0,0.0,0.0,0.0,0.0,0.0,0.0,0.219076169149591,0.14646819256068036,11717.455404854429
NBO-0367,-1.279863,36.946799,informal_iron_sheet,22,6500,145000.0,True,"generated for hackathon starter kit, not a real portfolio",0.2002120167016983,0.1247386783361435,0.0330451130867004,0.0,0.0,1430000.0,0.0,,0.2002120167016983,0.0,0.0,0.0,0.0,0.0,0.0,0.13208568106249938,0.08830878795931733,12804.774254101014,0.4990677027870357,0.29871223307924377,43313.27379649035,0.8008480668067932,0.44076504199064254,63910.93108864317
NBO-0368,-1.281142,36.73553,permanent_masonry,162,54400,8815000.0,True,"generated for hackathon starter kit, not a real portfolio",0.0,0.0,0.0,0.0,0.0,88130000.0,0.0,,0.0,0.0,0.0,0.0,0.0,0.0,0.0,0.0,0.0,0.0,0.0,0.0,0.0,0.0,0.0,0.0
NBO-0369,-1.304822,36.734471,semi_permanent,36,15600,560000.0,True,"generated for hackathon starter kit, not a real portfolio",0.0,0.0,0.0,0.0,0.0,5615000.0,0.0,,0.0,0.0,0.0,0.0,0.0,0.0,0.0,0.0,0.0,0.0,0.0,0.0,0.0,0.0,0.0,0.0
NBO-0370,-1.259124,36.882024,informal_iron_sheet,20,6500,130000.0,True,"generated for hackathon starter kit, not a real portfolio",0.25140504667602365,0.1084472313523292,0.0150469569489359,0.0,0.0,1300000.0,0.06607967743717025,Huruma,0.1853253692388534,0.0,0.0,0.0,0.0,0.0,0.0,0.37966411159967917,0.24125067811113535,31362.588154447596,0.7231562559685868,0.40477971175453287,52621.362528089274,1.0056201867040946,0.5258134536935908,68355.7489801668
NBO-0371,-1.18152,36.87356,permanent_masonry,100,63800,6380000.0,True,"generated for hackathon starter kit, not a real portfolio",0.0,0.0,0.0,0.0,0.0,63800000.0,0.0,,0.0,0.0,0.0,0.0,0.0,0.0,0.0,0.0,0.0,0.0,0.0,0.0,0.0,0.0,0.0,0.0
NBO-0372,-1.244471,36.934206,semi_permanent,46,12600,580000.0,True,"generated for hackathon starter kit, not a real portfolio",0.3388372659683227,0.2764455080032348,0.2006449699401855,0.0811019539833068,0.0,5795000.0,0.0,,0.3388372659683227,0.0,0.0,0.0,0.32432114506364235,0.16690360711780441,96804.09212832656,0.8025015885301545,0.3522662480540175,204314.42387133016,1.105875534989375,0.4604272753331996,267047.81969325576,1.3553490638732908,0.5270619978005218,305695.95872430265
NBO-0373,-1.333748,36.718557,permanent_masonry,174,59900,10425000.0,True,"generated for hackathon starter kit, not a real portfolio",0.13914866073420012,0.0,0.0,0.0,0.0,104225000.0,0.13914866073420012,Langata Road,0.0,0.0,0.0,0.0,0.0,0.0,0.0,0.0,0.0,0.0,0.23177352039483531,0.08665374550381806,903365.2968773033,0.5565946429368005,0.20216662678250835,2107587.0842076493
NBO-0374,-1.306874,36.704134,informal_iron_sheet,14,8400,120000.0,True,"generated for hackathon starter kit, not a real portfolio",0.0,0.0,0.0,0.0,0.0,1175000.0,0.0,,0.0,0.0,0.0,0.0,0.0,0.0,0.0,0.0,0.0,0.0,0.0,0.0,0.0,0.0,0.0,0.0
NBO-0375,-1.265587,36.732079,permanent_masonry,117,45500,5325000.0,True,"generated for hackathon starter kit, not a real portfolio",0.0,0.0,0.0,0.0,0.0,53235000.0,0.0,,0.0,0.0,0.0,0.0,0.0,0.0,0.0,0.0,0.0,0.0,0.0,0.0,0.0,0.0,0.0,0.0
NBO-0376,-1.330722,36.930502,semi_permanent,64,13100,840000.0,True,"generated for hackathon starter kit, not a real portfolio",0.0513914301991462,0.0,0.0,0.0,0.0,8385000.0,0.0,,0.0513914301991462,0.0,0.0,0.0,0.0,0.0,0.0,0.0,0.0,0.0,0.0,0.0,0.0,0.2055657207965848,0.10578915628208206,88862.89127694893
NBO-0377,-1.240753,36.808486,semi_permanent,41,15900,650000.0,True,"generated for hackathon starter kit, not a real portfolio",0.0881503224372863,0.0021020944695919,0.0,0.0,0.0,6520000.0,0.0,,0.0881503224372863,0.0,0.0,0.0,0.0,0.0,0.0,0.0,0.0,0.0,0.00853719604852832,0.004393450247875862,2855.7426611193105,0.3526012897491452,0.18145726243650898,117947.22058373083
NBO-0378,-1.232748,36.807252,semi_permanent,24,8200,195000.0,True,"generated for hackathon starter kit, not a real portfolio",0.0,0.0,0.0,0.0,0.0,1970000.0,0.0,,0.0,0.0,0.0,0.0,0.0,0.0,0.0,0.0,0.0,0.0,0.0,0.0,0.0,0.0,0.0,0.0
NBO-0379,-1.244467,36.767451,permanent_masonry,108,48200,5205000.0,True,"generated for hackathon starter kit, not a real portfolio",0.004665154359320292,0.0,0.0,0.0,0.0,52055000.0,0.004665154359320292,Westlands,0.0,0.0,0.0,0.0,0.0,0.0,0.0,0.0,0.0,0.0,0.0,0.0,0.0,0.018660617437281167,0.006976691692819903,36313.68026112759
NBO-0380,-1.256632,36.748659,permanent_masonry,131,57500,7530000.0,True,"generated for hackathon starter kit, not a real portfolio",0.0,0.0,0.0,0.0,0.0,75325000.0,0.0,,0.0,0.0,0.0,0.0,0.0,0.0,0.0,0.0,0.0,0.0,0.0,0.0,0.0,0.0,0.0,0.0
NBO-0381,-1.305364,36.729212,permanent_masonry,89,55900,4975000.0,True,"generated for hackathon starter kit, not a real portfolio",0.0,0.0,0.0,0.0,0.0,49750000.0,0.0,,0.0,0.0,0.0,0.0,0.0,0.0,0.0,0.0,0.0,0.0,0.0,0.0,0.0,0.0,0.0,0.0
NBO-0382,-1.287241,36.888335,informal_iron_sheet,21,8500,180000.0,True,"generated for hackathon starter kit, not a real portfolio",0.05304604337014615,0.0,0.0,0.0,0.0,1785000.0,0.003562539223808648,Makadara,0.0494835041463375,0.0,0.0,0.0,0.0,0.0,0.0,0.0,0.0,0.0,0.0,0.0,0.0,0.2121841734805846,0.1418603972322614,25534.871501807054
NBO-0383,-1.306754,36.710739,concrete_rcc,1386,67900,94110000.0,True,"generated for hackathon starter kit, not a real portfolio",0.0,0.0,0.0,0.0,0.0,941095000.0,0.0,,0.0,0.0,0.0,0.0,0.0,0.0,0.0,0.0,0.0,0.0,0.0,0.0,0.0,0.0,0.0,0.0
NBO-0384,-1.266942,36.885308,concrete_rcc,1375,61200,84150000.0,True,"generated for hackathon starter kit, not a real portfolio",0.2793240430528964,0.1970251351594925,0.1129044070839881,0.0,0.0,841500000.0,0.013058799761041599,Huruma,0.2662652432918548,0.0,0.0,0.0,0.0,0.0,0.0,0.5146852523414165,0.13583058494542324,11430143.723157367,0.8453667894633241,0.20988630420674778,17661932.498997826,1.1172961722115855,0.2615426623841261,22008815.03962421
NBO-0385,-1.20217,36.825202,informal_iron_sheet,10,5900,60000.0,True,"generated for hackathon starter kit, not a real portfolio",0.0,0.0,0.0,0.0,0.0,590000.0,0.0,,0.0,0.0,0.0,0.0,0.0,0.0,0.0,0.0,0.0,0.0,0.0,0.0,0.0,0.0,0.0,0.0
NBO-0386,-1.290194,36.745156,permanent_masonry,148,52000,7695000.0,True,"generated for hackathon starter kit, not a real portfolio",0.0,0.0,0.0,0.0,0.0,76960000.0,0.0,,0.0,0.0,0.0,0.0,0.0,0.0,0.0,0.0,0.0,0.0,0.0,0.0,0.0,0.0,0.0,0.0
NBO-0387,-1.229012,36.757269,semi_permanent,29,8700,250000.0,True,"generated for hackathon starter kit, not a real portfolio",0.0,0.0,0.0,0.0,0.0,2525000.0,0.0,,0.0,0.0,0.0,0.0,0.0,0.0,0.0,0.0,0.0,0.0,0.0,0.0,0.0,0.0,0.0,0.0
NBO-0388,-1.278278,36.710888,concrete_rcc,763,56400,43035000.0,True,"generated for hackathon starter kit, not a real portfolio",0.2529658675193786,0.1824707388877868,0.0968252643942833,0.0,0.0,430330000.0,0.0,,0.2529658675193786,0.0,0.0,0.0,0.0,0.0,0.0,0.3872125136954594,0.10218925448936869,4397714.566949981,0.7299884767755684,0.18796876302063126,8089235.716592866,1.0118634700775144,0.24151441324825285,10393572.77413856
NBO-0389,-1.270773,36.910552,semi_permanent,25,13300,330000.0,True,"generated for hackathon starter kit, not a real portfolio",0.12813428411747124,0.0,0.0,0.0,0.0,3325000.0,0.07607484603787575,Kayole,0.0520594380795955,0.0,0.0,0.0,0.0,0.0,0.0,0.0,0.0,0.0,0.1835600092688608,0.09446447798998285,31173.27773669434,0.512537136469885,0.24531812983924642,80954.98284695132
NBO-0390,-1.19186,36.849251,semi_permanent,60,8900,535000.0,True,"generated for hackathon starter kit, not a real portfolio",0.0,0.0,0.0,0.0,0.0,5340000.0,0.0,,0.0,0.0,0.0,0.0,0.0,0.0,0.0,0.0,0.0,0.0,0.0,0.0,0.0,0.0,0.0,0.0
NBO-0391,-1.303499,36.883827,permanent_masonry,190,41500,7885000.0,True,"generated for hackathon starter kit, not a real portfolio",0.07625275622458413,0.0,0.0,0.0,0.0,78850000.0,0.06615822441281043,Kware Road,0.0100945318117737,0.0,0.0,0.0,0.0,0.0,0.0,0.0,0.0,0.0,0.0,0.0,0.0,0.30501102489833654,0.11403523440630332,899167.8232937017
NBO-0392,-1.199582,36.834712,informal_iron_sheet,8,9100,75000.0,True,"generated for hackathon starter kit, not a real portfolio",0.0,0.0,0.0,0.0,0.0,730000.0,0.0,,0.0,0.0,0.0,0.0,0.0,0.0,0.0,0.0,0.0,0.0,0.0,0.0,0.0,0.0,0.0,0.0
NBO-0393,-1.333316,36.714996,semi_permanent,28,12100,340000.0,True,"generated for hackathon starter kit, not a real portfolio",0.13483000167000586,0.0,0.0,0.0,0.0,3390000.0,0.13483000167000586,Langata Road,0.0,0.0,0.0,0.0,0.0,0.0,0.0,0.0,0.0,0.0,0.21286934414535288,0.10954777979613016,37246.245130684256,0.5393200066800234,0.2552392195320589,86781.33464090004
NBO-0394,-1.223109,36.877667,informal_iron_sheet,21,6600,140000.0,True,"generated for hackathon starter kit, not a real portfolio",0.0669403497043983,0.0,0.0,0.0,0.0,1385000.0,0.0669403497043983,Roysambu,0.0,0.0,0.0,0.0,0.0,0.0,0.0,0.0,0.0,0.0,0.0,0.0,0.0,0.2677613988175932,0.17901777393027593,25062.48835023863
NBO-0395,-1.288387,36.922284,informal_iron_sheet,14,6600,90000.0,True,"generated for hackathon starter kit, not a real portfolio",0.1207952201366424,0.0378275774419307,0.0,0.0,0.0,925000.0,0.0,,0.1207952201366424,0.0,0.0,0.0,0.0,0.0,0.0,0.0,0.0,0.0,0.1514345376959615,0.10124489173646438,9112.040256281794,0.4831808805465696,0.2910668892469405,26196.020032224646
NBO-0396,-1.202279,36.766078,informal_iron_sheet,13,9100,120000.0,True,"generated for hackathon starter kit, not a real portfolio",0.0,0.0,0.0,0.0,0.0,1185000.0,0.0,,0.0,0.0,0.0,0.0,0.0,0.0,0.0,0.0,0.0,0.0,0.0,0.0,0.0,0.0,0.0,0.0
NBO-0397,-1.334262,36.797507,concrete_rcc,1159,82000,95040000.0,True,"generated for hackathon starter kit, not a real portfolio",0.005032698154883363,0.0,0.0,0.0,0.0,950380000.0,0.005032698154883363,Lang’ata Road,0.0,0.0,0.0,0.0,0.0,0.0,0.0,0.0,0.0,0.0,0.0,0.0,0.0,0.02013079261953345,0.005312717480221074,504920.6693202108
NBO-0398,-1.212112,36.947855,semi_permanent,34,10600,360000.0,True,"generated for hackathon starter kit, not a real portfolio",0.2611806988716125,0.1914607733488083,0.1067571118474006,0.0,0.0,3605000.0,0.0,,0.2611806988716125,0.0,0.0,0.0,0.0,0.0,0.0,0.4269408723086084,0.21361098988558178,76899.95635880945,0.7659474671552309,0.3391880773127212,122107.70783257963,1.04472279548645,0.4386246676842212,157904.88036631964
NBO-0399,-1.208904,36.854328,semi_permanent,23,14900,345000.0,True,"generated for hackathon starter kit, not a real portfolio",0.0,0.0,0.0,0.0,0.0,3425000.0,0.0,,0.0,0.0,0.0,0.0,0.0,0.0,0.0,0.0,0.0,0.0,0.0,0.0,0.0,0.0,0.0,0.0
NBO-0400,-1.183815,36.732616,permanent_masonry,107,56000,5990000.0,True,"generated for hackathon starter kit, not a real portfolio",0.0,0.0,0.0,0.0,0.0,59920000.0,0.0,,0.0,0.0,0.0,0.0,0.0,0.0,0.0,0.0,0.0,0.0,0.0,0.0,0.0,0.0,0.0,0.0
NBO-0401,-1.225953,36.743443,informal_iron_sheet,13,6800,90000.0,True,"generated for hackathon starter kit, not a real portfolio",0.0,0.0,0.0,0.0,0.0,885000.0,0.0,,0.0,0.0,0.0,0.0,0.0,0.0,0.0,0.0,0.0,0.0,0.0,0.0,0.0,0.0,0.0,0.0
NBO-0402,-1.317633,36.764405,permanent_masonry,152,57100,8680000.0,True,"generated for hackathon starter kit, not a real portfolio",0.035665443258295446,0.0,0.0,0.0,0.0,86790000.0,0.002536004500399045,Kibra,0.0331294387578964,0.0,0.0,0.0,0.0,0.0,0.0,0.0,0.0,0.0,0.0,0.0,0.0,0.14266177303318178,0.053337313738348255,462967.88324886287
NBO-0403,-1.231914,36.931956,concrete_rcc,1282,73800,94610000.0,True,"generated for hackathon starter kit, not a real portfolio",0.1412157714366912,0.0601751506328582,0.0,0.0,0.0,946115000.0,0.0,,0.1412157714366912,0.0,0.0,0.0,0.0,0.0,0.0,0.0,0.0,0.0,0.24082193668939025,0.06355531731169699,6012968.570859652,0.5648630857467648,0.14907301695942873,14103798.134531552
NBO-0404,-1.297077,36.90215,semi_permanent,28,16000,450000.0,True,"generated for hackathon starter kit, not a real portfolio",0.40523211059403624,0.3410752415657043,0.272045373916626,0.1631802469491958,0.0379127487540245,4480000.0,0.00733811554742067,Kware Road,0.3978939950466156,0.19835161773113624,0.10207660209907712,45934.470944584704,0.6934377239418275,0.31232853386652765,140547.84023993745,1.123598648743979,0.46674604532863656,210035.72039788644,1.3965073783936803,0.5371792185800685,241730.6483610308,1.620928442376145,0.589566551584103,265304.94821284636
NBO-0405,-1.182548,36.704197,permanent_masonry,146,59300,8660000.0,True,"generated for hackathon starter kit, not a real portfolio",0.0,0.0,0.0,0.0,0.0,86580000.0,0.0,,0.0,0.0,0.0,0.0,0.0,0.0,0.0,0.0,0.0,0.0,0.0,0.0,0.0,0.0,0.0,0.0
NBO-0406,-1.210983,36.840534,semi_permanent,22,15400,340000.0,True,"generated for hackathon starter kit, not a real portfolio",0.0,0.0,0.0,0.0,0.0,3390000.0,0.0,,0.0,0.0,0.0,0.0,0.0,0.0,0.0,0.0,0.0,0.0,0.0,0.0,0.0,0.0,0.0,0.0
NBO-0407,-1.253995,36.750024,semi_permanent,31,11300,350000.0,True,"generated for hackathon starter kit, not a real portfolio",0.0,0.0,0.0,0.0,0.0,3505000.0,0.0,,0.0,0.0,0.0,0.0,0.0,0.0,0.0,0.0,0.0,0.0,0.0,0.0,0.0,0.0,0.0,0.0
NBO-0408,-1.334527,36.762454,semi_permanent,38,9600,365000.0,True,"generated for hackathon starter kit, not a real portfolio",0.0,0.0,0.0,0.0,0.0,3650000.0,0.0,,0.0,0.0,0.0,0.0,0.0,0.0,0.0,0.0,0.0,0.0,0.0,0.0,0.0,0.0,0.0,0.0
NBO-0409,-1.286737,36.831791,semi_permanent,30,15800,475000.0,True,"generated for hackathon starter kit, not a real portfolio",0.07605391318258095,0.0,0.0,0.0,0.0,4740000.0,0.07605391318258095,Kirinyaga Road,0.0,0.0,0.0,0.0,0.0,0.0,0.0,0.0,0.0,0.0,0.0,0.0,0.0,0.3042156527303238,0.15655682817851652,74364.49338479535
NBO-0410,-1.247716,36.748189,permanent_masonry,117,57900,6775000.0,True,"generated for hackathon starter kit, not a real portfolio",0.0,0.0,0.0,0.0,0.0,67745000.0,0.0,,0.0,0.0,0.0,0.0,0.0,0.0,0.0,0.0,0.0,0.0,0.0,0.0,0.0,0.0,0.0,0.0
NBO-0411,-1.189573,36.871599,permanent_masonry,90,56900,5120000.0,True,"generated for hackathon starter kit, not a real portfolio",0.0,0.0,0.0,0.0,0.0,51210000.0,0.0,,0.0,0.0,0.0,0.0,0.0,0.0,0.0,0.0,0.0,0.0,0.0,0.0,0.0,0.0,0.0,0.0
NBO-0412,-1.323981,36.709497,permanent_masonry,109,59300,6465000.0,True,"generated for hackathon starter kit, not a real portfolio",0.024654923046079785,0.0,0.0,0.0,0.0,64635000.0,0.024654923046079785,Langata Road,0.0,0.0,0.0,0.0,0.0,0.0,0.0,0.0,0.0,0.0,0.0,0.0,0.0,0.09861969218431914,0.036871190866181854,238372.2489498657
NBO-0413,-1.29912,36.707958,semi_permanent,39,15700,610000.0,True,"generated for hackathon starter kit, not a real portfolio",0.0,0.0,0.0,0.0,0.0,6125000.0,0.0,,0.0,0.0,0.0,0.0,0.0,0.0,0.0,0.0,0.0,0.0,0.0,0.0,0.0,0.0,0.0,0.0
NBO-0414,-1.222829,36.772325,concrete_rcc,378,70900,26800000.0,True,"generated for hackathon starter kit, not a real portfolio",0.0,0.0,0.0,0.0,0.0,268000000.0,0.0,,0.0,0.0,0.0,0.0,0.0,0.0,0.0,0.0,0.0,0.0,0.0,0.0,0.0,0.0,0.0,0.0
NBO-0415,-1.182905,36.723088,informal_iron_sheet,12,5300,65000.0,True,"generated for hackathon starter kit, not a real portfolio",0.0,0.0,0.0,0.0,0.0,635000.0,0.0,,0.0,0.0,0.0,0.0,0.0,0.0,0.0,0.0,0.0,0.0,0.0,0.0,0.0,0.0,0.0,0.0
NBO-0416,-1.181257,36.913667,concrete_rcc,1683,80600,135650000.0,True,"generated for hackathon starter kit, not a real portfolio",0.2898671284111078,0.1125142946839332,0.0195400919765234,0.0,0.0,1356500000.0,0.10082539466934758,Kahawa West,0.1890417337417602,0.0,0.0,0.0,0.05207576601032807,0.013743315407785681,1864280.7350661277,0.5656734538077998,0.14928688119441644,20250765.43402259,0.8915173053670729,0.21865316696906203,29660302.099353265,1.1594685136444312,0.26955382157632884,36564975.89682901
NBO-0417,-1.302171,36.892264,permanent_masonry,126,40400,5090000.0,True,"generated for hackathon starter kit, not a real portfolio",0.09889375315274544,0.0,0.0,0.0,0.0,50905000.0,0.08630106960650044,Kware Road,0.012592683546245,0.0,0.0,0.0,0.0,0.0,0.0,0.0,0.0,0.0,0.05556468878417791,0.020774109107462555,105740.21535698441,0.39557501261098177,0.1478946189023993,752783.6102132124
NBO-0418,-1.225647,36.840018,permanent_masonry,156,44400,6925000.0,True,"generated for hackathon starter kit, not a real portfolio",0.0,0.0,0.0,0.0,0.0,69265000.0,0.0,,0.0,0.0,0.0,0.0,0.0,0.0,0.0,0.0,0.0,0.0,0.0,0.0,0.0,0.0,0.0,0.0
NBO-0419,-1.322424,36.883627,concrete_rcc,555,81500,45230000.0,True,"generated for hackathon starter kit, not a real portfolio",0.1482203885609724,0.0,0.0,0.0,0.0,452325000.0,0.1482203885609724,Mukuru kwa Ruben,0.0,0.0,0.0,0.0,0.0,0.0,0.0,0.0,0.0,0.0,0.2714834255240639,0.0716471908300557,3240602.4412434194,0.5928815542438896,0.1564673709805049,7077019.1894482365
NBO-0420,-1.339096,36.702452,informal_iron_sheet,17,8000,135000.0,True,"generated for hackathon starter kit, not a real portfolio",0.010078539868926784,0.0,0.0,0.0,0.0,1360000.0,0.010078539868926784,Langata Road,0.0,0.0,0.0,0.0,0.0,0.0,0.0,0.0,0.0,0.0,0.0,0.0,0.0,0.040314159475707136,0.02695291822899247,3638.6439609139834
NBO-0421,-1.245747,36.759842,concrete_rcc,513,76300,39140000.0,True,"generated for hackathon starter kit, not a real portfolio",0.3255207538604736,0.2618723809719085,0.1845451444387436,0.0625944063067436,0.0,391420000.0,0.0,,0.3255207538604736,0.0,0.0,0.0,0.25028911110756663,0.06605379931239791,2585345.7050872543,0.7381006111013111,0.1895097635262717,7417412.144418274,1.0475848275792234,0.24830012805053547,9718467.011897959,1.3020830154418943,0.29664521461257926,11610693.699936353
NBO-0422,-1.281913,36.829603,semi_permanent,39,13600,530000.0,True,"generated for hackathon starter kit, not a real portfolio",0.23564379413414588,0.0234669987112283,0.0,0.0,0.0,5305000.0,0.1279708494691908,Kirinyaga Road,0.1076729446649551,0.0,0.0,0.0,0.0,0.0,0.0,0.3034399426146579,0.15615762874809702,82763.54323649142,0.654164124027778,0.297780544638718,157823.68865852055,0.9425751765365835,0.4022062753710726,213169.32594666848
NBO-0423,-1.249578,36.901111,concrete_rcc,748,84700,63355000.0,True,"generated for hackathon starter kit, not a real portfolio",0.2578922569840967,0.0381263606250286,0.0,0.0,0.0,633555000.0,0.1368240177720606,Embakasi North,0.1210682392120361,0.0,0.0,0.0,0.0,0.0,0.0,0.411037393224987,0.10847687844600631,6872552.63394673,0.7515528867765231,0.1920651900989966,12168290.11872193,1.0315690279363867,0.24525772831246306,15538303.377236098
NBO-0424,-1.290479,36.84768,informal_iron_sheet,12,7500,90000.0,True,"generated for hackathon starter kit, not a real portfolio",0.07838266855839045,0.0,0.0,0.0,0.0,900000.0,0.007524994674952347,Eastleigh,0.0708576738834381,0.0,0.0,0.0,0.0,0.0,0.0,0.0,0.0,0.0,0.0,0.0,0.0,0.3135306742335618,0.20942474968926475,18848.22747203383
NBO-0425,-1.348616,36.782807,permanent_masonry,164,49400,8100000.0,True,"generated for hackathon starter kit, not a real portfolio",0.0,0.0,0.0,0.0,0.0,81015000.0,0.0,,0.0,0.0,0.0,0.0,0.0,0.0,0.0,0.0,0.0,0.0,0.0,0.0,0.0,0.0,0.0,0.0
NBO-0426,-1.315744,36.762556,concrete_rcc,364,81400,29630000.0,True,"generated for hackathon starter kit, not a real portfolio",0.0,0.0,0.0,0.0,0.0,296295000.0,0.0,,0.0,0.0,0.0,0.0,0.0,0.0,0.0,0.0,0.0,0.0,0.0,0.0,0.0,0.0,0.0,0.0
NBO-0427,-1.344614,36.914871,informal_iron_sheet,18,6400,115000.0,True,"generated for hackathon starter kit, not a real portfolio",0.0384162925183773,0.0,0.0,0.0,0.0,1150000.0,0.0,,0.0384162925183773,0.0,0.0,0.0,0.0,0.0,0.0,0.0,0.0,0.0,0.0,0.0,0.0,0.1536651700735092,0.1027362300863862,11814.666459934413
NBO-0428,-1.211801,36.839118,informal_iron_sheet,12,8900,105000.0,True,"generated for hackathon starter kit, not a real portfolio",0.0,0.0,0.0,0.0,0.0,1070000.0,0.0,,0.0,0.0,0.0,0.0,0.0,0.0,0.0,0.0,0.0,0.0,0.0,0.0,0.0,0.0,0.0,0.0
NBO-0429,-1.335739,36.913418,permanent_masonry,82,61700,5060000.0,True,"generated for hackathon starter kit, not a real portfolio",0.05325374094182674,0.0,0.0,0.0,0.0,50595000.0,0.007562515264098143,Embakasi South,0.0456912256777286,0.0,0.0,0.0,0.0,0.0,0.0,0.0,0.0,0.0,0.0,0.0,0.0,0.21301496376730697,0.07964043704109247,402980.6114279279
NBO-0430,-1.323625,36.725838,permanent_masonry,114,40000,4560000.0,True,"generated for hackathon starter kit, not a real portfolio",0.01866113726532947,0.0,0.0,0.0,0.0,45600000.0,0.01866113726532947,Langata Road,0.0,0.0,0.0,0.0,0.0,0.0,0.0,0.0,0.0,0.0,0.0,0.0,0.0,0.07464454906131789,0.02790754416892757,127258.40141030971
NBO-0431,-1.339077,36.900695,informal_iron_sheet,9,6200,55000.0,True,"generated for hackathon starter kit, not a real portfolio",0.3986223751577745,0.1770460605621338,0.0908322855830192,0.0,0.0,560000.0,0.1506134236130129,Pipeline/Embakasi,0.2480089515447616,0.15610338867225637,0.1043663547713878,5740.149512426328,0.6566914532746322,0.37399451253964167,20569.69818968029,1.0916328142075904,0.5532812353553119,30430.467944542157,1.3675744152233509,0.6362563731889236,34994.1005253908,1.594489500631098,0.6987897594980383,38433.43677239211
NBO-0432,-1.211213,36.717387,permanent_masonry,116,39300,4560000.0,True,"generated for hackathon starter kit, not a real portfolio",0.0,0.0,0.0,0.0,0.0,45590000.0,0.0,,0.0,0.0,0.0,0.0,0.0,0.0,0.0,0.0,0.0,0.0,0.0,0.0,0.0,0.0,0.0,0.0
NBO-0433,-1.247364,36.787692,semi_permanent,54,8000,430000.0,True,"generated for hackathon starter kit, not a real portfolio",0.2147765938710839,0.0,0.0,0.0,0.0,4320000.0,0.2147765938710839,Westlands,0.0,0.0,0.0,0.0,0.0,0.0,0.0,0.20252251902349844,0.10422305009120837,44815.911539219596,0.562821597159483,0.26394483566808474,113496.27933727644,0.8591063754843355,0.37244738746081374,160152.3766081499
NBO-0434,-1.317629,36.800261,informal_iron_sheet,12,7600,90000.0,True,"generated for hackathon starter kit, not a real portfolio",0.23620358869021113,0.1033334657549858,0.0093974666669964,0.0,0.0,910000.0,0.055551014985491635,Mbagathi Way,0.1806525737047195,0.0,0.0,0.0,0.0,0.0,0.0,0.3061472068200273,0.2046814503580793,18421.330532227137,0.6566145269871356,0.3739588817848744,33656.299360638695,0.9448143547608445,0.5063953593503082,45575.58234152774
NBO-0435,-1.314949,36.71617,semi_permanent,45,11600,520000.0,True,"generated for hackathon starter kit, not a real portfolio",0.0025437982362415752,0.0,0.0,0.0,0.0,5220000.0,0.0025437982362415752,Langata Road,0.0,0.0,0.0,0.0,0.0,0.0,0.0,0.0,0.0,0.0,0.0,0.0,0.0,0.010175192944966301,0.005236403581706811,2722.929862487542
NBO-0436,-1.316654,36.932326,permanent_masonry,102,37200,3795000.0,True,"generated for hackathon starter kit, not a real portfolio",0.0221096333116292,0.0,0.0,0.0,0.0,37945000.0,0.0,,0.0221096333116292,0.0,0.0,0.0,0.0,0.0,0.0,0.0,0.0,0.0,0.0,0.0,0.0,0.0884385332465168,0.03306473552120836,125480.67130298572
NBO-0437,-1.323597,36.803865,informal_iron_sheet,10,6000,60000.0,True,"generated for hackathon starter kit, not a real portfolio",0.04427126343028605,0.0,0.0,0.0,0.0,600000.0,0.04427126343028605,Mbagathi Way,0.0,0.0,0.0,0.0,0.0,0.0,0.0,0.0,0.0,0.0,0.0,0.0,0.0,0.1770850537211442,0.11839410853645281,7103.646512187169
NBO-0438,-1.276598,36.716169,semi_permanent,49,12700,620000.0,True,"generated for hackathon starter kit, not a real portfolio",0.0,0.0,0.0,0.0,0.0,6225000.0,0.0,,0.0,0.0,0.0,0.0,0.0,0.0,0.0,0.0,0.0,0.0,0.0,0.0,0.0,0.0,0.0,0.0
NBO-0439,-1.192567,36.872725,semi_permanent,37,14100,520000.0,True,"generated for hackathon starter kit, not a real portfolio",0.0,0.0,0.0,0.0,0.0,5215000.0,0.0,,0.0,0.0,0.0,0.0,0.0,0.0,0.0,0.0,0.0,0.0,0.0,0.0,0.0,0.0,0.0,0.0
NBO-0440,-1.18851,36.783672,semi_permanent,29,10700,310000.0,True,"generated for hackathon starter kit, not a real portfolio",0.0,0.0,0.0,0.0,0.0,3105000.0,0.0,,0.0,0.0,0.0,0.0,0.0,0.0,0.0,0.0,0.0,0.0,0.0,0.0,0.0,0.0,0.0,0.0
NBO-0441,-1.185484,36.849843,informal_iron_sheet,9,8200,75000.0,True,"generated for hackathon starter kit, not a real portfolio",0.0,0.0,0.0,0.0,0.0,740000.0,0.0,,0.0,0.0,0.0,0.0,0.0,0.0,0.0,0.0,0.0,0.0,0.0,0.0,0.0,0.0,0.0,0.0
NBO-0442,-1.33239,36.866631,informal_iron_sheet,15,9800,145000.0,True,"generated for hackathon starter kit, not a real portfolio",0.039967932546649355,0.0,0.0,0.0,0.0,1470000.0,0.039967932546649355,Mombasa Road,0.0,0.0,0.0,0.0,0.0,0.0,0.0,0.0,0.0,0.0,0.0,0.0,0.0,0.15987173018659742,0.10688576239431383,15498.435547175504
NBO-0443,-1.218721,36.942704,informal_iron_sheet,19,7600,145000.0,True,"generated for hackathon starter kit, not a real portfolio",0.3351253569126129,0.2723833322525024,0.1961572170257568,0.0759430602192878,0.0,1445000.0,0.0,,0.3351253569126129,0.0,0.0,0.0,0.3036850974988903,0.20303535300502806,29440.12618572907,0.7845501482897493,0.43321616426891724,62816.343818993,1.089627300996336,0.5526407828937918,80132.91351959981,1.3405014276504517,0.628795584112711,91175.35969634309
NBO-0444,-1.290744,36.843866,concrete_rcc,712,83000,59095000.0,True,"generated for hackathon starter kit, not a real portfolio",0.12449754331582849,0.0338874459266662,0.0,0.0,0.0,590960000.0,0.007302697043359989,Enterprise Road,0.1171948462724685,0.0,0.0,0.0,0.0,0.0,0.0,0.0,0.0,0.0,0.1676408111876931,0.04424208648054409,2614486.100567753,0.49799017326331396,0.13142458662592119,7766535.946658812
NBO-0445,-1.259144,36.860661,permanent_masonry,133,36000,4790000.0,True,"generated for hackathon starter kit, not a real portfolio",0.24818245006906214,0.1062635630369186,0.0126345222815871,0.0,0.0,47880000.0,0.06485245062219326,Mathare,0.1833299994468689,0.0,0.0,0.0,0.0,0.0,0.0,0.36407907178847615,0.13611915276723704,652010.7417550654,0.7090499018124848,0.24319437984642395,1164901.0794643706,0.9927298002762486,0.3195364418336622,1530579.556383242
NBO-0446,-1.29806,36.939987,informal_iron_sheet,14,9500,135000.0,True,"generated for hackathon starter kit, not a real portfolio",0.1593229323625564,0.0799910202622413,0.0,0.0,0.0,1330000.0,0.0,,0.1593229323625564,0.0,0.0,0.0,0.0,0.0,0.0,0.0,0.0,0.0,0.3200828731125253,0.21257791729755532,28698.01883516997,0.6372917294502256,0.36500893914678556,49276.20678481605
NBO-0447,-1.232566,36.780822,informal_iron_sheet,13,6800,90000.0,True,"generated for hackathon starter kit, not a real portfolio",0.019198459142220816,0.0,0.0,0.0,0.0,885000.0,0.019198459142220816,Westlands,0.0,0.0,0.0,0.0,0.0,0.0,0.0,0.0,0.0,0.0,0.0,0.0,0.0,0.07679383656888326,0.05134220890253142,4620.798801227827
NBO-0448,-1.294373,36.783096,semi_permanent,27,12500,340000.0,True,"generated for hackathon starter kit, not a real portfolio",0.12857301898498044,0.0,0.0,0.0,0.0,3375000.0,0.12857301898498044,Kilimani,0.0,0.0,0.0,0.0,0.0,0.0,0.0,0.0,0.0,0.0,0.18548049457203084,0.09545280677888408,32453.95430482059,0.5142920759399218,0.24596820624073312,83629.19012184926
NBO-0449,-1.200878,36.877885,permanent_masonry,81,44000,3565000.0,True,"generated for hackathon starter kit, not a real portfolio",0.280077739068081,0.2094657719135284,0.126648336648941,0.0,0.0,35640000.0,0.0024446085176964586,Roysambu,0.2776331305503845,0.0,0.0,0.0,0.0,0.0,0.0,0.5183302578555482,0.19186916801438328,684013.5839712764,0.8486659622152812,0.2807669325560258,1000934.114562232,1.120310956272324,0.35265534046325847,1257216.2887515165
NBO-0450,-1.313857,36.861033,semi_permanent,48,15400,740000.0,True,"generated for hackathon starter kit, not a real portfolio",0.33438046589836,0.1564660817384719,0.068096324801445,0.0,0.0,7390000.0,0.10517688408836252,Lunga Lunga Road,0.2292035818099975,0.0,0.0,0.0,0.29954393828136194,0.15415264946607676,114072.9606048968,0.7809477252973523,0.3445817121329071,254990.46697835127,1.0863666705990809,0.4534718368780122,335569.159289729,1.33752186359344,0.5226798523406271,386783.09073206404
NBO-0451,-1.286896,36.782238,informal_iron_sheet,12,7100,85000.0,True,"generated for hackathon starter kit, not a real portfolio",0.2513005571580883,0.1216665580868721,0.0296511594206094,0.0,0.0,850000.0,0.05389575531253782,Kilimani,0.1974048018455505,0.0,0.0,0.0,0.0,0.0,0.0,0.379158782048547,0.24100749428818125,20485.637014495405,0.7226988713420368,0.40456786012366286,34388.268110511344,1.0052022286323532,0.5256799804886492,44682.79834153518
NBO-0452,-1.222582,36.9336,concrete_rcc,573,66400,38045000.0,True,"generated for hackathon starter kit, not a real portfolio",0.6099970936775208,0.5731938481330872,0.5284810662269592,0.4579657018184662,0.3768260180950165,380470000.0,0.0,,0.6099970936775208,1.5071722190956904,0.3343653283750291,12720928.918027982,1.831811500639448,0.39372055663251304,14979098.577083958,2.1138778560150926,0.43882636922240814,16695149.217066517,2.2928303509631025,0.4613846912495664,17553380.578589752,2.439988374710083,0.4799350785438538,18259130.063200917
NBO-0453,-1.329951,36.944419,informal_iron_sheet,12,7800,95000.0,True,"generated for hackathon starter kit, not a real portfolio",0.447554349899292,0.3954218924045563,0.3320854604244232,0.2321992665529251,0.1172635555267334,935000.0,0.0,,0.447554349899292,0.46886768871391504,0.28417883629072216,26996.989447618605,0.9287246693497816,0.49999498813727306,47499.52387304094,1.328276386890543,0.6254266005340725,59415.52705073689,1.5817655937810988,0.6952832981229278,66051.91332167813,1.790217399597168,0.7527285635027313,71509.21353275947
NBO-0454,-1.339888,36.948654,permanent_masonry,120,62400,7490000.0,True,"generated for hackathon starter kit, not a real portfolio",0.0921917185187339,0.0065248603932559,0.0,0.0,0.0,74880000.0,0.0,,0.0921917185187339,0.0,0.0,0.0,0.0,0.0,0.0,0.0,0.0,0.0,0.026227701986140935,0.009805816510813477,73445.56566599294,0.3687668740749356,0.13787179312758135,1032659.7305255843
NBO-0455,-1.33227,36.874249,concrete_rcc,503,75900,38180000.0,True,"generated for hackathon starter kit, not a real portfolio",0.02004053077740566,0.0,0.0,0.0,0.0,381775000.0,0.02004053077740566,Mukuru,0.0,0.0,0.0,0.0,0.0,0.0,0.0,0.0,0.0,0.0,0.0,0.0,0.0,0.08016212310962265,0.021155585909860514,807720.2700384745
NBO-0456,-1.232817,36.907698,permanent_masonry,128,57500,7360000.0,True,"generated for hackathon starter kit, not a real portfolio",0.25776187072870227,0.1856952160596847,0.1003875359892845,0.0,0.0,73600000.0,0.001849566804141761,Embakasi North,0.2559123039245605,0.0,0.0,0.0,0.0,0.0,0.0,0.41040682253029753,0.15343982475645865,1129317.1102075356,0.7509821437019141,0.25447890803091067,1872964.7631075026,1.031047482914809,0.3295347262061724,2425375.584877429
NBO-0457,-1.186498,36.925161,permanent_masonry,56,50800,2845000.0,True,"generated for hackathon starter kit, not a real portfolio",0.13096020111726098,0.0428916029632091,0.0,0.0,0.0,28450000.0,0.005537619086964685,Githurai,0.1254225820302963,0.0,0.0,0.0,0.0,0.0,0.0,0.0,0.0,0.0,0.19592996768334858,0.07325282684269274,208404.29236746085,0.5238408044690439,0.1933521299493996,550086.8097060418
NBO-0458,-1.271154,36.849901,semi_permanent,40,11200,450000.0,True,"generated for hackathon starter kit, not a real portfolio",0.11954081044322004,0.0,0.0,0.0,0.0,4480000.0,0.11954081044322004,Eastleigh,0.0,0.0,0.0,0.0,0.0,0.0,0.0,0.0,0.0,0.0,0.1459435782150144,0.07510614096711268,33797.76343520071,0.47816324177288017,0.23258512214796534,104663.3049665844
NBO-0459,-1.276579,36.926282,semi_permanent,37,12100,450000.0,True,"generated for hackathon starter kit, not a real portfolio",0.22381101944488654,0.1029520854353904,0.0089761307463049,0.0,0.0,4475000.0,0.043506954098168744,Kayole,0.1803040653467178,0.0,0.0,0.0,0.0,0.0,0.0,0.24621457838175093,0.12670805429241938,57018.62443158872,0.6023682181872907,0.27859395920063373,125367.28164028517,0.8952440777795462,0.38533145693803444,173399.1556221155
NBO-0460,-1.33452,36.837781,semi_permanent,30,10500,315000.0,True,"generated for hackathon starter kit, not a real portfolio",0.005001672337349829,0.0,0.0,0.0,0.0,3150000.0,0.005001672337349829,South C,0.0,0.0,0.0,0.0,0.0,0.0,0.0,0.0,0.0,0.0,0.0,0.0,0.0,0.020006689349399316,0.010295932503089949,3243.218738473334
NBO-0461,-1.332897,36.781192,informal_iron_sheet,11,9800,110000.0,True,"generated for hackathon starter kit, not a real portfolio",0.07264237120479834,0.0,0.0,0.0,0.0,1080000.0,0.07264237120479834,Lang’ata Road,0.0,0.0,0.0,0.0,0.0,0.0,0.0,0.0,0.0,0.0,0.0,0.0,0.0,0.29056948481919337,0.19426662160453775,21369.328376499154
NBO-0462,-1.315129,36.829882,informal_iron_sheet,16,5700,90000.0,True,"generated for hackathon starter kit, not a real portfolio",0.18558281894081258,0.0,0.0,0.0,0.0,910000.0,0.18363398303051467,South C,0.0019488359102979,0.0,0.0,0.0,0.0,0.0,0.0,0.06133632663916131,0.04100775057379735,3690.6975516417615,0.4350309430545528,0.26789530577616233,24110.57751985461,0.7423312757632503,0.41366120662703465,37229.508596433116
NBO-0463,-1.263233,36.740277,permanent_masonry,101,64100,6475000.0,True,"generated for hackathon starter kit, not a real portfolio",0.0,0.0,0.0,0.0,0.0,64740000.0,0.0,,0.0,0.0,0.0,0.0,0.0,0.0,0.0,0.0,0.0,0.0,0.0,0.0,0.0,0.0,0.0,0.0
NBO-0464,-1.29875,36.943049,informal_iron_sheet,8,7600,60000.0,True,"generated for hackathon starter kit, not a real portfolio",0.0811929255723953,0.0,0.0,0.0,0.0,610000.0,0.0,,0.0811929255723953,0.0,0.0,0.0,0.0,0.0,0.0,0.0,0.0,0.0,0.0,0.0,0.0,0.3247717022895812,0.21483436044816967,12890.06162689018
NBO-0465,-1.291747,36.740285,semi_permanent,32,10000,320000.0,True,"generated for hackathon starter kit, not a real portfolio",0.084365077316761,0.0,0.0,0.0,0.0,3200000.0,0.0,,0.084365077316761,0.0,0.0,0.0,0.0,0.0,0.0,0.0,0.0,0.0,0.0,0.0,0.0,0.337460309267044,0.1736653429263979,55572.90973644733
NBO-0466,-1.248392,36.783232,concrete_rcc,842,62500,52625000.0,True,"generated for hackathon starter kit, not a real portfolio",0.5481021850951854,0.2908285558223724,0.2165347933769226,0.0993680879473686,0.0,526250000.0,0.19612212475621135,Westlands,0.351980060338974,1.1115511990743714,0.26045133349904537,13706251.425387263,1.487711939375596,0.3308073198085735,17408735.204926178,1.8145432721324406,0.39056333043437147,20553395.2641088,2.0218961921435126,0.42723138143075,22483051.44779322,2.1924087403807415,0.44872578403141933,23614194.38465344
NBO-0467,-1.198678,36.731266,concrete_rcc,2793,57000,159200000.0,True,"generated for hackathon starter kit, not a real portfolio",0.0,0.0,0.0,0.0,0.0,1592010000.0,0.0,,0.0,0.0,0.0,0.0,0.0,0.0,0.0,0.0,0.0,0.0,0.0,0.0,0.0,0.0,0.0,0.0
NBO-0468,-1.333948,36.907328,concrete_rcc,1179,77600,91490000.0,True,"generated for hackathon starter kit, not a real portfolio",0.3172519073336558,0.2010923326015472,0.1173976808786392,0.0,0.0,914905000.0,0.04727016542844345,Embakasi South,0.2699817419052124,0.0,0.0,0.0,0.2043191512642435,0.0539218672101465,4933311.631056303,0.6981110256735864,0.18191324590341612,16643242.86770354,1.0113893952009447,0.24142435684691999,22087914.407924708,1.2690076293346233,0.2903621348867154,26565231.72078559
NBO-0469,-1.32826,36.885924,semi_permanent,52,15400,800000.0,True,"generated for hackathon starter kit, not a real portfolio",0.053432095667399114,0.0,0.0,0.0,0.0,8010000.0,0.053432095667399114,Pipeline,0.0,0.0,0.0,0.0,0.0,0.0,0.0,0.0,0.0,0.0,0.0,0.0,0.0,0.21372838266959646,0.10998986206714975,87991.8896537198
NBO-0470,-1.317417,36.911355,semi_permanent,42,9300,390000.0,True,"generated for hackathon starter kit, not a real portfolio",0.006112476849768368,0.0,0.0,0.0,0.0,3905000.0,0.006112476849768368,Pipeline,0.0,0.0,0.0,0.0,0.0,0.0,0.0,0.0,0.0,0.0,0.0,0.0,0.0,0.024449907399073472,0.012582521370294489,4907.183334414851
NBO-0471,-1.210378,36.930778,semi_permanent,39,12800,500000.0,True,"generated for hackathon starter kit, not a real portfolio",0.15823365563517947,0.0632842034101486,0.0,0.0,0.0,4990000.0,0.014176918212236366,Githurai,0.1440567374229431,0.0,0.0,0.0,0.0,0.0,0.0,0.0,0.0,0.0,0.3153147543671677,0.1622686978088265,81134.34890441324,0.6329346225407179,0.2899165708848113,144958.28544240567
NBO-0472,-1.280935,36.89564,semi_permanent,55,9600,530000.0,True,"generated for hackathon starter kit, not a real portfolio",0.0,0.0,0.0,0.0,0.0,5280000.0,0.0,,0.0,0.0,0.0,0.0,0.0,0.0,0.0,0.0,0.0,0.0,0.0,0.0,0.0,0.0,0.0,0.0
NBO-0473,-1.204539,36.850227,semi_permanent,44,11400,500000.0,True,"generated for hackathon starter kit, not a real portfolio",0.0887950211763382,0.0028076299931854,0.0,0.0,0.0,5015000.0,0.0,,0.0887950211763382,0.0,0.0,0.0,0.0,0.0,0.0,0.0,0.0,0.0,0.01135925224923702,0.005845749509137478,2922.874754568739,0.3551800847053528,0.18278437350144983,91392.18675072491
NBO-0474,-1.265397,36.874234,informal_iron_sheet,12,9900,120000.0,True,"generated for hackathon starter kit, not a real portfolio",0.24641623801766505,0.0370759963989257,0.0,0.0,0.0,1190000.0,0.12630779004870524,Huruma,0.1201084479689598,0.0,0.0,0.0,0.0,0.0,0.0,0.35553736195219465,0.2296399674341392,27556.796092096705,0.7013186168424822,0.39466494358203696,47359.793229844436,0.9856649520706602,0.5194408309307609,62332.89971169131
NBO-0475,-1.321852,36.912497,informal_iron_sheet,10,5800,60000.0,True,"generated for hackathon starter kit, not a real portfolio",0.051531575238888114,0.0,0.0,0.0,0.0,580000.0,0.004017490512316108,Pipeline,0.047514084726572,0.0,0.0,0.0,0.0,0.0,0.0,0.0,0.0,0.0,0.0,0.0,0.0,0.20612630095555246,0.13781027328245563,8268.616396947338
NBO-0476,-1.239714,36.739798,informal_iron_sheet,8,7000,55000.0,True,"generated for hackathon starter kit, not a real portfolio",0.0,0.0,0.0,0.0,0.0,560000.0,0.0,,0.0,0.0,0.0,0.0,0.0,0.0,0.0,0.0,0.0,0.0,0.0,0.0,0.0,0.0,0.0,0.0
NBO-0477,-1.319008,36.757525,permanent_masonry,76,59700,4535000.0,True,"generated for hackathon starter kit, not a real portfolio",0.0,0.0,0.0,0.0,0.0,45370000.0,0.0,,0.0,0.0,0.0,0.0,0.0,0.0,0.0,0.0,0.0,0.0,0.0,0.0,0.0,0.0,0.0,0.0
NBO-0478,-1.2108,36.844853,permanent_masonry,200,50600,10120000.0,True,"generated for hackathon starter kit, not a real portfolio",0.0,0.0,0.0,0.0,0.0,101200000.0,0.0,,0.0,0.0,0.0,0.0,0.0,0.0,0.0,0.0,0.0,0.0,0.0,0.0,0.0,0.0,0.0,0.0
NBO-0479,-1.319025,36.818722,informal_iron_sheet,10,7900,80000.0,True,"generated for hackathon starter kit, not a real portfolio",0.08992361602762527,0.0,0.0,0.0,0.0,790000.0,0.08992361602762527,South C,0.0,0.0,0.0,0.0,0.0,0.0,0.0,0.0,0.0,0.0,0.01629947921919578,0.010897375420536162,871.790033642893,0.3596944641105011,0.23164052329516646,18531.241863613315
NBO-0480,-1.313874,36.93348,semi_permanent,48,12200,585000.0,True,"generated for hackathon starter kit, not a real portfolio",0.0,0.0,0.0,0.0,0.0,5855000.0,0.0,,0.0,0.0,0.0,0.0,0.0,0.0,0.0,0.0,0.0,0.0,0.0,0.0,0.0,0.0,0.0,0.0
NBO-0481,-1.206344,36.782704,informal_iron_sheet,18,6500,115000.0,True,"generated for hackathon starter kit, not a real portfolio",0.0,0.0,0.0,0.0,0.0,1170000.0,0.0,,0.0,0.0,0.0,0.0,0.0,0.0,0.0,0.0,0.0,0.0,0.0,0.0,0.0,0.0,0.0,0.0
NBO-0482,-1.211464,36.717203,permanent_masonry,75,47900,3590000.0,True,"generated for hackathon starter kit, not a real portfolio",0.0,0.0,0.0,0.0,0.0,35925000.0,0.0,,0.0,0.0,0.0,0.0,0.0,0.0,0.0,0.0,0.0,0.0,0.0,0.0,0.0,0.0,0.0,0.0
NBO-0483,-1.24542,36.771289,semi_permanent,48,11200,540000.0,True,"generated for hackathon starter kit, not a real portfolio",0.019790819730373835,0.0,0.0,0.0,0.0,5375000.0,0.019790819730373835,Westlands,0.0,0.0,0.0,0.0,0.0,0.0,0.0,0.0,0.0,0.0,0.0,0.0,0.0,0.07916327892149534,0.04073936283333508,21999.255930000945
NBO-0484,-1.271068,36.744576,concrete_rcc,1042,61600,64185000.0,True,"generated for hackathon starter kit, not a real portfolio",0.0,0.0,0.0,0.0,0.0,641870000.0,0.0,,0.0,0.0,0.0,0.0,0.0,0.0,0.0,0.0,0.0,0.0,0.0,0.0,0.0,0.0,0.0,0.0
NBO-0485,-1.233919,36.806192,informal_iron_sheet,13,5500,70000.0,True,"generated for hackathon starter kit, not a real portfolio",0.0,0.0,0.0,0.0,0.0,715000.0,0.0,,0.0,0.0,0.0,0.0,0.0,0.0,0.0,0.0,0.0,0.0,0.0,0.0,0.0,0.0,0.0,0.0
NBO-0486,-1.309357,36.726474,informal_iron_sheet,15,6300,95000.0,True,"generated for hackathon starter kit, not a real portfolio",0.1514707058668136,0.0713978111743927,0.0,0.0,0.0,945000.0,0.0,,0.1514707058668136,0.0,0.0,0.0,0.0,0.0,0.0,0.0,0.0,0.0,0.28571112220097883,0.1910184563921528,18146.753357254518,0.6058828234672544,0.35011573667036044,33260.99498368424
NBO-0487,-1.344056,36.855521,permanent_masonry,191,61100,11670000.0,True,"generated for hackathon starter kit, not a real portfolio",0.27752794671823966,0.1893662810325622,0.1044431924819946,0.0,0.0,116700000.0,0.018261123188042586,Mombasa Road,0.2592668235301971,0.0,0.0,0.0,0.0,0.0,0.0,0.5059990168939169,0.1885506658329794,2200386.2702708696,0.8375046912595302,0.27776328498080244,3241497.5357259642,1.1101117868729586,0.3500135985216141,4084658.694747237
NBO-0488,-1.289708,36.796945,semi_permanent,41,12400,510000.0,True,"generated for hackathon starter kit, not a real portfolio",0.006923166477754102,0.0,0.0,0.0,0.0,5085000.0,0.006923166477754102,Kilimani,0.0,0.0,0.0,0.0,0.0,0.0,0.0,0.0,0.0,0.0,0.0,0.0,0.0,0.027692665911016406,0.014251324348123864,7268.175417543171
NBO-0489,-1.244082,36.757179,permanent_masonry,93,36500,3395000.0,True,"generated for hackathon starter kit, not a real portfolio",0.0,0.0,0.0,0.0,0.0,33945000.0,0.0,,0.0,0.0,0.0,0.0,0.0,0.0,0.0,0.0,0.0,0.0,0.0,0.0,0.0,0.0,0.0,0.0
NBO-0490,-1.317731,36.92187,permanent_masonry,132,55200,7285000.0,True,"generated for hackathon starter kit, not a real portfolio",0.0,0.0,0.0,0.0,0.0,72865000.0,0.0,,0.0,0.0,0.0,0.0,0.0,0.0,0.0,0.0,0.0,0.0,0.0,0.0,0.0,0.0,0.0,0.0
NBO-0491,-1.22655,36.947095,permanent_masonry,116,37400,4340000.0,True,"generated for hackathon starter kit, not a real portfolio",0.6811106204986572,0.6510181427001953,0.6144583225250244,0.5568007826805115,0.490456223487854,43385000.0,0.0,,0.6811106204986572,1.9617169734653706,0.5334548058686034,2315193.857469739,2.227161198046739,0.5752987056860477,2496796.382677447,2.457795287141372,0.6108411601029033,2651050.6348466007,2.604117402051465,0.6333905027425162,2748914.7819025205,2.724442481994629,0.6519335060161113,2829391.4161099233
NBO-0492,-1.20285,36.871324,permanent_masonry,67,54000,3620000.0,True,"generated for hackathon starter kit, not a real portfolio",0.6854886412620544,0.6558092832565308,0.6197513937950134,0.5628854632377625,0.4974516928195953,36180000.0,0.0,,0.6854886412620544,1.9897004874532085,0.5384521465701739,1949196.7705840296,2.251500437871046,0.5790495663042341,2096159.4300213275,2.4789681598938675,0.6141040596492522,2223056.695930293,2.62328142377787,0.6363438231789192,2303564.6399076874,2.7419545650482178,0.6546322502308964,2369768.745835845
NBO-0493,-1.28459,36.726722,concrete_rcc,1206,77600,93585000.0,True,"generated for hackathon starter kit, not a real portfolio",0.0,0.0,0.0,0.0,0.0,935855000.0,0.0,,0.0,0.0,0.0,0.0,0.0,0.0,0.0,0.0,0.0,0.0,0.0,0.0,0.0,0.0,0.0,0.0
NBO-0494,-1.291975,36.831562,informal_iron_sheet,28,7400,205000.0,True,"generated for hackathon starter kit, not a real portfolio",0.050845346924650606,0.0,0.0,0.0,0.0,2070000.0,0.050845346924650606,Uhuru Highway,0.0,0.0,0.0,0.0,0.0,0.0,0.0,0.0,0.0,0.0,0.0,0.0,0.0,0.20338138769860242,0.13597510113643002,27874.895732968154
NBO-0495,-1.328919,36.874954,semi_permanent,51,12900,660000.0,True,"generated for hackathon starter kit, not a real portfolio",0.05375592596424191,0.0,0.0,0.0,0.0,6580000.0,0.05375592596424191,Mukuru,0.0,0.0,0.0,0.0,0.0,0.0,0.0,0.0,0.0,0.0,0.0,0.0,0.0,0.21502370385696765,0.11065646608554006,73033.26761645643
NBO-0496,-1.212958,36.816976,informal_iron_sheet,28,5900,165000.0,True,"generated for hackathon starter kit, not a real portfolio",0.0,0.0,0.0,0.0,0.0,1650000.0,0.0,,0.0,0.0,0.0,0.0,0.0,0.0,0.0,0.0,0.0,0.0,0.0,0.0,0.0,0.0,0.0,0.0
NBO-0497,-1.285034,36.742151,informal_iron_sheet,9,9500,85000.0,True,"generated for hackathon starter kit, not a real portfolio",0.0,0.0,0.0,0.0,0.0,855000.0,0.0,,0.0,0.0,0.0,0.0,0.0,0.0,0.0,0.0,0.0,0.0,0.0,0.0,0.0,0.0,0.0,0.0
NBO-0498,-1.185994,36.786739,informal_iron_sheet,13,7200,95000.0,True,"generated for hackathon starter kit, not a real portfolio",0.0,0.0,0.0,0.0,0.0,935000.0,0.0,,0.0,0.0,0.0,0.0,0.0,0.0,0.0,0.0,0.0,0.0,0.0,0.0,0.0,0.0,0.0,0.0
NBO-0499,-1.269108,36.923782,informal_iron_sheet,17,6900,115000.0,True,"generated for hackathon starter kit, not a real portfolio",0.47357357724671184,0.2464719861745834,0.1675313711166381,0.0430362299084663,0.0,1175000.0,0.16212524159912883,Kayole,0.311448335647583,0.6351778667095677,0.36402983918791354,41863.43150661005,1.0733763849712956,0.5474511191649325,62956.87870396724,1.4541099129329556,0.6601038741076152,75911.94552237574,1.6956602199462107,0.7266704429824999,83567.1009429875,1.8942943089868474,0.7786296691088423,89542.41194751687
NBO-0500,-1.25312,36.710253,informal_iron_sheet,13,9800,125000.0,True,"generated for hackathon starter kit, not a real portfolio",0.0,0.0,0.0,0.0,0.0,1275000.0,0.0,,0.0,0.0,0.0,0.0,0.0,0.0,0.0,0.0,0.0,0.0,0.0,0.0,0.0,0.0,0.0,0.0
NBO-0501,-1.295026,36.712918,concrete_rcc,598,79700,47660000.0,True,"generated for hackathon starter kit, not a real portfolio",0.0,0.0,0.0,0.0,0.0,476605000.0,0.0,,0.0,0.0,0.0,0.0,0.0,0.0,0.0,0.0,0.0,0.0,0.0,0.0,0.0,0.0,0.0,0.0
NBO-0502,-1.261483,36.874398,permanent_masonry,91,35300,3210000.0,True,"generated for hackathon starter kit, not a real portfolio",0.2394378112033354,0.0,0.0,0.0,0.0,32125000.0,0.1877483354285704,Huruma,0.051689475774765,0.0,0.0,0.0,0.0,0.0,0.0,0.32178847154315277,0.12030786032701739,386188.2316497258,0.6707717715182114,0.23289322205728902,747587.2428038977,0.9577512448133416,0.3101232438459507,995495.6127455017
NBO-0503,-1.225395,36.907248,semi_permanent,53,8200,435000.0,True,"generated for hackathon starter kit, not a real portfolio",0.3172338306903839,0.2528034448623657,0.1745261251926422,0.0510770380496978,0.0,4345000.0,0.0,,0.3172338306903839,0.0,0.0,0.0,0.20421865567968803,0.10509592356983162,45716.726752876755,0.6980236038707964,0.31402726614349424,136601.86077241998,1.011310267850225,0.4267121967706586,185619.80559523648,1.2689353227615356,0.5058204356179619,220031.88949381342
NBO-0504,-1.305311,36.854259,concrete_rcc,1078,80800,87100000.0,True,"generated for hackathon starter kit, not a real portfolio",0.0778974352895377,0.0,0.0,0.0,0.0,871025000.0,0.0778974352895377,Lunga Lunga Road,0.0,0.0,0.0,0.0,0.0,0.0,0.0,0.0,0.0,0.0,0.0,0.0,0.0,0.3115897411581508,0.08223164858904759,7162376.592106045
NBO-0505,-1.244107,36.925259,permanent_masonry,101,36700,3705000.0,True,"generated for hackathon starter kit, not a real portfolio",0.2582066655158996,0.1882060766220092,0.103161446750164,0.0,0.0,37065000.0,0.0,,0.2582066655158996,0.0,0.0,0.0,0.0,0.0,0.0,0.41255792777608324,0.1542440638524637,571474.256573378,0.7529291552457852,0.25500287492732104,944785.6516057245,1.0328266620635984,0.3299955610050677,1222633.553523776
NBO-0506,-1.182312,36.828437,informal_iron_sheet,12,6000,70000.0,True,"generated for hackathon starter kit, not a real portfolio",0.0,0.0,0.0,0.0,0.0,720000.0,0.0,,0.0,0.0,0.0,0.0,0.0,0.0,0.0,0.0,0.0,0.0,0.0,0.0,0.0,0.0,0.0,0.0
NBO-0507,-1.286124,36.862558,semi_permanent,28,9200,260000.0,True,"generated for hackathon starter kit, not a real portfolio",0.1521036794607623,0.0275959651917219,0.0,0.0,0.0,2575000.0,0.040657805485008594,Jogoo Road,0.1114458739757537,0.0,0.0,0.0,0.0,0.0,0.0,0.0,0.0,0.0,0.2884818536255737,0.14845982968113408,38599.55571709486,0.6084147178430492,0.2808337439937375,73016.77343837175
NBO-0508,-1.319233,36.80786,semi_permanent,36,13200,475000.0,True,"generated for hackathon starter kit, not a real portfolio",0.24331109138118678,0.0537689179182052,0.0,0.0,0.0,4750000.0,0.10794915171253137,Mbagathi Way,0.1353619396686554,0.0,0.0,0.0,0.0,0.0,0.0,0.3405203307033577,0.17524010492805012,83239.0498408238,0.6877263794317654,0.3102128994813292,147351.12725363136,0.9732443655247471,0.41314067176699076,196241.8190893206
NBO-0509,-1.193795,36.897925,permanent_masonry,107,41200,4410000.0,True,"generated for hackathon starter kit, not a real portfolio",0.4086120311504309,0.2974746823310852,0.2238771766424179,0.1078085154294967,0.0,44085000.0,0.050558942962259504,Kahawa West,0.3580530881881714,0.21995545637859315,0.08223529636490556,362657.65696923353,0.7122281092449247,0.24404967805447314,1076259.0802202267,1.1399445346411843,0.35774073961790015,1577636.6617149396,1.411302390678183,0.4280266032424658,1887597.320299274,1.6344481246017235,0.4750106112083751,2094796.7954289343
NBO-0510,-1.336823,36.70879,informal_iron_sheet,12,7400,90000.0,True,"generated for hackathon starter kit, not a real portfolio",0.06099934639642581,0.0,0.0,0.0,0.0,890000.0,0.06099934639642581,Langata Road,0.0,0.0,0.0,0.0,0.0,0.0,0.0,0.0,0.0,0.0,0.0,0.0,0.0,0.24399738558570325,0.1631298200758048,14681.683806822432
NBO-0511,-1.184776,36.797872,informal_iron_sheet,10,7200,70000.0,True,"generated for hackathon starter kit, not a real portfolio",0.0,0.0,0.0,0.0,0.0,720000.0,0.0,,0.0,0.0,0.0,0.0,0.0,0.0,0.0,0.0,0.0,0.0,0.0,0.0,0.0,0.0,0.0,0.0
NBO-0512,-1.188377,36.790529,informal_iron_sheet,15,6800,100000.0,True,"generated for hackathon starter kit, not a real portfolio",0.0,0.0,0.0,0.0,0.0,1020000.0,0.0,,0.0,0.0,0.0,0.0,0.0,0.0,0.0,0.0,0.0,0.0,0.0,0.0,0.0,0.0,0.0,0.0
NBO-0513,-1.290784,36.727271,concrete_rcc,668,67600,45155000.0,True,"generated for hackathon starter kit, not a real portfolio",0.0,0.0,0.0,0.0,0.0,451570000.0,0.0,,0.0,0.0,0.0,0.0,0.0,0.0,0.0,0.0,0.0,0.0,0.0,0.0,0.0,0.0,0.0,0.0
NBO-0514,-1.265043,36.819492,semi_permanent,34,13900,475000.0,True,"generated for hackathon starter kit, not a real portfolio",0.26263759349140386,0.1757694631814956,0.0894219502806663,0.0,0.0,4725000.0,0.01579514954838025,Nairobi Expressway,0.2468424439430236,0.0,0.0,0.0,0.0,0.0,0.0,0.43398666904318156,0.21622094097792455,102704.94696451417,0.7723247690584543,0.34150739472408503,162216.0124939404,1.0505503739656155,0.44070235722286893,209333.61968086276
NBO-0515,-1.325057,36.886173,informal_iron_sheet,11,5700,65000.0,True,"generated for hackathon starter kit, not a real portfolio",0.08870531789224952,0.0,0.0,0.0,0.0,625000.0,0.08870531789224952,Pipeline,0.0,0.0,0.0,0.0,0.0,0.0,0.0,0.0,0.0,0.0,0.010966591780475016,0.007331956199855743,476.5771529906233,0.35482127156899806,0.2292953574730232,14904.19823574651
NBO-0516,-1.249747,36.737112,permanent_masonry,104,41600,4325000.0,True,"generated for hackathon starter kit, not a real portfolio",0.0,0.0,0.0,0.0,0.0,43265000.0,0.0,,0.0,0.0,0.0,0.0,0.0,0.0,0.0,0.0,0.0,0.0,0.0,0.0,0.0,0.0,0.0,0.0
NBO-0517,-1.34537,36.948643,semi_permanent,27,13700,370000.0,True,"generated for hackathon starter kit, not a real portfolio",0.0525328740477561,0.0,0.0,0.0,0.0,3700000.0,0.0,,0.0525328740477561,0.0,0.0,0.0,0.0,0.0,0.0,0.0,0.0,0.0,0.0,0.0,0.0,0.2101314961910244,0.10813881616155784,40011.3619797764
NBO-0518,-1.207065,36.750001,permanent_masonry,100,58300,5830000.0,True,"generated for hackathon starter kit, not a real portfolio",0.0,0.0,0.0,0.0,0.0,58300000.0,0.0,,0.0,0.0,0.0,0.0,0.0,0.0,0.0,0.0,0.0,0.0,0.0,0.0,0.0,0.0,0.0,0.0
NBO-0519,-1.331527,36.92513,permanent_masonry,83,53800,4465000.0,True,"generated for hackathon starter kit, not a real portfolio",0.0,0.0,0.0,0.0,0.0,44655000.0,0.0,,0.0,0.0,0.0,0.0,0.0,0.0,0.0,0.0,0.0,0.0,0.0,0.0,0.0,0.0,0.0,0.0
NBO-0520,-1.193567,36.704825,informal_iron_sheet,12,5100,60000.0,True,"generated for hackathon starter kit, not a real portfolio",0.0,0.0,0.0,0.0,0.0,610000.0,0.0,,0.0,0.0,0.0,0.0,0.0,0.0,0.0,0.0,0.0,0.0,0.0,0.0,0.0,0.0,0.0,0.0
NBO-0521,-1.311918,36.827583,informal_iron_sheet,28,6000,170000.0,True,"generated for hackathon starter kit, not a real portfolio",0.32695719800049006,0.1189338490366935,0.0266321636736392,0.0,0.0,1680000.0,0.13204945824199854,South C,0.1949077397584915,0.0,0.0,0.0,0.2582749020180127,0.17267536779198678,29354.812524637753,0.7450475057453274,0.4149193113339235,70536.282926767,1.0538726110767787,0.5412226685471161,92007.85365300973,1.3078287920019602,0.6197916408840236,105364.57895028402
NBO-0522,-1.288577,36.715379,informal_iron_sheet,11,9800,110000.0,True,"generated for hackathon starter kit, not a real portfolio",0.0773663446307182,0.0,0.0,0.0,0.0,1080000.0,0.0,,0.0773663446307182,0.0,0.0,0.0,0.0,0.0,0.0,0.0,0.0,0.0,0.0,0.0,0.0,0.3094653785228728,0.20689988704979412,22758.987575477353
NBO-0523,-1.345307,36.773551,informal_iron_sheet,22,5300,115000.0,True,"generated for hackathon starter kit, not a real portfolio",0.0,0.0,0.0,0.0,0.0,1165000.0,0.0,,0.0,0.0,0.0,0.0,0.0,0.0,0.0,0.0,0.0,0.0,0.0,0.0,0.0,0.0,0.0,0.0
NBO-0524,-1.285827,36.901408,informal_iron_sheet,9,7300,65000.0,True,"generated for hackathon starter kit, not a real portfolio",0.0,0.0,0.0,0.0,0.0,655000.0,0.0,,0.0,0.0,0.0,0.0,0.0,0.0,0.0,0.0,0.0,0.0,0.0,0.0,0.0,0.0,0.0,0.0
NBO-0525,-1.339053,36.852392,informal_iron_sheet,19,6000,115000.0,True,"generated for hackathon starter kit, not a real portfolio",0.08609190918630279,0.0,0.0,0.0,0.0,1140000.0,0.055662601814924884,Mombasa Road,0.0304293073713779,0.0,0.0,0.0,0.0,0.0,0.0,0.0,0.0,0.0,0.0,0.0,0.0,0.34436763674521115,0.22426467032140285,25790.437086961327
NBO-0526,-1.192388,36.92264,semi_permanent,41,15500,635000.0,True,"generated for hackathon starter kit, not a real portfolio",0.2515932293322543,0.130029410123825,0.038890104740858,0.0,0.0,6355000.0,0.04654669479398532,Githurai,0.205046534538269,0.0,0.0,0.0,0.0,0.0,0.0,0.3805741957792495,0.1958528052157984,124366.53131203198,0.7239799926997343,0.32364220508218683,205512.80022718865,1.0063729173290172,0.42495189760639596,269844.45498006145
NBO-0527,-1.210956,36.822111,informal_iron_sheet,13,8600,110000.0,True,"generated for hackathon starter kit, not a real portfolio",0.0,0.0,0.0,0.0,0.0,1120000.0,0.0,,0.0,0.0,0.0,0.0,0.0,0.0,0.0,0.0,0.0,0.0,0.0,0.0,0.0,0.0,0.0,0.0
NBO-0528,-1.183892,36.727219,informal_iron_sheet,18,9200,165000.0,True,"generated for hackathon starter kit, not a real portfolio",0.0,0.0,0.0,0.0,0.0,1655000.0,0.0,,0.0,0.0,0.0,0.0,0.0,0.0,0.0,0.0,0.0,0.0,0.0,0.0,0.0,0.0,0.0,0.0
NBO-0529,-1.27367,36.719198,semi_permanent,31,10000,310000.0,True,"generated for hackathon starter kit, not a real portfolio",0.0023091877810657,0.0,0.0,0.0,0.0,3100000.0,0.0,,0.0023091877810657,0.0,0.0,0.0,0.0,0.0,0.0,0.0,0.0,0.0,0.0,0.0,0.0,0.0092367511242628,0.004753458428948182,1473.5721129739363
NBO-0530,-1.243356,36.83222,informal_iron_sheet,19,9000,170000.0,True,"generated for hackathon starter kit, not a real portfolio",0.0,0.0,0.0,0.0,0.0,1710000.0,0.0,,0.0,0.0,0.0,0.0,0.0,0.0,0.0,0.0,0.0,0.0,0.0,0.0,0.0,0.0,0.0,0.0
NBO-0531,-1.262821,36.929629,permanent_masonry,88,37900,3335000.0,True,"generated for hackathon starter kit, not a real portfolio",0.2956177172358296,0.1672998815774917,0.0800650864839553,0.0,0.0,33350000.0,0.056514519184376985,Kayole,0.2391031980514526,0.0,0.0,0.0,0.0840456830344937,0.031422369630313744,104793.60271709634,0.5934843053358945,0.2120941292555807,707333.9210673616,0.9166895042058638,0.2990729792211543,997408.3857025495,1.1824708689433183,0.3687557151077011,1229800.309884183
NBO-0532,-1.184216,36.946388,informal_iron_sheet,14,8900,125000.0,True,"generated for hackathon starter kit, not a real portfolio",0.1474845260381698,0.0670354589819908,0.0,0.0,0.0,1245000.0,0.0,,0.1474845260381698,0.0,0.0,0.0,0.0,0.0,0.0,0.0,0.0,0.0,0.2682623157722469,0.17935267298048266,22419.084122560333,0.5899381041526792,0.3424425305612754,42805.31632015942
NBO-0533,-1.256164,36.887888,concrete_rcc,588,82600,48570000.0,True,"generated for hackathon starter kit, not a real portfolio",0.38006224060877153,0.2977804839611053,0.224215030670166,0.1081968918442726,0.0,485690000.0,0.021729725845893104,Embakasi North,0.3583325147628784,0.03747037781253788,0.009888807408506874,480299.37583117886,0.5535079394511272,0.14607628030054698,7094924.9341975665,1.0018727631907705,0.23961655459035042,11638176.05645332,1.2863306658295974,0.29365286047458833,14262719.433250755,1.5202489624350861,0.3367562068974415,16356248.969008734
NBO-0534,-1.214277,36.717458,concrete_rcc,1390,74600,103695000.0,True,"generated for hackathon starter kit, not a real portfolio",0.0,0.0,0.0,0.0,0.0,1036940000.0,0.0,,0.0,0.0,0.0,0.0,0.0,0.0,0.0,0.0,0.0,0.0,0.0,0.0,0.0,0.0,0.0,0.0
NBO-0535,-1.295993,36.743629,semi_permanent,25,10700,270000.0,True,"generated for hackathon starter kit, not a real portfolio",0.0,0.0,0.0,0.0,0.0,2675000.0,0.0,,0.0,0.0,0.0,0.0,0.0,0.0,0.0,0.0,0.0,0.0,0.0,0.0,0.0,0.0,0.0,0.0
NBO-0536,-1.225209,36.858199,informal_iron_sheet,28,8900,250000.0,True,"generated for hackathon starter kit, not a real portfolio",0.0037512058766288213,0.0,0.0,0.0,0.0,2490000.0,0.0037512058766288213,Thika Road,0.0,0.0,0.0,0.0,0.0,0.0,0.0,0.0,0.0,0.0,0.0,0.0,0.0,0.015004823506515285,0.010031804861397937,2507.9512153494843
NBO-0537,-1.22413,36.847103,informal_iron_sheet,13,9800,125000.0,True,"generated for hackathon starter kit, not a real portfolio",0.0,0.0,0.0,0.0,0.0,1275000.0,0.0,,0.0,0.0,0.0,0.0,0.0,0.0,0.0,0.0,0.0,0.0,0.0,0.0,0.0,0.0,0.0,0.0
NBO-0538,-1.27839,36.927619,semi_permanent,51,10200,520000.0,True,"generated for hackathon starter kit, not a real portfolio",0.1544167105591617,0.0498099215328693,0.0,0.0,0.0,5200000.0,0.0226723853981815,Kayole,0.1317443251609802,0.0,0.0,0.0,0.0,0.0,0.0,0.0,0.0,0.0,0.29860674352883215,0.15367034608515348,79908.57996427981,0.6176668422366468,0.2842609777158049,147815.70841221855
NBO-0539,-1.312574,36.820574,informal_iron_sheet,8,6100,50000.0,True,"generated for hackathon starter kit, not a real portfolio",0.16439400337555435,0.0,0.0,0.0,0.0,490000.0,0.10670164324262175,Nairobi West,0.0576923601329326,0.0,0.0,0.0,0.0,0.0,0.0,0.0,0.0,0.0,0.34228060133751087,0.22326030940890917,11163.015470445458,0.6575760135022174,0.3744042235704435,18720.211178522175
NBO-0540,-1.324529,36.76911,semi_permanent,51,14300,730000.0,True,"generated for hackathon starter kit, not a real portfolio",0.018047054202244214,0.0,0.0,0.0,0.0,7295000.0,0.018047054202244214,Lang’ata Road,0.0,0.0,0.0,0.0,0.0,0.0,0.0,0.0,0.0,0.0,0.0,0.0,0.0,0.07218821680897686,0.03714982498121131,27119.372236284256
NBO-0541,-1.212603,36.730007,informal_iron_sheet,14,7000,100000.0,True,"generated for hackathon starter kit, not a real portfolio",0.0,0.0,0.0,0.0,0.0,980000.0,0.0,,0.0,0.0,0.0,0.0,0.0,0.0,0.0,0.0,0.0,0.0,0.0,0.0,0.0,0.0,0.0,0.0
NBO-0542,-1.189111,36.888,permanent_masonry,46,48800,2245000.0,True,"generated for hackathon starter kit, not a real portfolio",0.203324344943333,0.1235850006341934,0.0317705757915973,0.0,0.0,22450000.0,0.00416652579145471,Kahawa West,0.1991578191518783,0.0,0.0,0.0,0.0,0.0,0.0,0.14713744380767993,0.05501064395998681,123498.8956901704,0.5126913764208055,0.1903516694592828,427339.49793608993,0.813297379773332,0.2712487730818926,608953.4955688489
NBO-0543,-1.315547,36.926666,informal_iron_sheet,11,8400,90000.0,True,"generated for hackathon starter kit, not a real portfolio",0.086611233651638,0.0004177602822892,0.0,0.0,0.0,925000.0,0.0,,0.086611233651638,0.0,0.0,0.0,0.0,0.0,0.0,0.0,0.0,0.0,0.0018001035309170692,0.001203498817872287,108.31489360850583,0.346444934606552,0.22526434515578264,20273.79106402044
NBO-0544,-1.257331,36.882131,permanent_masonry,136,56200,7645000.0,True,"generated for hackathon starter kit, not a real portfolio",0.1347994595842859,0.0,0.0,0.0,0.0,76430000.0,0.06319881380372262,Huruma,0.0716006457805633,0.0,0.0,0.0,0.0,0.0,0.0,0.0,0.0,0.0,0.21273565149610818,0.0795360098639787,608052.7954101171,0.5391978383371436,0.19748491354755907,1509772.1640710891
NBO-0545,-1.242225,36.740313,permanent_masonry,74,53800,3980000.0,True,"generated for hackathon starter kit, not a real portfolio",0.0,0.0,0.0,0.0,0.0,39810000.0,0.0,,0.0,0.0,0.0,0.0,0.0,0.0,0.0,0.0,0.0,0.0,0.0,0.0,0.0,0.0,0.0,0.0
NBO-0546,-1.330179,36.854297,informal_iron_sheet,11,8400,90000.0,True,"generated for hackathon starter kit, not a real portfolio",0.14580540739317513,0.0,0.0,0.0,0.0,925000.0,0.14580540739317513,Mombasa Road,0.0,0.0,0.0,0.0,0.0,0.0,0.0,0.0,0.0,0.0,0.26091226698697806,0.1744386361640179,15699.47725476161,0.5832216295727005,0.33921030723003753,30528.92765070338
NBO-0547,-1.200929,36.924815,informal_iron_sheet,18,8200,150000.0,True,"generated for hackathon starter kit, not a real portfolio",0.576855162934457,0.4196830987930298,0.3588883280754089,0.2630104720592499,0.1526870429515838,1475000.0,0.10713164027134062,Githurai,0.4697235226631164,1.295335013962653,0.6163485985354358,92452.28978031536,1.6475617119358277,0.713415429209834,107012.31438147511,1.9535976928277454,0.7864264273105264,117963.96409657896,2.147757333921896,0.811953061308313,121792.95919624696,2.307420651737828,0.8329443808935364,124941.65713403047
NBO-0548,-1.316532,36.819529,informal_iron_sheet,11,8600,95000.0,True,"generated for hackathon starter kit, not a real portfolio",0.09902559282221032,0.0,0.0,0.0,0.0,945000.0,0.09902559282221032,South C,0.0,0.0,0.0,0.0,0.0,0.0,0.0,0.0,0.0,0.0,0.05614179392519293,0.037534831448154095,3565.808987574639,0.3961023712888413,0.24916139464248913,23670.332491036468
NBO-0549,-1.237462,36.709771,semi_permanent,40,12700,510000.0,True,"generated for hackathon starter kit, not a real portfolio",0.0,0.0,0.0,0.0,0.0,5080000.0,0.0,,0.0,0.0,0.0,0.0,0.0,0.0,0.0,0.0,0.0,0.0,0.0,0.0,0.0,0.0,0.0,0.0
NBO-0550,-1.259167,36.767873,permanent_masonry,73,47700,3480000.0,True,"generated for hackathon starter kit, not a real portfolio",0.007134052443148536,0.0,0.0,0.0,0.0,34820000.0,0.007134052443148536,Expressway,0.0,0.0,0.0,0.0,0.0,0.0,0.0,0.0,0.0,0.0,0.0,0.0,0.0,0.028536209772594145,0.010668904088204204,37127.78622695063
NBO-0551,-1.229688,36.86457,permanent_masonry,84,51000,4285000.0,True,"generated for hackathon starter kit, not a real portfolio",0.08404297122837077,0.0,0.0,0.0,0.0,42840000.0,0.04323067629815117,Thika Road,0.0408122949302196,0.0,0.0,0.0,0.0,0.0,0.0,0.0,0.0,0.0,0.0,0.0,0.0,0.3361718849134831,0.12568542304231622,538562.0377363251
NBO-0552,-1.250584,36.731432,informal_iron_sheet,15,9700,145000.0,True,"generated for hackathon starter kit, not a real portfolio",0.0,0.0,0.0,0.0,0.0,1455000.0,0.0,,0.0,0.0,0.0,0.0,0.0,0.0,0.0,0.0,0.0,0.0,0.0,0.0,0.0,0.0,0.0,0.0
NBO-0553,-1.323114,36.787484,semi_permanent,32,9500,305000.0,True,"generated for hackathon starter kit, not a real portfolio",0.09728462597400706,0.0,0.0,0.0,0.0,3040000.0,0.09728462597400706,Lang’ata Road,0.0,0.0,0.0,0.0,0.0,0.0,0.0,0.0,0.0,0.0,0.04852101542572579,0.024970103302956424,7615.881507401709,0.3891385038960282,0.1996079840583728,60880.4351378037
NBO-0554,-1.340246,36.945013,semi_permanent,37,14000,520000.0,True,"generated for hackathon starter kit, not a real portfolio",0.098816879093647,0.0137752126902341,0.0,0.0,0.0,5180000.0,0.0,,0.098816879093647,0.0,0.0,0.0,0.0,0.0,0.0,0.0,0.0,0.0,0.055228186008522674,0.02842177761054298,14779.32435748235,0.395267516374588,0.20187833380248432,104976.73357729184
NBO-0555,-1.234729,36.732582,permanent_masonry,48,60300,2895000.0,True,"generated for hackathon starter kit, not a real portfolio",0.0,0.0,0.0,0.0,0.0,28945000.0,0.0,,0.0,0.0,0.0,0.0,0.0,0.0,0.0,0.0,0.0,0.0,0.0,0.0,0.0,0.0,0.0,0.0
NBO-0556,-1.196393,36.809098,concrete_rcc,664,78500,52125000.0,True,"generated for hackathon starter kit, not a real portfolio",0.0,0.0,0.0,0.0,0.0,521240000.0,0.0,,0.0,0.0,0.0,0.0,0.0,0.0,0.0,0.0,0.0,0.0,0.0,0.0,0.0,0.0,0.0,0.0
NBO-0557,-1.267599,36.862228,concrete_rcc,349,55900,19510000.0,True,"generated for hackathon starter kit, not a real portfolio",0.05006625858771167,0.0,0.0,0.0,0.0,195090000.0,0.03646731080191697,Huruma,0.0135989477857947,0.0,0.0,0.0,0.0,0.0,0.0,0.0,0.0,0.0,0.0,0.0,0.0,0.2002650343508467,0.05285194521553195,1031141.4511550283
NBO-0558,-1.196781,36.753065,permanent_masonry,67,53300,3570000.0,True,"generated for hackathon starter kit, not a real portfolio",0.0,0.0,0.0,0.0,0.0,35710000.0,0.0,,0.0,0.0,0.0,0.0,0.0,0.0,0.0,0.0,0.0,0.0,0.0,0.0,0.0,0.0,0.0,0.0
NBO-0559,-1.180076,36.902401,semi_permanent,57,8100,460000.0,True,"generated for hackathon starter kit, not a real portfolio",0.33895091554452456,0.1476254612207412,0.0583295561373233,0.0,0.0,4615000.0,0.11782562574674166,Kahawa West,0.2211252897977829,0.0,0.0,0.0,0.32495297036566795,0.16722875989794672,76925.2295530555,0.8030512177222806,0.35246220574496895,162132.61464268572,1.1063730161721363,0.4606046408466446,211878.13478945653,1.3558036621780982,0.5271737436644945,242499.9220856675
NBO-0560,-1.255496,36.743072,semi_permanent,43,13100,565000.0,True,"generated for hackathon starter kit, not a real portfolio",0.0,0.0,0.0,0.0,0.0,5635000.0,0.0,,0.0,0.0,0.0,0.0,0.0,0.0,0.0,0.0,0.0,0.0,0.0,0.0,0.0,0.0,0.0,0.0
NBO-0561,-1.295388,36.849583,concrete_rcc,557,77700,43280000.0,True,"generated for hackathon starter kit, not a real portfolio",0.06701319288620194,0.0,0.0,0.0,0.0,432790000.0,0.019467782193510138,Enterprise Road,0.0475454106926918,0.0,0.0,0.0,0.0,0.0,0.0,0.0,0.0,0.0,0.0,0.0,0.0,0.2680527715448078,0.07074180693839023,3061705.404293529
NBO-0562,-1.315337,36.709384,informal_iron_sheet,8,6500,50000.0,True,"generated for hackathon starter kit, not a real portfolio",0.0,0.0,0.0,0.0,0.0,520000.0,0.0,,0.0,0.0,0.0,0.0,0.0,0.0,0.0,0.0,0.0,0.0,0.0,0.0,0.0,0.0,0.0,0.0
NBO-0563,-1.25133,36.949922,informal_iron_sheet,16,8400,135000.0,True,"generated for hackathon starter kit, not a real portfolio",0.2357229739427566,0.1636006832122802,0.0759783610701561,0.0,0.0,1345000.0,0.0,,0.2357229739427566,0.0,0.0,0.0,0.0,0.0,0.0,0.3038228699927777,0.20312746383681138,27422.207617969536,0.6545107198194643,0.3729844393711249,50352.899315101866,0.9428918957710264,0.5057814299155425,68280.49303859824
NBO-0564,-1.19492,36.831777,permanent_masonry,123,60800,7480000.0,True,"generated for hackathon starter kit, not a real portfolio",0.0,0.0,0.0,0.0,0.0,74785000.0,0.0,,0.0,0.0,0.0,0.0,0.0,0.0,0.0,0.0,0.0,0.0,0.0,0.0,0.0,0.0,0.0,0.0
NBO-0565,-1.343686,36.759716,informal_iron_sheet,8,5100,40000.0,True,"generated for hackathon starter kit, not a real portfolio",0.0,0.0,0.0,0.0,0.0,410000.0,0.0,,0.0,0.0,0.0,0.0,0.0,0.0,0.0,0.0,0.0,0.0,0.0,0.0,0.0,0.0,0.0,0.0
NBO-0566,-1.263318,36.733818,semi_permanent,51,10400,530000.0,True,"generated for hackathon starter kit, not a real portfolio",0.0,0.0,0.0,0.0,0.0,5305000.0,0.0,,0.0,0.0,0.0,0.0,0.0,0.0,0.0,0.0,0.0,0.0,0.0,0.0,0.0,0.0,0.0,0.0
NBO-0567,-1.182158,36.710157,informal_iron_sheet,25,9500,240000.0,True,"generated for hackathon starter kit, not a real portfolio",0.0,0.0,0.0,0.0,0.0,2375000.0,0.0,,0.0,0.0,0.0,0.0,0.0,0.0,0.0,0.0,0.0,0.0,0.0,0.0,0.0,0.0,0.0,0.0
NBO-0568,-1.215505,36.766714,informal_iron_sheet,21,6300,130000.0,True,"generated for hackathon starter kit, not a real portfolio",0.0,0.0,0.0,0.0,0.0,1325000.0,0.0,,0.0,0.0,0.0,0.0,0.0,0.0,0.0,0.0,0.0,0.0,0.0,0.0,0.0,0.0,0.0,0.0
NBO-0569,-1.227372,36.910585,permanent_masonry,90,56800,5110000.0,True,"generated for hackathon starter kit, not a real portfolio",0.4277280867099762,0.3737246692180633,0.3081152439117431,0.2046443223953247,0.0855837687849998,51120000.0,0.0,,0.4277280867099762,0.34214181342266675,0.12791741513886598,653657.9913596051,0.8185022193744331,0.27264946516339955,1393238.7669849717,1.2323931167209585,0.38168634608472574,1950417.2284929485,1.4949795872618787,0.44970028578647037,2297968.460368864,1.7109123468399048,0.48866571435842515,2497081.8003715524
NBO-0570,-1.301884,36.762107,permanent_masonry,93,63500,5905000.0,True,"generated for hackathon starter kit, not a real portfolio",0.0036786669650338702,0.0,0.0,0.0,0.0,59055000.0,0.0036786669650338702,Kibra,0.0,0.0,0.0,0.0,0.0,0.0,0.0,0.0,0.0,0.0,0.0,0.0,0.0,0.014714667860135481,0.0055014096595385024,32485.824039574858
NBO-0571,-1.343186,36.934871,concrete_rcc,577,70100,40450000.0,True,"generated for hackathon starter kit, not a real portfolio",0.0851868018507957,0.0,0.0,0.0,0.0,404475000.0,0.0,,0.0851868018507957,0.0,0.0,0.0,0.0,0.0,0.0,0.0,0.0,0.0,0.0,0.0,0.0,0.3407472074031828,0.08992659550577399,3637530.7882085578
NBO-0572,-1.218469,36.948093,concrete_rcc,1200,69300,83160000.0,True,"generated for hackathon starter kit, not a real portfolio",0.2475674003362655,0.1765628159046173,0.0902984291315078,0.0,0.0,831600000.0,0.0,,0.2475674003362655,0.0,0.0,0.0,0.0,0.0,0.0,0.3611045839016589,0.09529911073748681,7925074.048929404,0.7063576289615475,0.1834797904558451,15258179.374308078,0.990269601345062,0.2374123901185512,19743214.362258717
NBO-0573,-1.209108,36.843527,informal_iron_sheet,11,6400,70000.0,True,"generated for hackathon starter kit, not a real portfolio",0.0461423248052597,0.0,0.0,0.0,0.0,705000.0,0.0,,0.0461423248052597,0.0,0.0,0.0,0.0,0.0,0.0,0.0,0.0,0.0,0.0,0.0,0.0,0.1845692992210388,0.12339786551880835,8637.850586316585
NBO-0574,-1.328134,36.729186,semi_permanent,39,15700,610000.0,True,"generated for hackathon starter kit, not a real portfolio",0.019510959888914,0.0,0.0,0.0,0.0,6125000.0,0.019510959888914,Langata Road,0.0,0.0,0.0,0.0,0.0,0.0,0.0,0.0,0.0,0.0,0.0,0.0,0.0,0.078043839555656,0.040163271909409694,24499.595864739913
NBO-0575,-1.330035,36.785141,permanent_masonry,140,40600,5685000.0,True,"generated for hackathon starter kit, not a real portfolio",0.10048609816973497,0.0,0.0,0.0,0.0,56840000.0,0.10048609816973497,Lang’ata Road,0.0,0.0,0.0,0.0,0.0,0.0,0.0,0.0,0.0,0.0,0.06253490115883115,0.023380079833505096,132915.75385347646,0.4019443926789399,0.15027595495185697,854318.8039013069
NBO-0576,-1.32098,36.87598,semi_permanent,38,13100,500000.0,True,"generated for hackathon starter kit, not a real portfolio",0.19728504573534114,0.0,0.0,0.0,0.0,4980000.0,0.19728504573534114,Mukuru,0.0,0.0,0.0,0.0,0.0,0.0,0.0,0.11793033846132824,0.06068984146549181,30344.920732745908,0.4862553982724498,0.23558267281414128,117791.33640707064,0.7891401829413646,0.34750254513475054,173751.27256737527
NBO-0577,-1.254205,36.793286,permanent_masonry,158,51600,8155000.0,True,"generated for hackathon starter kit, not a real portfolio",0.06566210365171149,0.0,0.0,0.0,0.0,81530000.0,0.06566210365171149,Westlands,0.0,0.0,0.0,0.0,0.0,0.0,0.0,0.0,0.0,0.0,0.0,0.0,0.0,0.26264841460684596,0.09819701939009802,800796.6931262494
NBO-0578,-1.255227,36.862573,concrete_rcc,336,65400,21975000.0,True,"generated for hackathon starter kit, not a real portfolio",0.08755033258153777,0.0,0.0,0.0,0.0,219745000.0,0.08755033258153777,Mathare,0.0,0.0,0.0,0.0,0.0,0.0,0.0,0.0,0.0,0.0,0.005910845180730016,0.0015599311516464587,34279.48705743093,0.3502013303261511,0.09242163308637454,2030965.3870730805
NBO-0579,-1.284944,36.872587,informal_iron_sheet,18,6100,110000.0,True,"generated for hackathon starter kit, not a real portfolio",0.0836952278778997,0.0,0.0,0.0,0.0,1100000.0,0.044286182747885296,Makadara,0.0394090451300144,0.0,0.0,0.0,0.0,0.0,0.0,0.0,0.0,0.0,0.0,0.0,0.0,0.3347809115115988,0.21965117307649168,24161.629038414085
NBO-0580,-1.184273,36.742328,informal_iron_sheet,15,8400,125000.0,True,"generated for hackathon starter kit, not a real portfolio",0.0,0.0,0.0,0.0,0.0,1260000.0,0.0,,0.0,0.0,0.0,0.0,0.0,0.0,0.0,0.0,0.0,0.0,0.0,0.0,0.0,0.0,0.0,0.0
NBO-0581,-1.223779,36.773558,informal_iron_sheet,15,5700,85000.0,True,"generated for hackathon starter kit, not a real portfolio",0.0,0.0,0.0,0.0,0.0,855000.0,0.0,,0.0,0.0,0.0,0.0,0.0,0.0,0.0,0.0,0.0,0.0,0.0,0.0,0.0,0.0,0.0,0.0
NBO-0582,-1.260893,36.864061,informal_iron_sheet,23,9000,205000.0,True,"generated for hackathon starter kit, not a real portfolio",0.21957064107164337,0.0159752648323774,0.0,0.0,0.0,2070000.0,0.11874342396959268,Mathare,0.1008272171020507,0.0,0.0,0.0,0.0,0.0,0.0,0.2257073682584615,0.1509016266112961,30934.833455315704,0.5838067019988766,0.33949186636107154,69595.83260401967,0.8782825642865735,0.47663118970188595,97709.39388888663
NBO-0583,-1.318733,36.827757,informal_iron_sheet,11,7400,80000.0,True,"generated for hackathon starter kit, not a real portfolio",0.22383803818968942,0.0,0.0,0.0,0.0,815000.0,0.22383803818968942,South C,0.0,0.0,0.0,0.0,0.0,0.0,0.0,0.24634524574870958,0.16469953364070627,13175.962691256502,0.6024864880266554,0.3484812907238906,27878.50325791125,0.8953521527587577,0.4845374898838346,38762.99919070677
NBO-0584,-1.337643,36.82649,informal_iron_sheet,16,9900,160000.0,True,"generated for hackathon starter kit, not a real portfolio",0.004462529889414384,0.0,0.0,0.0,0.0,1585000.0,0.004462529889414384,South C,0.0,0.0,0.0,0.0,0.0,0.0,0.0,0.0,0.0,0.0,0.0,0.0,0.0,0.017850119557657536,0.011934090132902215,1909.4544212643543
NBO-0585,-1.267538,36.730176,permanent_masonry,89,64700,5760000.0,True,"generated for hackathon starter kit, not a real portfolio",0.0,0.0,0.0,0.0,0.0,57585000.0,0.0,,0.0,0.0,0.0,0.0,0.0,0.0,0.0,0.0,0.0,0.0,0.0,0.0,0.0,0.0,0.0,0.0
NBO-0586,-1.196646,36.92581,permanent_masonry,92,40300,3710000.0,True,"generated for hackathon starter kit, not a real portfolio",0.28135307925970515,0.147055372595787,0.057699728757143,0.0,0.0,37075000.0,0.06074873405725925,Githurai,0.2206043452024459,0.0,0.0,0.0,0.004742622708576095,0.001773136208612116,6578.33533395095,0.5244980256786611,0.1935289969836718,717992.5788094223,0.854248541298775,0.28226927939395374,1047219.0265515684,1.1254123170388206,0.35397667146273687,1313253.4511267538
NBO-0587,-1.230529,36.707301,semi_permanent,32,11900,380000.0,True,"generated for hackathon starter kit, not a real portfolio",0.0,0.0,0.0,0.0,0.0,3810000.0,0.0,,0.0,0.0,0.0,0.0,0.0,0.0,0.0,0.0,0.0,0.0,0.0,0.0,0.0,0.0,0.0,0.0
NBO-0588,-1.194468,36.887787,permanent_masonry,174,53100,9240000.0,True,"generated for hackathon starter kit, not a real portfolio",0.3935819566249847,0.3363563120365143,0.2668320834636688,0.1571873128414154,0.0310227014124393,92395000.0,0.0,,0.3935819566249847,0.12388594838596809,0.046317549237932854,427974.15495849954,0.6286696685197201,0.22156298197221486,2047241.9534232654,1.0672564701970002,0.33891341153066407,3131559.922543336,1.3455108628802133,0.41098558435326354,3797506.799424155,1.5743278264999387,0.46427423218088143,4289893.9053513445
NBO-0589,-1.303936,36.77295,concrete_rcc,1037,74000,76740000.0,True,"generated for hackathon starter kit, not a real portfolio",0.10493016968771741,0.0,0.0,0.0,0.0,767380000.0,0.10493016968771741,Kibra,0.0,0.0,0.0,0.0,0.0,0.0,0.0,0.0,0.0,0.0,0.08198804853454768,0.021637465888752483,1660459.1323028656,0.41972067875086966,0.11076848432914202,8500373.48741836
NBO-0590,-1.284527,36.892554,permanent_masonry,131,38700,5070000.0,True,"generated for hackathon starter kit, not a real portfolio",0.0,0.0,0.0,0.0,0.0,50695000.0,0.0,,0.0,0.0,0.0,0.0,0.0,0.0,0.0,0.0,0.0,0.0,0.0,0.0,0.0,0.0,0.0,0.0
NBO-0591,-1.268694,36.778328,semi_permanent,38,14200,540000.0,True,"generated for hackathon starter kit, not a real portfolio",0.0336511010572552,0.0,0.0,0.0,0.0,5395000.0,0.0336511010572552,Expressway,0.0,0.0,0.0,0.0,0.0,0.0,0.0,0.0,0.0,0.0,0.0,0.0,0.0,0.1346044042290208,0.06927072422415773,37406.19108104517
NBO-0592,-1.311754,36.901046,permanent_masonry,112,55900,6260000.0,True,"generated for hackathon starter kit, not a real portfolio",0.05703038102208293,0.0,0.0,0.0,0.0,62610000.0,0.05413954806706533,Pipeline,0.0028908329550176,0.0,0.0,0.0,0.0,0.0,0.0,0.0,0.0,0.0,0.0,0.0,0.0,0.22812152408833172,0.0852883645147148,533905.1618621147
NBO-0593,-1.243736,36.854758,semi_permanent,28,9000,250000.0,True,"generated for hackathon starter kit, not a real portfolio",0.0,0.0,0.0,0.0,0.0,2520000.0,0.0,,0.0,0.0,0.0,0.0,0.0,0.0,0.0,0.0,0.0,0.0,0.0,0.0,0.0,0.0,0.0,0.0
NBO-0594,-1.325088,36.940654,informal_iron_sheet,14,7800,110000.0,True,"generated for hackathon starter kit, not a real portfolio",0.133851945400238,0.0521164312958717,0.0,0.0,0.0,1090000.0,0.0,,0.133851945400238,0.0,0.0,0.0,0.0,0.0,0.0,0.0,0.0,0.0,0.2085880735401095,0.1394561455028581,15340.17600531439,0.535407781600952,0.3162004628347015,34782.05091181716
NBO-0595,-1.259297,36.878847,permanent_masonry,65,62100,4035000.0,True,"generated for hackathon starter kit, not a real portfolio",0.2878036644002273,0.0857672467827797,0.0,0.0,0.0,40365000.0,0.12320259173119812,Huruma,0.1646010726690292,0.0,0.0,0.0,0.04060411063364716,0.01518076035287825,61254.36802386374,0.555694181599455,0.2019243005704468,814764.5528017528,0.8824848518285284,0.2898680489240715,1169617.5774086283,1.1512146576009092,0.36065987502436253,1455262.5957233028
NBO-0596,-1.268638,36.924316,informal_iron_sheet,10,6400,65000.0,True,"generated for hackathon starter kit, not a real portfolio",0.5501746298794885,0.3360782563686371,0.2665249109268188,0.1568341851234436,0.0306167118251323,640000.0,0.15684673805285898,Kayole,0.3933278918266296,1.1247978899296167,0.5638723669736322,36651.70385328609,1.499233522610082,0.672539063731659,43715.039142557835,1.8245659769289737,0.7621943636790336,49542.63363913718,2.030967957450158,0.7965984816890701,51778.90130978956,2.200698519517954,0.8189133660374722,53229.36879243569
NBO-0597,-1.296252,36.788082,informal_iron_sheet,10,7800,80000.0,True,"generated for hackathon starter kit, not a real portfolio",0.08711899668083406,0.0,0.0,0.0,0.0,780000.0,0.08711899668083406,Kilimani,0.0,0.0,0.0,0.0,0.0,0.0,0.0,0.0,0.0,0.0,0.0040227475632920165,0.0026894963838852703,215.15971071082163,0.34847598672333624,0.22624176477684382,18099.341182147506
NBO-0598,-1.340629,36.87552,semi_permanent,50,12400,620000.0,True,"generated for hackathon starter kit, not a real portfolio",0.0,0.0,0.0,0.0,0.0,6200000.0,0.0,,0.0,0.0,0.0,0.0,0.0,0.0,0.0,0.0,0.0,0.0,0.0,0.0,0.0,0.0,0.0,0.0
NBO-0599,-1.298736,36.871765,concrete_rcc,904,77900,70420000.0,True,"generated for hackathon starter kit, not a real portfolio",0.12433329005616682,0.0,0.0,0.0,0.0,704215000.0,0.12433329005616682,Makadara,0.0,0.0,0.0,0.0,0.0,0.0,0.0,0.0,0.0,0.0,0.1669218212132494,0.04405233783638865,3102165.630438489,0.4973331602246673,0.13125119431489193,9242709.10365469
