loc_id,lat,lon,housing_class,floor_area_m2,cost_per_m2_kes,tiv_kes,synthetic,source,hazard_score_common,hazard_score_occasional,hazard_score_moderate,hazard_score_severe,hazard_score_extreme,tiv_kes_file,ai_uplift,ai_driving_site,hazard_score_common_base
NBO-0000,-1.314897,36.935883,semi_permanent,38,13600,515000.0,True,"generated for hackathon starter kit, not a real portfolio",0.0232857968658208,0.0,0.0,0.0,0.0,5170000.0,0.0,,0.0232857968658208
NBO-0001,-1.219963,36.789855,informal_iron_sheet,8,7800,60000.0,True,"generated for hackathon starter kit, not a real portfolio",0.0,0.0,0.0,0.0,0.0,625000.0,0.0,,0.0
NBO-0002,-1.257597,36.896201,semi_permanent,33,10000,330000.0,True,"generated for hackathon starter kit, not a real portfolio",0.5351487274039286,0.4072972238063812,0.3452048897743225,0.2472807019948959,0.1346025913953781,3300000.0,0.07674302409773044,Embakasi North,0.4584057033061981
NBO-0003,-1.194103,36.84782,semi_permanent,58,13700,795000.0,True,"generated for hackathon starter kit, not a real portfolio",0.1139633804559707,0.0303510408848524,0.0,0.0,0.0,7945000.0,0.0,,0.1139633804559707
NBO-0004,-1.263191,36.773582,semi_permanent,78,15900,1240000.0,True,"generated for hackathon starter kit, not a real portfolio",0.1730397302438209,0.0595238171517849,0.0,0.0,0.0,12400000.0,0.03241912608637313,Expressway,0.1406206041574478
NBO-0005,-1.202301,36.930681,informal_iron_sheet,16,9800,155000.0,True,"generated for hackathon starter kit, not a real portfolio",0.6970056032101595,0.6386087536811829,0.6007488965988159,0.5410411357879639,0.4723374247550964,1570000.0,0.027234289542862118,Githurai,0.6697713136672974
NBO-0006,-1.297331,36.917333,informal_iron_sheet,11,5700,65000.0,True,"generated for hackathon starter kit, not a real portfolio",0.1324349194765091,0.0505656786262989,0.0,0.0,0.0,625000.0,0.0,,0.1324349194765091
NBO-0007,-1.29008,36.791035,informal_iron_sheet,10,6600,65000.0,True,"generated for hackathon starter kit, not a real portfolio",0.035662538645371285,0.0,0.0,0.0,0.0,660000.0,0.035662538645371285,Kilimani,0.0
NBO-0008,-1.255438,36.943294,semi_permanent,35,13200,460000.0,True,"generated for hackathon starter kit, not a real portfolio",0.2259266525506973,0.152879923582077,0.0641344785690307,0.0,0.0,4620000.0,0.0,,0.2259266525506973
NBO-0009,-1.337945,36.756131,permanent_masonry,77,55800,4295000.0,True,"generated for hackathon starter kit, not a real portfolio",0.0,0.0,0.0,0.0,0.0,42965000.0,0.0,,0.0
NBO-0010,-1.275674,36.901374,semi_permanent,30,13200,395000.0,True,"generated for hackathon starter kit, not a real portfolio",0.002520774509365969,0.0,0.0,0.0,0.0,3960000.0,0.002520774509365969,Kayole,0.0
NBO-0011,-1.198387,36.870224,informal_iron_sheet,23,6100,140000.0,True,"generated for hackathon starter kit, not a real portfolio",0.0079745389521121,0.0,0.0,0.0,0.0,1405000.0,0.0,,0.0079745389521121
NBO-0012,-1.238124,36.817765,permanent_masonry,64,54900,3515000.0,True,"generated for hackathon starter kit, not a real portfolio",0.1145584806799888,0.0310022961348295,0.0,0.0,0.0,35135000.0,0.0,,0.1145584806799888
NBO-0013,-1.191036,36.707701,informal_iron_sheet,10,5200,50000.0,True,"generated for hackathon starter kit, not a real portfolio",0.0,0.0,0.0,0.0,0.0,520000.0,0.0,,0.0
NBO-0014,-1.193437,36.9237,semi_permanent,35,15500,540000.0,True,"generated for hackathon starter kit, not a real portfolio",0.3658998664358451,0.2507671117782593,0.1722764670848846,0.0484909527003765,0.0,5425000.0,0.050526773546059375,Githurai,0.3153730928897857
NBO-0015,-1.332391,36.843408,permanent_masonry,98,35900,3520000.0,True,"generated for hackathon starter kit, not a real portfolio",0.025649621314803098,0.0,0.0,0.0,0.0,35180000.0,0.025649621314803098,Mombasa Road,0.0
NBO-0016,-1.306308,36.797577,semi_permanent,37,13600,505000.0,True,"generated for hackathon starter kit, not a real portfolio",0.015201116599097756,0.0,0.0,0.0,0.0,5030000.0,0.015201116599097756,Mbagathi Way,0.0
NBO-0017,-1.224443,36.78867,semi_permanent,39,13300,520000.0,True,"generated for hackathon starter kit, not a real portfolio",0.0,0.0,0.0,0.0,0.0,5185000.0,0.0,,0.0
NBO-0018,-1.274224,36.862993,informal_iron_sheet,13,5500,70000.0,True,"generated for hackathon starter kit, not a real portfolio",0.02012790124678282,0.0,0.0,0.0,0.0,715000.0,0.01542964102515252,Eastleigh,0.0046982602216303
NBO-0019,-1.215378,36.786757,semi_permanent,27,8000,215000.0,True,"generated for hackathon starter kit, not a real portfolio",0.0,0.0,0.0,0.0,0.0,2160000.0,0.0,,0.0
NBO-0020,-1.268428,36.826895,concrete_rcc,709,81700,57925000.0,True,"generated for hackathon starter kit, not a real portfolio",0.06595248913827581,0.0,0.0,0.0,0.0,579255000.0,0.024947440237433217,Kirinyaga Road,0.0410050489008426
NBO-0021,-1.31688,36.792734,semi_permanent,49,8700,425000.0,True,"generated for hackathon starter kit, not a real portfolio",0.03831298916586375,0.0,0.0,0.0,0.0,4265000.0,0.01908828399129845,Lang’ata Road,0.0192247051745653
NBO-0022,-1.30153,36.713801,permanent_masonry,113,43200,4880000.0,True,"generated for hackathon starter kit, not a real portfolio",0.0,0.0,0.0,0.0,0.0,48815000.0,0.0,,0.0
NBO-0023,-1.255021,36.762602,informal_iron_sheet,13,6800,90000.0,True,"generated for hackathon starter kit, not a real portfolio",0.0,0.0,0.0,0.0,0.0,885000.0,0.0,,0.0
NBO-0024,-1.198924,36.910241,concrete_rcc,290,79300,22995000.0,True,"generated for hackathon starter kit, not a real portfolio",0.4854302107737289,0.3090768456459045,0.2366947829723358,0.12254299223423,0.0,229970000.0,0.11677542323329308,Githurai,0.3686547875404358
NBO-0025,-1.346206,36.904539,semi_permanent,48,8200,395000.0,True,"generated for hackathon starter kit, not a real portfolio",0.035495036432784594,0.0,0.0,0.0,0.0,3935000.0,0.035495036432784594,Pipeline/Embakasi,0.0
NBO-0026,-1.263277,36.866831,permanent_masonry,74,59500,4405000.0,True,"generated for hackathon starter kit, not a real portfolio",0.14011532314725061,0.0,0.0,0.0,0.0,44030000.0,0.14011532314725061,Huruma,0.0
NBO-0027,-1.255159,36.817647,concrete_rcc,364,65900,23990000.0,True,"generated for hackathon starter kit, not a real portfolio",0.003613535518762532,0.0,0.0,0.0,0.0,239875000.0,0.003613535518762532,Nairobi Expressway,0.0
NBO-0028,-1.194738,36.942461,semi_permanent,36,9100,330000.0,True,"generated for hackathon starter kit, not a real portfolio",0.2913669347763061,0.2244955897331237,0.1432527005672454,0.0151267014443874,0.0,3275000.0,0.0,,0.2913669347763061
NBO-0029,-1.341011,36.910065,concrete_rcc,491,81100,39820000.0,True,"generated for hackathon starter kit, not a real portfolio",0.10941117061040509,0.004750027321279,0.0,0.0,0.0,398200000.0,0.018841242321945395,Pipeline/Embakasi,0.0905699282884597
NBO-0030,-1.281853,36.761267,informal_iron_sheet,14,5400,75000.0,True,"generated for hackathon starter kit, not a real portfolio",0.016697213793999115,0.0,0.0,0.0,0.0,755000.0,0.016697213793999115,Dagoretti North,0.0
NBO-0031,-1.229115,36.841887,permanent_masonry,54,42700,2305000.0,True,"generated for hackathon starter kit, not a real portfolio",0.1423778533935547,0.0614468939602375,0.0,0.0,0.0,23060000.0,0.0,,0.1423778533935547
NBO-0032,-1.315429,36.938988,informal_iron_sheet,11,6100,65000.0,True,"generated for hackathon starter kit, not a real portfolio",0.035210084170103,0.0,0.0,0.0,0.0,670000.0,0.0,,0.035210084170103
NBO-0033,-1.237085,36.896404,informal_iron_sheet,12,9700,115000.0,True,"generated for hackathon starter kit, not a real portfolio",0.5667628937424384,0.5102450847625732,0.4589376747608185,0.378022164106369,0.2849153578281402,1165000.0,0.014286487645026245,Embakasi North,0.5524764060974121
NBO-0034,-1.306502,36.792338,semi_permanent,39,14600,570000.0,True,"generated for hackathon starter kit, not a real portfolio",0.17884907302506087,0.042589247226715,0.0,0.0,0.0,5695000.0,0.05370278832562087,Kibra,0.12514628469944
NBO-0035,-1.259929,36.817481,semi_permanent,27,14600,395000.0,True,"generated for hackathon starter kit, not a real portfolio",0.012860763532776211,0.0,0.0,0.0,0.0,3940000.0,0.012860763532776211,Nairobi Expressway,0.0
NBO-0036,-1.256369,36.829457,permanent_masonry,54,58300,3150000.0,True,"generated for hackathon starter kit, not a real portfolio",0.3459735810756683,0.2842552661895752,0.209272876381874,0.0910201519727706,0.0,31480000.0,0.0,,0.3459735810756683
NBO-0037,-1.331936,36.925473,informal_iron_sheet,11,7100,80000.0,True,"generated for hackathon starter kit, not a real portfolio",0.0,0.0,0.0,0.0,0.0,780000.0,0.0,,0.0
NBO-0038,-1.257297,36.878574,permanent_masonry,119,48100,5725000.0,True,"generated for hackathon starter kit, not a real portfolio",0.18131460845733932,0.0,0.0,0.0,0.0,57240000.0,0.12625200525189692,Huruma,0.0550626032054424
NBO-0039,-1.265985,36.799534,informal_iron_sheet,15,10000,150000.0,True,"generated for hackathon starter kit, not a real portfolio",0.0802469095464843,0.0,0.0,0.0,0.0,1500000.0,0.0802469095464843,Nairobi Expressway,0.0
NBO-0040,-1.313586,36.81551,concrete_rcc,551,61900,34105000.0,True,"generated for hackathon starter kit, not a real portfolio",0.2190638861446904,0.0569819770753383,0.0,0.0,0.0,341070000.0,0.08076594088368882,Mbagathi Way,0.1382979452610016
NBO-0041,-1.347614,36.723077,concrete_rcc,369,71300,26310000.0,True,"generated for hackathon starter kit, not a real portfolio",0.012672285749338074,0.0,0.0,0.0,0.0,263095000.0,0.012672285749338074,Langata Road,0.0
NBO-0042,-1.216402,36.823009,semi_permanent,38,9300,355000.0,True,"generated for hackathon starter kit, not a real portfolio",0.0,0.0,0.0,0.0,0.0,3535000.0,0.0,,0.0
NBO-0043,-1.272502,36.757256,semi_permanent,34,10600,360000.0,True,"generated for hackathon starter kit, not a real portfolio",0.0024294992582667334,0.0,0.0,0.0,0.0,3605000.0,0.0024294992582667334,Dagoretti North,0.0
NBO-0044,-1.266109,36.723283,semi_permanent,41,9000,370000.0,True,"generated for hackathon starter kit, not a real portfolio",0.0,0.0,0.0,0.0,0.0,3690000.0,0.0,,0.0
NBO-0045,-1.286932,36.722819,concrete_rcc,688,62100,42725000.0,True,"generated for hackathon starter kit, not a real portfolio",0.130946010351181,0.0489362739026546,0.0,0.0,0.0,427250000.0,0.0,,0.130946010351181
NBO-0046,-1.288172,36.753956,permanent_masonry,159,47900,7615000.0,True,"generated for hackathon starter kit, not a real portfolio",0.0,0.0,0.0,0.0,0.0,76160000.0,0.0,,0.0
NBO-0047,-1.253496,36.874782,permanent_masonry,96,35900,3445000.0,True,"generated for hackathon starter kit, not a real portfolio",0.39141258578755805,0.1693852096796035,0.0823688730597496,0.0,0.0,34465000.0,0.15040388684728095,Mathare,0.2410086989402771
NBO-0048,-1.255831,36.744796,permanent_masonry,91,47700,4340000.0,True,"generated for hackathon starter kit, not a real portfolio",0.0,0.0,0.0,0.0,0.0,43405000.0,0.0,,0.0
NBO-0049,-1.289351,36.842097,concrete_rcc,881,81300,71625000.0,True,"generated for hackathon starter kit, not a real portfolio",0.10886933819789808,0.017422517761588,0.0,0.0,0.0,716255000.0,0.006719665391635188,Eastleigh,0.1021496728062629
NBO-0050,-1.251175,36.850655,informal_iron_sheet,15,5300,80000.0,True,"generated for hackathon starter kit, not a real portfolio",0.0,0.0,0.0,0.0,0.0,795000.0,0.0,,0.0
NBO-0051,-1.288834,36.941566,concrete_rcc,1044,67700,70680000.0,True,"generated for hackathon starter kit, not a real portfolio",0.249496653676033,0.1786741316318512,0.0926309302449226,0.0,0.0,706790000.0,0.0,,0.249496653676033
NBO-0052,-1.274863,36.81455,semi_permanent,51,9400,480000.0,True,"generated for hackathon starter kit, not a real portfolio",0.0970244583974896,0.0,0.0,0.0,0.0,4795000.0,0.044791116316181295,Nairobi Expressway,0.0522333420813083
NBO-0053,-1.288657,36.893632,informal_iron_sheet,13,6200,80000.0,True,"generated for hackathon starter kit, not a real portfolio",0.001749588180558591,0.0,0.0,0.0,0.0,805000.0,0.001749588180558591,Kware Road,0.0
NBO-0054,-1.345737,36.708724,informal_iron_sheet,20,9300,185000.0,True,"generated for hackathon starter kit, not a real portfolio",0.014548032568417042,0.0,0.0,0.0,0.0,1860000.0,0.014548032568417042,Langata Road,0.0
NBO-0055,-1.338598,36.861152,informal_iron_sheet,12,5800,70000.0,True,"generated for hackathon starter kit, not a real portfolio",0.1605419852673748,0.0253537930548191,0.0,0.0,0.0,695000.0,0.0511449464499691,Mombasa Road,0.1093970388174057
NBO-0056,-1.195179,36.945076,permanent_masonry,72,63300,4560000.0,True,"generated for hackathon starter kit, not a real portfolio",0.269245445728302,0.2002865523099899,0.1165074855089187,0.0,0.0,45575000.0,0.0,,0.269245445728302
NBO-0057,-1.269395,36.711846,permanent_masonry,159,55600,8840000.0,True,"generated for hackathon starter kit, not a real portfolio",0.0048050079494714,0.0,0.0,0.0,0.0,88405000.0,0.0,,0.0048050079494714
NBO-0058,-1.326314,36.926912,semi_permanent,40,12400,495000.0,True,"generated for hackathon starter kit, not a real portfolio",0.0,0.0,0.0,0.0,0.0,4960000.0,0.0,,0.0
NBO-0059,-1.242227,36.738945,permanent_masonry,86,37100,3190000.0,True,"generated for hackathon starter kit, not a real portfolio",0.0,0.0,0.0,0.0,0.0,31905000.0,0.0,,0.0
NBO-0060,-1.207116,36.868812,semi_permanent,42,14400,605000.0,True,"generated for hackathon starter kit, not a real portfolio",0.0506880469620227,0.0,0.0,0.0,0.0,6050000.0,0.0,,0.0506880469620227
NBO-0061,-1.290067,36.706319,semi_permanent,41,13400,550000.0,True,"generated for hackathon starter kit, not a real portfolio",0.0,0.0,0.0,0.0,0.0,5495000.0,0.0,,0.0
NBO-0062,-1.278869,36.715366,semi_permanent,57,10900,620000.0,True,"generated for hackathon starter kit, not a real portfolio",0.0,0.0,0.0,0.0,0.0,6215000.0,0.0,,0.0
NBO-0063,-1.194166,36.733674,semi_permanent,34,8000,270000.0,True,"generated for hackathon starter kit, not a real portfolio",0.0,0.0,0.0,0.0,0.0,2720000.0,0.0,,0.0
NBO-0064,-1.192382,36.925331,informal_iron_sheet,19,8000,150000.0,True,"generated for hackathon starter kit, not a real portfolio",0.12418130258864184,0.0081863980740308,0.0,0.0,0.0,1520000.0,0.030471319657027943,Githurai,0.0937099829316139
NBO-0065,-1.209508,36.895722,permanent_masonry,185,58100,10750000.0,True,"generated for hackathon starter kit, not a real portfolio",0.16703280023954514,0.053498700261116,0.0,0.0,0.0,107485000.0,0.03191777281187183,Roysambu,0.1351150274276733
NBO-0066,-1.272078,36.865447,informal_iron_sheet,13,8600,110000.0,True,"generated for hackathon starter kit, not a real portfolio",0.06284331584800834,0.0,0.0,0.0,0.0,1120000.0,0.02097280750502705,Huruma,0.0418705083429813
NBO-0067,-1.290213,36.862364,informal_iron_sheet,15,7700,115000.0,True,"generated for hackathon starter kit, not a real portfolio",0.08878825381120406,0.0,0.0,0.0,0.0,1155000.0,0.08878825381120406,Jogoo Road,0.0
NBO-0068,-1.339728,36.77344,informal_iron_sheet,20,6200,125000.0,True,"generated for hackathon starter kit, not a real portfolio",0.005823764516302672,0.0,0.0,0.0,0.0,1240000.0,0.005823764516302672,Lang’ata Road,0.0
NBO-0069,-1.22829,36.832026,semi_permanent,32,15700,500000.0,True,"generated for hackathon starter kit, not a real portfolio",0.0,0.0,0.0,0.0,0.0,5025000.0,0.0,,0.0
NBO-0070,-1.316407,36.820467,permanent_masonry,93,37600,3495000.0,True,"generated for hackathon starter kit, not a real portfolio",0.11563753715817805,0.0,0.0,0.0,0.0,34970000.0,0.11563753715817805,South C,0.0
NBO-0071,-1.220708,36.937779,semi_permanent,48,8000,385000.0,True,"generated for hackathon starter kit, not a real portfolio",0.3993943929672241,0.3427172303199768,0.2738593816757202,0.1652655452489853,0.0403101928532123,3840000.0,0.0,,0.3993943929672241
NBO-0072,-1.203775,36.813551,concrete_rcc,2031,58900,119625000.0,True,"generated for hackathon starter kit, not a real portfolio",0.0,0.0,0.0,0.0,0.0,1196260000.0,0.0,,0.0
NBO-0073,-1.265598,36.886731,semi_permanent,37,9600,355000.0,True,"generated for hackathon starter kit, not a real portfolio",0.3166366892803404,0.2408114969730377,0.1612778902053833,0.0358475409448146,0.0,3550000.0,0.010360755299398592,Huruma,0.3062759339809418
NBO-0074,-1.246897,36.789663,semi_permanent,39,8200,320000.0,True,"generated for hackathon starter kit, not a real portfolio",0.1930377068009859,0.0,0.0,0.0,0.0,3200000.0,0.1930377068009859,Westlands,0.0
NBO-0075,-1.242933,36.931356,concrete_rcc,250,64500,16125000.0,True,"generated for hackathon starter kit, not a real portfolio",0.402626633644104,0.3462544977664947,0.2777672410011291,0.1697577983140945,0.0454749092459678,161250000.0,0.0,,0.402626633644104
NBO-0076,-1.305358,36.913093,informal_iron_sheet,14,7100,100000.0,True,"generated for hackathon starter kit, not a real portfolio",0.0,0.0,0.0,0.0,0.0,995000.0,0.0,,0.0
NBO-0077,-1.298235,36.947971,informal_iron_sheet,10,5100,50000.0,True,"generated for hackathon starter kit, not a real portfolio",0.1006443053483963,0.0157750882208347,0.0,0.0,0.0,510000.0,0.0,,0.1006443053483963
NBO-0078,-1.297084,36.756761,permanent_masonry,117,61500,7195000.0,True,"generated for hackathon starter kit, not a real portfolio",0.0,0.0,0.0,0.0,0.0,71955000.0,0.0,,0.0
NBO-0079,-1.240748,36.917596,semi_permanent,33,9700,320000.0,True,"generated for hackathon starter kit, not a real portfolio",0.5309082269668579,0.4866415858268738,0.4328614771366119,0.3480462729930877,0.2504522502422333,3200000.0,0.0,,0.5309082269668579
NBO-0080,-1.204947,36.819248,concrete_rcc,802,66600,53415000.0,True,"generated for hackathon starter kit, not a real portfolio",0.0685459449887275,0.0,0.0,0.0,0.0,534130000.0,0.0,,0.0685459449887275
NBO-0081,-1.223301,36.827346,informal_iron_sheet,19,8800,165000.0,True,"generated for hackathon starter kit, not a real portfolio",0.0,0.0,0.0,0.0,0.0,1670000.0,0.0,,0.0
NBO-0082,-1.245203,36.83545,informal_iron_sheet,17,6400,110000.0,True,"generated for hackathon starter kit, not a real portfolio",0.0,0.0,0.0,0.0,0.0,1090000.0,0.0,,0.0
NBO-0083,-1.334989,36.72296,semi_permanent,27,12500,340000.0,True,"generated for hackathon starter kit, not a real portfolio",0.09688714651158419,0.0,0.0,0.0,0.0,3375000.0,0.09688714651158419,Langata Road,0.0
NBO-0084,-1.286346,36.920269,permanent_masonry,150,44600,6690000.0,True,"generated for hackathon starter kit, not a real portfolio",0.1738139007950673,0.0924792811274528,0.0,0.0,0.0,66900000.0,0.0030795697832951977,Kayole,0.1707343310117721
NBO-0085,-1.273428,36.851099,concrete_rcc,712,69000,49130000.0,True,"generated for hackathon starter kit, not a real portfolio",0.1271827093877076,0.0,0.0,0.0,0.0,491280000.0,0.1271827093877076,Eastleigh,0.0
NBO-0086,-1.232924,36.726327,informal_iron_sheet,14,7200,100000.0,True,"generated for hackathon starter kit, not a real portfolio",0.0,0.0,0.0,0.0,0.0,1010000.0,0.0,,0.0
NBO-0087,-1.210741,36.884764,semi_permanent,37,8400,310000.0,True,"generated for hackathon starter kit, not a real portfolio",0.09419116396772105,0.0,0.0,0.0,0.0,3110000.0,0.09419116396772105,Roysambu,0.0
NBO-0088,-1.269745,36.728359,permanent_masonry,110,63200,6950000.0,True,"generated for hackathon starter kit, not a real portfolio",0.0,0.0,0.0,0.0,0.0,69520000.0,0.0,,0.0
NBO-0089,-1.212553,36.795312,permanent_masonry,68,47200,3210000.0,True,"generated for hackathon starter kit, not a real portfolio",0.238679438829422,0.166836142539978,0.0795527771115303,0.0,0.0,32095000.0,0.0,,0.238679438829422
NBO-0090,-1.272165,36.867382,semi_permanent,38,8100,310000.0,True,"generated for hackathon starter kit, not a real portfolio",0.10165639948692247,0.0,0.0,0.0,0.0,3080000.0,0.025391094206237075,Huruma,0.0762653052806854
NBO-0091,-1.308021,36.816316,permanent_masonry,88,43000,3785000.0,True,"generated for hackathon starter kit, not a real portfolio",0.09195202209111061,0.0,0.0,0.0,0.0,37840000.0,0.08095060840304702,Nairobi West,0.0110014136880636
NBO-0092,-1.333203,36.716242,semi_permanent,40,12200,490000.0,True,"generated for hackathon starter kit, not a real portfolio",0.14021172066877824,0.0,0.0,0.0,0.0,4880000.0,0.14021172066877824,Langata Road,0.0
NBO-0093,-1.299334,36.855565,informal_iron_sheet,16,6500,105000.0,True,"generated for hackathon starter kit, not a real portfolio",0.0641881194633053,0.0,0.0,0.0,0.0,1040000.0,0.0641881194633053,Jogoo Road,0.0
NBO-0094,-1.271576,36.791682,informal_iron_sheet,11,6300,70000.0,True,"generated for hackathon starter kit, not a real portfolio",0.15848394074041017,0.063667207956314,0.0,0.0,0.0,695000.0,0.01407723464566838,Nairobi Expressway,0.1444067060947418
NBO-0095,-1.224116,36.795335,semi_permanent,49,9600,470000.0,True,"generated for hackathon starter kit, not a real portfolio",0.158087283372879,0.0786387771368026,0.0,0.0,0.0,4705000.0,0.0,,0.158087283372879
NBO-0096,-1.201989,36.740738,informal_iron_sheet,11,9200,100000.0,True,"generated for hackathon starter kit, not a real portfolio",0.0,0.0,0.0,0.0,0.0,1010000.0,0.0,,0.0
NBO-0097,-1.279198,36.745978,semi_permanent,53,10500,555000.0,True,"generated for hackathon starter kit, not a real portfolio",0.0,0.0,0.0,0.0,0.0,5565000.0,0.0,,0.0
NBO-0098,-1.29751,36.948272,semi_permanent,44,12600,555000.0,True,"generated for hackathon starter kit, not a real portfolio",0.0561462230980396,0.0,0.0,0.0,0.0,5545000.0,0.0,,0.0561462230980396
NBO-0099,-1.260843,36.851111,concrete_rcc,959,56700,54375000.0,True,"generated for hackathon starter kit, not a real portfolio",0.1838640718604306,0.0879750251770019,0.0,0.0,0.0,543755000.0,0.01724559058201112,Eastleigh,0.1666184812784195
NBO-0100,-1.286345,36.846856,semi_permanent,55,14300,785000.0,True,"generated for hackathon starter kit, not a real portfolio",0.19160361355546945,0.0865479037165641,0.0,0.0,0.0,7865000.0,0.02628919249776834,Eastleigh,0.1653144210577011
NBO-0101,-1.30844,36.895244,informal_iron_sheet,19,6500,125000.0,True,"generated for hackathon starter kit, not a real portfolio",0.26068875644309963,0.0777468010783195,0.0,0.0,0.0,1235000.0,0.10341652188404055,Kware Road,0.1572722345590591
NBO-0102,-1.222723,36.795885,semi_permanent,25,8600,215000.0,True,"generated for hackathon starter kit, not a real portfolio",0.0230146870017051,0.0,0.0,0.0,0.0,2150000.0,0.0,,0.0230146870017051
NBO-0103,-1.306432,36.73854,semi_permanent,34,8600,290000.0,True,"generated for hackathon starter kit, not a real portfolio",0.0,0.0,0.0,0.0,0.0,2925000.0,0.0,,0.0
NBO-0104,-1.226248,36.851791,permanent_masonry,99,36400,3605000.0,True,"generated for hackathon starter kit, not a real portfolio",0.0,0.0,0.0,0.0,0.0,36035000.0,0.0,,0.0
NBO-0105,-1.23934,36.801209,permanent_masonry,116,37800,4385000.0,True,"generated for hackathon starter kit, not a real portfolio",0.01013056890038399,0.0,0.0,0.0,0.0,43850000.0,0.01013056890038399,Westlands,0.0
NBO-0106,-1.296068,36.800864,semi_permanent,34,10100,345000.0,True,"generated for hackathon starter kit, not a real portfolio",0.027991032979029332,0.0,0.0,0.0,0.0,3435000.0,0.002447648725050631,Kilimani,0.0255433842539787
NBO-0107,-1.213736,36.721958,permanent_masonry,104,53100,5520000.0,True,"generated for hackathon starter kit, not a real portfolio",0.0,0.0,0.0,0.0,0.0,55225000.0,0.0,,0.0
NBO-0108,-1.295765,36.805226,semi_permanent,34,13300,450000.0,True,"generated for hackathon starter kit, not a real portfolio",0.003988930981155819,0.0,0.0,0.0,0.0,4520000.0,0.003988930981155819,Uhuru Highway,0.0
NBO-0109,-1.207673,36.712984,informal_iron_sheet,11,9900,110000.0,True,"generated for hackathon starter kit, not a real portfolio",0.0,0.0,0.0,0.0,0.0,1090000.0,0.0,,0.0
NBO-0110,-1.238154,36.925489,semi_permanent,49,15200,745000.0,True,"generated for hackathon starter kit, not a real portfolio",0.2431769371032714,0.1717580556869506,0.0849903151392936,0.0,0.0,7450000.0,0.0,,0.2431769371032714
NBO-0111,-1.334044,36.793712,informal_iron_sheet,21,5200,110000.0,True,"generated for hackathon starter kit, not a real portfolio",0.015566772390803632,0.0,0.0,0.0,0.0,1090000.0,0.015566772390803632,Lang’ata Road,0.0
NBO-0112,-1.271695,36.878829,permanent_masonry,66,41200,2720000.0,True,"generated for hackathon starter kit, not a real portfolio",0.165257733443959,0.0652093291282653,0.0,0.0,0.0,27190000.0,0.019441884139759807,Huruma,0.1458158493041992
NBO-0113,-1.317103,36.847082,permanent_masonry,170,45900,7805000.0,True,"generated for hackathon starter kit, not a real portfolio",0.17503494321584329,0.0127464728429913,0.0,0.0,0.0,78030000.0,0.0771580964255296,South B,0.0978768467903137
NBO-0114,-1.268416,36.810036,permanent_masonry,133,54800,7290000.0,True,"generated for hackathon starter kit, not a real portfolio",0.11814477961661825,0.0,0.0,0.0,0.0,72885000.0,0.11814477961661825,Nairobi Expressway,0.0
NBO-0115,-1.340624,36.784613,semi_permanent,71,8200,580000.0,True,"generated for hackathon starter kit, not a real portfolio",0.010486653103158244,0.0,0.0,0.0,0.0,5820000.0,0.010486653103158244,Lang’ata Road,0.0
NBO-0116,-1.335686,36.707985,informal_iron_sheet,10,9700,95000.0,True,"generated for hackathon starter kit, not a real portfolio",0.05523166853173371,0.0,0.0,0.0,0.0,970000.0,0.05523166853173371,Langata Road,0.0
NBO-0117,-1.258956,36.863648,informal_iron_sheet,15,9800,145000.0,True,"generated for hackathon starter kit, not a real portfolio",0.29515268088995594,0.0990768522024154,0.0046949204988777,0.0,0.0,1470000.0,0.11838968278586053,Mathare,0.1767629981040954
NBO-0118,-1.228914,36.724864,semi_permanent,42,15900,670000.0,True,"generated for hackathon starter kit, not a real portfolio",0.0,0.0,0.0,0.0,0.0,6680000.0,0.0,,0.0
NBO-0119,-1.321806,36.758701,semi_permanent,24,13400,320000.0,True,"generated for hackathon starter kit, not a real portfolio",0.0631742551922798,0.0,0.0,0.0,0.0,3215000.0,0.0,,0.0631742551922798
NBO-0120,-1.255807,36.939727,informal_iron_sheet,14,8800,125000.0,True,"generated for hackathon starter kit, not a real portfolio",0.1707080602645874,0.0924505367875099,0.0,0.0,0.0,1230000.0,0.0,,0.1707080602645874
NBO-0121,-1.229133,36.79396,permanent_masonry,63,60600,3820000.0,True,"generated for hackathon starter kit, not a real portfolio",0.004009232801312036,0.0,0.0,0.0,0.0,38180000.0,0.004009232801312036,Westlands,0.0
NBO-0122,-1.207446,36.790624,semi_permanent,39,9600,375000.0,True,"generated for hackathon starter kit, not a real portfolio",0.0,0.0,0.0,0.0,0.0,3745000.0,0.0,,0.0
NBO-0123,-1.275351,36.872473,informal_iron_sheet,10,7200,70000.0,True,"generated for hackathon starter kit, not a real portfolio",0.5636738764589497,0.5109553337097168,0.4597223401069641,0.3789241909980774,0.2859524190425873,720000.0,0.0105484949892232,Huruma,0.5531253814697266
NBO-0124,-1.181446,36.767437,informal_iron_sheet,15,6200,95000.0,True,"generated for hackathon starter kit, not a real portfolio",0.0,0.0,0.0,0.0,0.0,930000.0,0.0,,0.0
NBO-0125,-1.183533,36.792047,informal_iron_sheet,12,7500,90000.0,True,"generated for hackathon starter kit, not a real portfolio",0.0,0.0,0.0,0.0,0.0,900000.0,0.0,,0.0
NBO-0126,-1.210898,36.776869,informal_iron_sheet,14,6600,90000.0,True,"generated for hackathon starter kit, not a real portfolio",0.2796441912651062,0.2116666138172149,0.1290797442197799,0.0,0.0,925000.0,0.0,,0.2796441912651062
NBO-0127,-1.290697,36.873831,semi_permanent,37,8600,320000.0,True,"generated for hackathon starter kit, not a real portfolio",0.14352351791401172,0.0,0.0,0.0,0.0,3180000.0,0.10900749257941511,Makadara,0.0345160253345966
NBO-0128,-1.321205,36.719321,informal_iron_sheet,16,5700,90000.0,True,"generated for hackathon starter kit, not a real portfolio",0.021987151636735605,0.0,0.0,0.0,0.0,910000.0,0.021987151636735605,Langata Road,0.0
NBO-0129,-1.316017,36.795227,informal_iron_sheet,16,9700,155000.0,True,"generated for hackathon starter kit, not a real portfolio",0.01752411141073032,0.0,0.0,0.0,0.0,1550000.0,0.01752411141073032,Mbagathi Way,0.0
NBO-0130,-1.194198,36.949316,concrete_rcc,1609,59600,95895000.0,True,"generated for hackathon starter kit, not a real portfolio",0.2919898331165313,0.2251772433519363,0.1440057605504989,0.0159923862665891,0.0,958965000.0,0.0,,0.2919898331165313
NBO-0131,-1.340893,36.860238,permanent_masonry,207,40300,8340000.0,True,"generated for hackathon starter kit, not a real portfolio",0.15486948929973787,0.0369950607419014,0.0,0.0,0.0,83420000.0,0.03483500324436377,Mombasa Road,0.1200344860553741
NBO-0132,-1.27855,36.818788,semi_permanent,48,11800,565000.0,True,"generated for hackathon starter kit, not a real portfolio",0.07579366008828116,0.0,0.0,0.0,0.0,5665000.0,0.06283645874897675,Central Business District,0.0129572013393044
NBO-0133,-1.207541,36.772299,permanent_masonry,53,48900,2590000.0,True,"generated for hackathon starter kit, not a real portfolio",0.0,0.0,0.0,0.0,0.0,25915000.0,0.0,,0.0
NBO-0134,-1.313321,36.705669,permanent_masonry,85,63100,5365000.0,True,"generated for hackathon starter kit, not a real portfolio",0.0,0.0,0.0,0.0,0.0,53635000.0,0.0,,0.0
NBO-0135,-1.328732,36.927373,semi_permanent,40,11900,475000.0,True,"generated for hackathon starter kit, not a real portfolio",0.1276225000619888,0.0452991276979446,0.0,0.0,0.0,4760000.0,0.0,,0.1276225000619888
NBO-0136,-1.308288,36.930201,informal_iron_sheet,19,8000,150000.0,True,"generated for hackathon starter kit, not a real portfolio",0.0894166082143783,0.0034878726582974,0.0,0.0,0.0,1520000.0,0.0,,0.0894166082143783
NBO-0137,-1.229656,36.944629,semi_permanent,34,9700,330000.0,True,"generated for hackathon starter kit, not a real portfolio",0.290000319480896,0.2230000048875808,0.1416004300117492,0.0132273351773619,0.0,3300000.0,0.0,,0.290000319480896
NBO-0138,-1.243781,36.81987,semi_permanent,34,12100,410000.0,True,"generated for hackathon starter kit, not a real portfolio",0.0,0.0,0.0,0.0,0.0,4115000.0,0.0,,0.0
NBO-0139,-1.33467,36.848323,permanent_masonry,120,56400,6770000.0,True,"generated for hackathon starter kit, not a real portfolio",0.06430729428163694,0.0,0.0,0.0,0.0,67680000.0,0.06430729428163694,Mombasa Road,0.0
NBO-0140,-1.324226,36.772249,permanent_masonry,100,49900,4990000.0,True,"generated for hackathon starter kit, not a real portfolio",0.04080120108550859,0.0,0.0,0.0,0.0,49900000.0,0.04080120108550859,Lang’ata Road,0.0
NBO-0141,-1.249756,36.907099,permanent_masonry,128,36200,4635000.0,True,"generated for hackathon starter kit, not a real portfolio",0.4836943390372185,0.3480801582336426,0.2797841429710388,0.17207632958889,0.0481405183672905,46335000.0,0.07939946079281843,Embakasi North,0.4042948782444
NBO-0142,-1.257697,36.845664,semi_permanent,33,14800,490000.0,True,"generated for hackathon starter kit, not a real portfolio",0.005667238801728001,0.0,0.0,0.0,0.0,4885000.0,0.005667238801728001,Eastleigh,0.0
NBO-0143,-1.227186,36.774168,informal_iron_sheet,18,6100,110000.0,True,"generated for hackathon starter kit, not a real portfolio",0.0,0.0,0.0,0.0,0.0,1100000.0,0.0,,0.0
NBO-0144,-1.310914,36.773765,concrete_rcc,1073,70900,76075000.0,True,"generated for hackathon starter kit, not a real portfolio",0.09817334734419844,0.0,0.0,0.0,0.0,760755000.0,0.09817334734419844,Kibra,0.0
NBO-0145,-1.25898,36.789057,semi_permanent,32,10700,340000.0,True,"generated for hackathon starter kit, not a real portfolio",0.10426512432796861,0.0,0.0,0.0,0.0,3425000.0,0.10426512432796861,Expressway,0.0
NBO-0146,-1.209838,36.867674,concrete_rcc,319,83500,26635000.0,True,"generated for hackathon starter kit, not a real portfolio",0.0,0.0,0.0,0.0,0.0,266365000.0,0.0,,0.0
NBO-0147,-1.186506,36.892392,informal_iron_sheet,24,9200,220000.0,True,"generated for hackathon starter kit, not a real portfolio",0.19809455081080635,0.0976249650120735,0.0030909371562302,0.0,0.0,2210000.0,0.022658247791282754,Kahawa West,0.1754363030195236
NBO-0148,-1.221177,36.725933,informal_iron_sheet,12,7700,90000.0,True,"generated for hackathon starter kit, not a real portfolio",0.0,0.0,0.0,0.0,0.0,925000.0,0.0,,0.0
NBO-0149,-1.201048,36.932221,permanent_masonry,88,49400,4345000.0,True,"generated for hackathon starter kit, not a real portfolio",0.6989508693229863,0.6529446244239807,0.6165866255760193,0.5592474341392517,0.4932691156864166,43470000.0,0.016079825640887956,Githurai,0.6828710436820984
NBO-0150,-1.315498,36.888282,informal_iron_sheet,12,5300,65000.0,True,"generated for hackathon starter kit, not a real portfolio",0.1953112300202972,0.0,0.0,0.0,0.0,635000.0,0.1472145843968517,Mukuru kwa Ruben,0.0480966456234455
NBO-0151,-1.26734,36.901219,concrete_rcc,1455,76200,110870000.0,True,"generated for hackathon starter kit, not a real portfolio",0.02057069145953444,0.0,0.0,0.0,0.0,1108710000.0,0.007652706251201942,Embakasi North,0.0129179852083325
NBO-0152,-1.184332,36.749384,informal_iron_sheet,15,7400,110000.0,True,"generated for hackathon starter kit, not a real portfolio",0.0,0.0,0.0,0.0,0.0,1110000.0,0.0,,0.0
NBO-0153,-1.245369,36.735718,permanent_masonry,103,63100,6500000.0,True,"generated for hackathon starter kit, not a real portfolio",0.0,0.0,0.0,0.0,0.0,64995000.0,0.0,,0.0
NBO-0154,-1.324387,36.883553,permanent_masonry,89,45500,4050000.0,True,"generated for hackathon starter kit, not a real portfolio",0.11133561376904717,0.0,0.0,0.0,0.0,40495000.0,0.11133561376904717,Mukuru kwa Ruben,0.0
NBO-0155,-1.284631,36.934741,permanent_masonry,116,62900,7295000.0,True,"generated for hackathon starter kit, not a real portfolio",0.1744741797447204,0.0965720415115356,0.0019277043174952,0.0,0.0,72965000.0,0.0,,0.1744741797447204
NBO-0156,-1.31803,36.786682,semi_permanent,27,15300,415000.0,True,"generated for hackathon starter kit, not a real portfolio",0.08972102801444833,0.0,0.0,0.0,0.0,4130000.0,0.06045174996497942,Lang’ata Road,0.0292692780494689
NBO-0157,-1.209491,36.725,permanent_masonry,84,43400,3645000.0,True,"generated for hackathon starter kit, not a real portfolio",0.0,0.0,0.0,0.0,0.0,36455000.0,0.0,,0.0
NBO-0158,-1.323821,36.781637,concrete_rcc,588,64100,37690000.0,True,"generated for hackathon starter kit, not a real portfolio",0.129427995358641,0.0,0.0,0.0,0.0,376910000.0,0.129427995358641,Lang’ata Road,0.0
NBO-0159,-1.2755,36.909436,concrete_rcc,617,84800,52320000.0,True,"generated for hackathon starter kit, not a real portfolio",0.0826039651613219,0.0,0.0,0.0,0.0,523215000.0,0.031067598817823693,Kayole,0.0515363663434982
NBO-0160,-1.267116,36.905938,semi_permanent,41,14400,590000.0,True,"generated for hackathon starter kit, not a real portfolio",0.10310886899085954,0.0,0.0,0.0,0.0,5905000.0,0.02934803912492714,Kayole,0.0737608298659324
NBO-0161,-1.264529,36.758589,informal_iron_sheet,18,6900,125000.0,True,"generated for hackathon starter kit, not a real portfolio",0.0,0.0,0.0,0.0,0.0,1240000.0,0.0,,0.0
NBO-0162,-1.207852,36.738724,permanent_masonry,85,39100,3325000.0,True,"generated for hackathon starter kit, not a real portfolio",0.0,0.0,0.0,0.0,0.0,33235000.0,0.0,,0.0
NBO-0163,-1.342246,36.823872,informal_iron_sheet,11,8200,90000.0,True,"generated for hackathon starter kit, not a real portfolio",0.0,0.0,0.0,0.0,0.0,900000.0,0.0,,0.0
NBO-0164,-1.318571,36.780133,semi_permanent,43,9300,400000.0,True,"generated for hackathon starter kit, not a real portfolio",0.07410844983556894,0.0,0.0,0.0,0.0,4000000.0,0.07410844983556894,Lang’ata Road,0.0
NBO-0165,-1.315888,36.912665,informal_iron_sheet,15,8800,130000.0,True,"generated for hackathon starter kit, not a real portfolio",0.0589286339531205,0.0,0.0,0.0,0.0,1320000.0,0.0032027092824243003,Pipeline,0.0557259246706962
NBO-0166,-1.273681,36.816244,informal_iron_sheet,10,6300,65000.0,True,"generated for hackathon starter kit, not a real portfolio",0.035967032347763224,0.0,0.0,0.0,0.0,630000.0,0.035967032347763224,Nairobi Expressway,0.0
NBO-0167,-1.194379,36.756692,informal_iron_sheet,14,8900,125000.0,True,"generated for hackathon starter kit, not a real portfolio",0.0631651803851127,0.0,0.0,0.0,0.0,1245000.0,0.0,,0.0631651803851127
NBO-0168,-1.226041,36.807618,permanent_masonry,92,61800,5685000.0,True,"generated for hackathon starter kit, not a real portfolio",0.0,0.0,0.0,0.0,0.0,56855000.0,0.0,,0.0
NBO-0169,-1.274509,36.755653,semi_permanent,45,8300,375000.0,True,"generated for hackathon starter kit, not a real portfolio",0.0016608518513610549,0.0,0.0,0.0,0.0,3735000.0,0.0016608518513610549,Dagoretti North,0.0
NBO-0170,-1.292702,36.875973,informal_iron_sheet,14,8900,125000.0,True,"generated for hackathon starter kit, not a real portfolio",0.11032730463897229,0.0,0.0,0.0,0.0,1245000.0,0.11032730463897229,Makadara,0.0
NBO-0171,-1.212602,36.943006,permanent_masonry,217,63100,13695000.0,True,"generated for hackathon starter kit, not a real portfolio",0.2369648814201355,0.1649597883224487,0.0774798542261123,0.0,0.0,136925000.0,0.0,,0.2369648814201355
NBO-0172,-1.240316,36.852111,permanent_masonry,168,55500,9325000.0,True,"generated for hackathon starter kit, not a real portfolio",0.0,0.0,0.0,0.0,0.0,93240000.0,0.0,,0.0
NBO-0173,-1.230335,36.759392,permanent_masonry,84,63400,5325000.0,True,"generated for hackathon starter kit, not a real portfolio",0.0,0.0,0.0,0.0,0.0,53255000.0,0.0,,0.0
NBO-0174,-1.198222,36.903014,semi_permanent,32,14400,460000.0,True,"generated for hackathon starter kit, not a real portfolio",0.22151154225431163,0.1043211668729782,0.0104886377230286,0.0,0.0,4610000.0,0.03995644991956435,Kahawa West,0.1815550923347473
NBO-0175,-1.341161,36.791211,concrete_rcc,607,75300,45705000.0,True,"generated for hackathon starter kit, not a real portfolio",0.0040369166538198,0.0,0.0,0.0,0.0,457070000.0,0.0040369166538198,Lang’ata Road,0.0
NBO-0176,-1.212321,36.722038,informal_iron_sheet,18,7600,135000.0,True,"generated for hackathon starter kit, not a real portfolio",0.0,0.0,0.0,0.0,0.0,1370000.0,0.0,,0.0
NBO-0177,-1.182082,36.738428,permanent_masonry,182,56100,10210000.0,True,"generated for hackathon starter kit, not a real portfolio",0.0,0.0,0.0,0.0,0.0,102100000.0,0.0,,0.0
NBO-0178,-1.265205,36.79272,permanent_masonry,45,43300,1950000.0,True,"generated for hackathon starter kit, not a real portfolio",0.04054354907715601,0.0,0.0,0.0,0.0,19485000.0,0.04054354907715601,Expressway,0.0
NBO-0179,-1.337228,36.908714,semi_permanent,50,9000,450000.0,True,"generated for hackathon starter kit, not a real portfolio",0.17881896879834444,0.0647426545619964,0.0,0.0,0.0,4500000.0,0.033429546024029644,Pipeline/Embakasi,0.1453894227743148
NBO-0180,-1.333631,36.756666,semi_permanent,46,12000,550000.0,True,"generated for hackathon starter kit, not a real portfolio",0.0,0.0,0.0,0.0,0.0,5520000.0,0.0,,0.0
NBO-0181,-1.195501,36.89562,informal_iron_sheet,16,5400,85000.0,True,"generated for hackathon starter kit, not a real portfolio",0.1802753408098569,0.0786302909255027,0.0,0.0,0.0,865000.0,0.022195806040798703,Kahawa West,0.1580795347690582
NBO-0182,-1.319569,36.720591,informal_iron_sheet,17,8000,135000.0,True,"generated for hackathon starter kit, not a real portfolio",0.01241466432237836,0.0,0.0,0.0,0.0,1360000.0,0.01241466432237836,Langata Road,0.0
NBO-0183,-1.218746,36.909908,semi_permanent,36,12600,455000.0,True,"generated for hackathon starter kit, not a real portfolio",0.1990083014851967,0.1145624220371246,0.0218027848750352,0.0,0.0,4535000.0,0.008095041502134004,Githurai,0.1909132599830627
NBO-0184,-1.221434,36.878747,permanent_masonry,87,42500,3700000.0,True,"generated for hackathon starter kit, not a real portfolio",0.09306956422585157,0.0,0.0,0.0,0.0,36975000.0,0.09306956422585157,Roysambu,0.0
NBO-0185,-1.28124,36.722067,semi_permanent,39,11500,450000.0,True,"generated for hackathon starter kit, not a real portfolio",0.0,0.0,0.0,0.0,0.0,4485000.0,0.0,,0.0
NBO-0186,-1.311268,36.710595,concrete_rcc,1180,84200,99355000.0,True,"generated for hackathon starter kit, not a real portfolio",0.0,0.0,0.0,0.0,0.0,993560000.0,0.0,,0.0
NBO-0187,-1.330025,36.762867,informal_iron_sheet,11,7300,80000.0,True,"generated for hackathon starter kit, not a real portfolio",0.0,0.0,0.0,0.0,0.0,805000.0,0.0,,0.0
NBO-0188,-1.301215,36.744807,semi_permanent,31,11600,360000.0,True,"generated for hackathon starter kit, not a real portfolio",0.0,0.0,0.0,0.0,0.0,3595000.0,0.0,,0.0
NBO-0189,-1.241874,36.861843,informal_iron_sheet,17,5300,90000.0,True,"generated for hackathon starter kit, not a real portfolio",0.0450165251472041,0.0,0.0,0.0,0.0,900000.0,0.017853736711387395,Thika Road,0.0271627884358167
NBO-0190,-1.20887,36.81776,concrete_rcc,757,61300,46405000.0,True,"generated for hackathon starter kit, not a real portfolio",0.0,0.0,0.0,0.0,0.0,464040000.0,0.0,,0.0
NBO-0191,-1.267964,36.843265,informal_iron_sheet,18,5800,105000.0,True,"generated for hackathon starter kit, not a real portfolio",0.08677373065256883,0.0,0.0,0.0,0.0,1045000.0,0.06038108079337892,Eastleigh,0.0263926498591899
NBO-0192,-1.329844,36.771296,semi_permanent,34,12400,420000.0,True,"generated for hackathon starter kit, not a real portfolio",0.026981617449002165,0.0,0.0,0.0,0.0,4215000.0,0.026981617449002165,Lang’ata Road,0.0
NBO-0193,-1.210185,36.944592,permanent_masonry,171,51800,8860000.0,True,"generated for hackathon starter kit, not a real portfolio",0.269862949848175,0.2009623348712921,0.1172540634870529,0.0,0.0,88580000.0,0.0,,0.269862949848175
NBO-0194,-1.264517,36.725531,concrete_rcc,692,57200,39580000.0,True,"generated for hackathon starter kit, not a real portfolio",0.0,0.0,0.0,0.0,0.0,395825000.0,0.0,,0.0
NBO-0195,-1.27448,36.865735,concrete_rcc,1836,57500,105570000.0,True,"generated for hackathon starter kit, not a real portfolio",0.04317866161965633,0.0,0.0,0.0,0.0,1055700000.0,0.010080299233429733,Huruma,0.0330983623862266
NBO-0196,-1.224155,36.832879,semi_permanent,38,11700,445000.0,True,"generated for hackathon starter kit, not a real portfolio",0.0,0.0,0.0,0.0,0.0,4445000.0,0.0,,0.0
NBO-0197,-1.343618,36.947469,informal_iron_sheet,28,9200,260000.0,True,"generated for hackathon starter kit, not a real portfolio",0.0544748902320861,0.0,0.0,0.0,0.0,2575000.0,0.0,,0.0544748902320861
NBO-0198,-1.319233,36.938714,concrete_rcc,1330,77400,102940000.0,True,"generated for hackathon starter kit, not a real portfolio",0.0253351777791976,0.0,0.0,0.0,0.0,1029420000.0,0.0,,0.0253351777791976
NBO-0199,-1.344312,36.819906,permanent_masonry,55,59500,3270000.0,True,"generated for hackathon starter kit, not a real portfolio",0.0267174895852804,0.0,0.0,0.0,0.0,32725000.0,0.0,,0.0267174895852804
NBO-0200,-1.306727,36.812002,concrete_rcc,1136,69500,78950000.0,True,"generated for hackathon starter kit, not a real portfolio",0.09291706016748726,0.0,0.0,0.0,0.0,789520000.0,0.058529423237736855,Mbagathi Way,0.0343876369297504
NBO-0201,-1.270885,36.789166,informal_iron_sheet,12,9800,120000.0,True,"generated for hackathon starter kit, not a real portfolio",0.02249445387730424,0.0,0.0,0.0,0.0,1175000.0,0.02249445387730424,Expressway,0.0
NBO-0202,-1.318579,36.742962,permanent_masonry,68,46100,3135000.0,True,"generated for hackathon starter kit, not a real portfolio",0.0,0.0,0.0,0.0,0.0,31350000.0,0.0,,0.0
NBO-0203,-1.344032,36.870461,permanent_masonry,110,64400,7085000.0,True,"generated for hackathon starter kit, not a real portfolio",0.3903466625533455,0.3308708667755127,0.2607719898223877,0.1502209156751632,0.0230134613811969,70840000.0,0.0017771287284249185,Mombasa Road,0.3885695338249206
NBO-0204,-1.336469,36.921711,concrete_rcc,812,69400,56355000.0,True,"generated for hackathon starter kit, not a real portfolio",0.0,0.0,0.0,0.0,0.0,563530000.0,0.0,,0.0
NBO-0205,-1.289884,36.819049,semi_permanent,40,8100,325000.0,True,"generated for hackathon starter kit, not a real portfolio",0.31576387982525744,0.1319523602724075,0.0410145111382007,0.0,0.0,3240000.0,0.10896021526017115,Central Business District,0.2068036645650863
NBO-0206,-1.274787,36.929401,semi_permanent,56,14900,835000.0,True,"generated for hackathon starter kit, not a real portfolio",0.19556901513088146,0.0818118527531623,0.0,0.0,0.0,8345000.0,0.034582263812903545,Kayole,0.1609867513179779
NBO-0207,-1.319881,36.761287,permanent_masonry,76,42900,3260000.0,True,"generated for hackathon starter kit, not a real portfolio",0.0,0.0,0.0,0.0,0.0,32605000.0,0.0,,0.0
NBO-0208,-1.266865,36.76677,informal_iron_sheet,20,9900,200000.0,True,"generated for hackathon starter kit, not a real portfolio",0.010703092173887159,0.0,0.0,0.0,0.0,1980000.0,0.010703092173887159,Dagoretti North,0.0
NBO-0209,-1.241941,36.938785,permanent_masonry,58,42100,2440000.0,True,"generated for hackathon starter kit, not a real portfolio",0.6831744313240051,0.6532766819000244,0.6169534921646118,0.5596691370010376,0.4937539100646972,24420000.0,0.0,,0.6831744313240051
NBO-0210,-1.291279,36.929862,concrete_rcc,483,58700,28350000.0,True,"generated for hackathon starter kit, not a real portfolio",0.1663005650043487,0.087627112865448,0.0,0.0,0.0,283520000.0,0.0,,0.1663005650043487
NBO-0211,-1.261427,36.828096,semi_permanent,30,9200,275000.0,True,"generated for hackathon starter kit, not a real portfolio",0.0021752948770004553,0.0,0.0,0.0,0.0,2760000.0,0.0021752948770004553,Kirinyaga Road,0.0
NBO-0212,-1.317846,36.837696,semi_permanent,35,9500,330000.0,True,"generated for hackathon starter kit, not a real portfolio",0.21658247832545607,0.0,0.0,0.0,0.0,3325000.0,0.19382175367662288,South B,0.0227607246488332
NBO-0213,-1.287925,36.788302,informal_iron_sheet,18,8000,145000.0,True,"generated for hackathon starter kit, not a real portfolio",0.041098628705943954,0.0,0.0,0.0,0.0,1440000.0,0.041098628705943954,Kilimani,0.0
NBO-0214,-1.285278,36.707129,informal_iron_sheet,11,6300,70000.0,True,"generated for hackathon starter kit, not a real portfolio",0.0,0.0,0.0,0.0,0.0,695000.0,0.0,,0.0
NBO-0215,-1.235394,36.793707,informal_iron_sheet,13,7100,90000.0,True,"generated for hackathon starter kit, not a real portfolio",0.029945325919669977,0.0,0.0,0.0,0.0,925000.0,0.029945325919669977,Westlands,0.0
NBO-0216,-1.217864,36.946273,semi_permanent,44,9100,400000.0,True,"generated for hackathon starter kit, not a real portfolio",0.2864344120025635,0.2190975844860077,0.1372891813516616,0.0082713477313518,0.0,4005000.0,0.0,,0.2864344120025635
NBO-0217,-1.295741,36.827042,permanent_masonry,77,54600,4205000.0,True,"generated for hackathon starter kit, not a real portfolio",0.1700608967403613,0.0,0.0,0.0,0.0,42040000.0,0.1244799173037254,Uhuru Highway,0.0455809794366359
NBO-0218,-1.235727,36.901794,permanent_masonry,135,43100,5820000.0,True,"generated for hackathon starter kit, not a real portfolio",0.6081750401877732,0.5600747466087341,0.5139876008033752,0.4413047730922699,0.3576710522174835,58185000.0,0.010165751876768611,Embakasi North,0.5980092883110046
NBO-0219,-1.307356,36.740224,informal_iron_sheet,14,8900,125000.0,True,"generated for hackathon starter kit, not a real portfolio",0.0,0.0,0.0,0.0,0.0,1245000.0,0.0,,0.0
NBO-0220,-1.200512,36.883541,semi_permanent,28,12000,335000.0,True,"generated for hackathon starter kit, not a real portfolio",0.21525473432217454,0.1363056302070617,0.0458238460123539,0.0,0.0,3360000.0,0.0044731749740682366,Roysambu,0.2107815593481063
NBO-0221,-1.328457,36.847573,concrete_rcc,1613,70000,112910000.0,True,"generated for hackathon starter kit, not a real portfolio",0.07827945811564078,0.0,0.0,0.0,0.0,1129100000.0,0.06764654362464309,Mombasa Road,0.0106329144909977
NBO-0222,-1.24835,36.946666,semi_permanent,50,12000,600000.0,True,"generated for hackathon starter kit, not a real portfolio",0.5876656770706177,0.5487551093101501,0.5014820694923401,0.4269290268421173,0.3411433100700378,6000000.0,0.0,,0.5876656770706177
NBO-0223,-1.310199,36.777964,semi_permanent,32,8900,285000.0,True,"generated for hackathon starter kit, not a real portfolio",0.1686411847526235,0.0,0.0,0.0,0.0,2850000.0,0.1686411847526235,Kibra,0.0
NBO-0224,-1.295518,36.816631,concrete_rcc,2004,69600,139480000.0,True,"generated for hackathon starter kit, not a real portfolio",0.08824577041032922,0.0,0.0,0.0,0.0,1394785000.0,0.08824577041032922,Uhuru Highway,0.0
NBO-0225,-1.285168,36.767894,permanent_masonry,84,58600,4920000.0,True,"generated for hackathon starter kit, not a real portfolio",0.05862067076932039,0.0,0.0,0.0,0.0,49225000.0,0.05862067076932039,Dagoretti North,0.0
NBO-0226,-1.317641,36.884345,semi_permanent,46,14900,685000.0,True,"generated for hackathon starter kit, not a real portfolio",0.23635217945909207,0.0,0.0,0.0,0.0,6855000.0,0.20489812668299387,Mukuru kwa Ruben,0.0314540527760982
NBO-0227,-1.26086,36.717133,permanent_masonry,157,43700,6860000.0,True,"generated for hackathon starter kit, not a real portfolio",0.0,0.0,0.0,0.0,0.0,68610000.0,0.0,,0.0
NBO-0228,-1.197482,36.882829,semi_permanent,31,15700,485000.0,True,"generated for hackathon starter kit, not a real portfolio",0.2758456170558929,0.2075095772743225,0.1244872137904167,0.0,0.0,4865000.0,0.0,,0.2758456170558929
NBO-0229,-1.184356,36.908604,informal_iron_sheet,11,5200,55000.0,True,"generated for hackathon starter kit, not a real portfolio",0.4452018052815987,0.1660275012254715,0.0786594152450561,0.0,0.0,570000.0,0.2072612703322961,Kahawa West,0.2379405349493026
NBO-0230,-1.332177,36.762032,informal_iron_sheet,13,8100,105000.0,True,"generated for hackathon starter kit, not a real portfolio",0.0,0.0,0.0,0.0,0.0,1055000.0,0.0,,0.0
NBO-0231,-1.33616,36.789645,concrete_rcc,1810,80400,145525000.0,True,"generated for hackathon starter kit, not a real portfolio",0.022477767979124777,0.0,0.0,0.0,0.0,1455240000.0,0.022477767979124777,Lang’ata Road,0.0
NBO-0232,-1.284456,36.786377,informal_iron_sheet,10,6800,70000.0,True,"generated for hackathon starter kit, not a real portfolio",0.23847857797320296,0.1367274224758148,0.0462898090481758,0.0,0.0,680000.0,0.027311600090817765,Dagoretti North,0.2111669778823852
NBO-0233,-1.188452,36.919106,permanent_masonry,207,63200,13080000.0,True,"generated for hackathon starter kit, not a real portfolio",0.21698265926395036,0.0989621356129646,0.0045681898482143,0.0,0.0,130825000.0,0.04032449082885364,Kahawa West,0.1766581684350967
NBO-0234,-1.226429,36.738966,semi_permanent,49,15700,770000.0,True,"generated for hackathon starter kit, not a real portfolio",0.0,0.0,0.0,0.0,0.0,7695000.0,0.0,,0.0
NBO-0235,-1.290382,36.928578,informal_iron_sheet,13,5200,70000.0,True,"generated for hackathon starter kit, not a real portfolio",0.1120080575346946,0.028211198747158,0.0,0.0,0.0,675000.0,0.0,,0.1120080575346946
NBO-0236,-1.187621,36.72315,semi_permanent,80,11400,910000.0,True,"generated for hackathon starter kit, not a real portfolio",0.0,0.0,0.0,0.0,0.0,9120000.0,0.0,,0.0
NBO-0237,-1.199153,36.70927,concrete_rcc,870,80200,69775000.0,True,"generated for hackathon starter kit, not a real portfolio",0.0,0.0,0.0,0.0,0.0,697740000.0,0.0,,0.0
NBO-0238,-1.281576,36.902948,permanent_masonry,84,37900,3185000.0,True,"generated for hackathon starter kit, not a real portfolio",0.0682321786880493,0.0,0.0,0.0,0.0,31835000.0,0.0,,0.0682321786880493
NBO-0239,-1.188579,36.716339,permanent_masonry,97,38600,3745000.0,True,"generated for hackathon starter kit, not a real portfolio",0.0,0.0,0.0,0.0,0.0,37440000.0,0.0,,0.0
NBO-0240,-1.211563,36.84204,permanent_masonry,51,36600,1865000.0,True,"generated for hackathon starter kit, not a real portfolio",0.0,0.0,0.0,0.0,0.0,18665000.0,0.0,,0.0
NBO-0241,-1.230749,36.829461,permanent_masonry,85,44500,3780000.0,True,"generated for hackathon starter kit, not a real portfolio",0.0070095574483275,0.0,0.0,0.0,0.0,37825000.0,0.0,,0.0070095574483275
NBO-0242,-1.219856,36.921451,semi_permanent,45,13000,585000.0,True,"generated for hackathon starter kit, not a real portfolio",0.399502697873422,0.3348427712917328,0.2651600241661072,0.1552651673555374,0.0288128219544887,5850000.0,0.007303747821160706,Githurai,0.3921989500522613
NBO-0243,-1.190807,36.86859,semi_permanent,30,15000,450000.0,True,"generated for hackathon starter kit, not a real portfolio",0.0,0.0,0.0,0.0,0.0,4500000.0,0.0,,0.0
NBO-0244,-1.227495,36.945525,informal_iron_sheet,12,7200,85000.0,True,"generated for hackathon starter kit, not a real portfolio",0.5118399262428284,0.4657738804817199,0.4098076224327087,0.321544736623764,0.2199835628271103,865000.0,0.0,,0.5118399262428284
NBO-0245,-1.236395,36.870383,informal_iron_sheet,21,7000,145000.0,True,"generated for hackathon starter kit, not a real portfolio",0.2992257977826703,0.0979572981595993,0.0034580852370709,0.0,0.0,1470000.0,0.12348580909801607,Thika Road,0.1757399886846542
NBO-0246,-1.271319,36.783572,semi_permanent,28,8400,235000.0,True,"generated for hackathon starter kit, not a real portfolio",0.032668919556779606,0.0,0.0,0.0,0.0,2350000.0,0.02930324014556211,Dagoretti North,0.0033656794112175
NBO-0247,-1.186897,36.934355,informal_iron_sheet,28,6900,195000.0,True,"generated for hackathon starter kit, not a real portfolio",0.2489110231399536,0.178033247590065,0.0919228941202163,0.0,0.0,1930000.0,0.0,,0.2489110231399536
NBO-0248,-1.303397,36.719771,permanent_masonry,188,35700,6710000.0,True,"generated for hackathon starter kit, not a real portfolio",0.0,0.0,0.0,0.0,0.0,67115000.0,0.0,,0.0
NBO-0249,-1.201491,36.870552,semi_permanent,26,10400,270000.0,True,"generated for hackathon starter kit, not a real portfolio",0.2466067969799041,0.1755115687847137,0.0891370475292205,0.0,0.0,2705000.0,0.0,,0.2466067969799041
NBO-0250,-1.309464,36.727057,concrete_rcc,517,67000,34640000.0,True,"generated for hackathon starter kit, not a real portfolio",0.0657281130552291,0.0,0.0,0.0,0.0,346390000.0,0.0,,0.0657281130552291
NBO-0251,-1.310908,36.74482,semi_permanent,33,11200,370000.0,True,"generated for hackathon starter kit, not a real portfolio",0.0,0.0,0.0,0.0,0.0,3695000.0,0.0,,0.0
NBO-0252,-1.311595,36.796579,permanent_masonry,59,62300,3675000.0,True,"generated for hackathon starter kit, not a real portfolio",0.0232904299877581,0.0,0.0,0.0,0.0,36755000.0,0.0232904299877581,Mbagathi Way,0.0
NBO-0253,-1.197507,36.82492,semi_permanent,48,11900,570000.0,True,"generated for hackathon starter kit, not a real portfolio",0.0,0.0,0.0,0.0,0.0,5710000.0,0.0,,0.0
NBO-0254,-1.225363,36.713396,informal_iron_sheet,21,9200,195000.0,True,"generated for hackathon starter kit, not a real portfolio",0.0,0.0,0.0,0.0,0.0,1930000.0,0.0,,0.0
NBO-0255,-1.306528,36.801425,permanent_masonry,130,45800,5955000.0,True,"generated for hackathon starter kit, not a real portfolio",0.03479217232218622,0.0,0.0,0.0,0.0,59540000.0,0.03479217232218622,Mbagathi Way,0.0
NBO-0256,-1.32265,36.834249,semi_permanent,44,8300,365000.0,True,"generated for hackathon starter kit, not a real portfolio",0.12104406159939204,0.0,0.0,0.0,0.0,3650000.0,0.12104406159939204,South C,0.0
NBO-0257,-1.23058,36.769731,concrete_rcc,1405,84100,118160000.0,True,"generated for hackathon starter kit, not a real portfolio",0.0,0.0,0.0,0.0,0.0,1181605000.0,0.0,,0.0
NBO-0258,-1.325808,36.801523,permanent_masonry,79,46400,3665000.0,True,"generated for hackathon starter kit, not a real portfolio",0.01997949768689704,0.0,0.0,0.0,0.0,36655000.0,0.01997949768689704,Mbagathi Way,0.0
NBO-0259,-1.194012,36.894882,permanent_masonry,74,41000,3035000.0,True,"generated for hackathon starter kit, not a real portfolio",0.3993529269759377,0.3161120414733886,0.24446702003479,0.1314775496721267,0.0014643266331404,30340000.0,0.02426956988021936,Kahawa West,0.3750833570957184
NBO-0260,-1.328899,36.747618,semi_permanent,71,14100,1000000.0,True,"generated for hackathon starter kit, not a real portfolio",0.0,0.0,0.0,0.0,0.0,10010000.0,0.0,,0.0
NBO-0261,-1.23631,36.777251,concrete_rcc,1448,56900,82390000.0,True,"generated for hackathon starter kit, not a real portfolio",0.05103332688101089,0.0,0.0,0.0,0.0,823910000.0,0.029920018734414997,Westlands,0.0211133081465959
NBO-0262,-1.313656,36.769023,informal_iron_sheet,8,6200,50000.0,True,"generated for hackathon starter kit, not a real portfolio",0.024898236280566942,0.0,0.0,0.0,0.0,495000.0,0.024898236280566942,Kibra,0.0
NBO-0263,-1.240543,36.762234,semi_permanent,36,9000,325000.0,True,"generated for hackathon starter kit, not a real portfolio",0.0,0.0,0.0,0.0,0.0,3240000.0,0.0,,0.0
NBO-0264,-1.194188,36.709318,concrete_rcc,1449,58700,85055000.0,True,"generated for hackathon starter kit, not a real portfolio",0.0,0.0,0.0,0.0,0.0,850565000.0,0.0,,0.0
NBO-0265,-1.20795,36.939186,informal_iron_sheet,17,9700,165000.0,True,"generated for hackathon starter kit, not a real portfolio",0.2328504621982574,0.1604571044445037,0.0725054517388343,0.0,0.0,1650000.0,0.0,,0.2328504621982574
NBO-0266,-1.245469,36.827153,semi_permanent,36,11000,395000.0,True,"generated for hackathon starter kit, not a real portfolio",0.0,0.0,0.0,0.0,0.0,3960000.0,0.0,,0.0
NBO-0267,-1.265873,36.781748,permanent_masonry,62,45700,2835000.0,True,"generated for hackathon starter kit, not a real portfolio",0.29535995324539494,0.1451400369405746,0.0555837489664554,0.0,0.0,28335000.0,0.07650577922748875,Expressway,0.2188541740179062
NBO-0268,-1.277204,36.92012,informal_iron_sheet,9,9700,85000.0,True,"generated for hackathon starter kit, not a real portfolio",0.5624685634696085,0.45147505402565,0.394010841846466,0.3033855557441711,0.1991060525178909,875000.0,0.06369448200102636,Kayole,0.4987740814685821
NBO-0269,-1.230379,36.705483,semi_permanent,36,9200,330000.0,True,"generated for hackathon starter kit, not a real portfolio",0.0,0.0,0.0,0.0,0.0,3310000.0,0.0,,0.0
NBO-0270,-1.22036,36.726497,permanent_masonry,170,62700,10660000.0,True,"generated for hackathon starter kit, not a real portfolio",0.0,0.0,0.0,0.0,0.0,106590000.0,0.0,,0.0
NBO-0271,-1.238975,36.704695,semi_permanent,25,12500,310000.0,True,"generated for hackathon starter kit, not a real portfolio",0.0,0.0,0.0,0.0,0.0,3125000.0,0.0,,0.0
NBO-0272,-1.268976,36.707647,permanent_masonry,159,53300,8475000.0,True,"generated for hackathon starter kit, not a real portfolio",0.0,0.0,0.0,0.0,0.0,84745000.0,0.0,,0.0
NBO-0273,-1.224272,36.70066,semi_permanent,32,11800,380000.0,True,"generated for hackathon starter kit, not a real portfolio",0.0,0.0,0.0,0.0,0.0,3775000.0,0.0,,0.0
NBO-0274,-1.290944,36.852137,permanent_masonry,80,47600,3810000.0,True,"generated for hackathon starter kit, not a real portfolio",0.14172384235888458,0.0372068174183368,0.0,0.0,0.0,38080000.0,0.021495857274827772,Jogoo Road,0.1202279850840568
NBO-0275,-1.305913,36.879391,semi_permanent,38,11700,445000.0,True,"generated for hackathon starter kit, not a real portfolio",0.05419763671153192,0.0,0.0,0.0,0.0,4445000.0,0.052330426917532216,Mukuru kwa Ruben,0.0018672097939997
NBO-0276,-1.341675,36.788527,informal_iron_sheet,23,8800,200000.0,True,"generated for hackathon starter kit, not a real portfolio",0.0051841115262379455,0.0,0.0,0.0,0.0,2025000.0,0.0051841115262379455,Lang’ata Road,0.0
NBO-0277,-1.316557,36.932,semi_permanent,35,11400,400000.0,True,"generated for hackathon starter kit, not a real portfolio",0.0851205959916114,0.0,0.0,0.0,0.0,3990000.0,0.0,,0.0851205959916114
NBO-0278,-1.184995,36.888914,semi_permanent,26,15200,395000.0,True,"generated for hackathon starter kit, not a real portfolio",0.1756001304671034,0.09074367582798,0.0,0.0,0.0,3950000.0,0.006451744942353694,Kahawa West,0.1691483855247497
NBO-0279,-1.242356,36.946982,semi_permanent,30,10800,325000.0,True,"generated for hackathon starter kit, not a real portfolio",0.4855479598045349,0.4370008111000061,0.3780202567577362,0.2850036025047302,0.1779724061489105,3240000.0,0.0,,0.4855479598045349
NBO-0280,-1.286231,36.892072,concrete_rcc,1026,59400,60945000.0,True,"generated for hackathon starter kit, not a real portfolio",0.0034659986849874,0.0,0.0,0.0,0.0,609445000.0,0.0,,0.0034659986849874
NBO-0281,-1.187574,36.830611,permanent_masonry,45,55200,2485000.0,True,"generated for hackathon starter kit, not a real portfolio",0.0,0.0,0.0,0.0,0.0,24840000.0,0.0,,0.0
NBO-0282,-1.338431,36.714023,permanent_masonry,83,56100,4655000.0,True,"generated for hackathon starter kit, not a real portfolio",0.10373633328012845,0.0,0.0,0.0,0.0,46565000.0,0.10373633328012845,Langata Road,0.0
NBO-0283,-1.295195,36.729934,informal_iron_sheet,12,7100,85000.0,True,"generated for hackathon starter kit, not a real portfolio",0.0,0.0,0.0,0.0,0.0,850000.0,0.0,,0.0
NBO-0284,-1.27871,36.781699,semi_permanent,72,15300,1100000.0,True,"generated for hackathon starter kit, not a real portfolio",0.13494398011283854,0.0,0.0,0.0,0.0,11015000.0,0.08670782981829625,Dagoretti North,0.0482361502945423
NBO-0285,-1.308304,36.733992,semi_permanent,29,13000,375000.0,True,"generated for hackathon starter kit, not a real portfolio",0.0,0.0,0.0,0.0,0.0,3770000.0,0.0,,0.0
NBO-0286,-1.211654,36.859362,permanent_masonry,45,61000,2745000.0,True,"generated for hackathon starter kit, not a real portfolio",0.0472190491855144,0.0,0.0,0.0,0.0,27450000.0,0.0,,0.0472190491855144
NBO-0287,-1.305027,36.717376,informal_iron_sheet,9,7800,70000.0,True,"generated for hackathon starter kit, not a real portfolio",0.0,0.0,0.0,0.0,0.0,700000.0,0.0,,0.0
NBO-0288,-1.267276,36.835611,semi_permanent,50,11200,560000.0,True,"generated for hackathon starter kit, not a real portfolio",0.040022539427582514,0.0,0.0,0.0,0.0,5600000.0,0.010961767738763615,Eastleigh,0.0290607716888189
NBO-0289,-1.185153,36.790811,semi_permanent,29,12500,360000.0,True,"generated for hackathon starter kit, not a real portfolio",0.0,0.0,0.0,0.0,0.0,3625000.0,0.0,,0.0
NBO-0290,-1.266469,36.795974,semi_permanent,33,9100,300000.0,True,"generated for hackathon starter kit, not a real portfolio",0.04344377803379923,0.0,0.0,0.0,0.0,3005000.0,0.04344377803379923,Nairobi Expressway,0.0
NBO-0291,-1.309713,36.71976,permanent_masonry,45,56500,2540000.0,True,"generated for hackathon starter kit, not a real portfolio",0.0076628164388239,0.0,0.0,0.0,0.0,25425000.0,0.0,,0.0076628164388239
NBO-0292,-1.248732,36.879753,informal_iron_sheet,9,9600,85000.0,True,"generated for hackathon starter kit, not a real portfolio",0.48638554645661236,0.3982618451118469,0.3352229595184326,0.2358059734106063,0.1214101538062095,865000.0,0.03623612953308948,Mathare,0.4501494169235229
NBO-0293,-1.204167,36.891005,semi_permanent,26,8400,220000.0,True,"generated for hackathon starter kit, not a real portfolio",0.6473457792001626,0.5971358418464661,0.5549312829971313,0.4883715510368347,0.4117834568023681,2185000.0,0.015471158285703376,Roysambu,0.6318746209144592
NBO-0294,-1.28955,36.779763,informal_iron_sheet,14,5100,70000.0,True,"generated for hackathon starter kit, not a real portfolio",0.2941607175461815,0.1383993327617645,0.0481368862092494,0.0,0.0,715000.0,0.08146598321123591,Kilimani,0.2126947343349456
NBO-0295,-1.33716,36.794091,permanent_masonry,130,48400,6290000.0,True,"generated for hackathon starter kit, not a real portfolio",0.007093772350396531,0.0,0.0,0.0,0.0,62920000.0,0.007093772350396531,Lang’ata Road,0.0
NBO-0296,-1.278423,36.873103,informal_iron_sheet,14,8800,125000.0,True,"generated for hackathon starter kit, not a real portfolio",0.22753863886399955,0.1477875411510467,0.0585086047649383,0.0,0.0,1230000.0,0.006265261326272255,Makadara,0.2212733775377273
NBO-0297,-1.213308,36.732977,semi_permanent,52,8400,435000.0,True,"generated for hackathon starter kit, not a real portfolio",0.0,0.0,0.0,0.0,0.0,4370000.0,0.0,,0.0
NBO-0298,-1.323806,36.853642,semi_permanent,24,10000,240000.0,True,"generated for hackathon starter kit, not a real portfolio",0.08995055362586772,0.0,0.0,0.0,0.0,2400000.0,0.08995055362586772,Mombasa Road,0.0
NBO-0299,-1.298429,36.785526,semi_permanent,20,11400,230000.0,True,"generated for hackathon starter kit, not a real portfolio",0.10847228895249028,0.0,0.0,0.0,0.0,2280000.0,0.10847228895249028,Kilimani,0.0
NBO-0300,-1.316479,36.875112,permanent_masonry,98,49800,4880000.0,True,"generated for hackathon starter kit, not a real portfolio",0.3559715707672546,0.0611426159739494,0.0,0.0,0.0,48805000.0,0.21387175814041604,Mukuru,0.1420998126268386
NBO-0301,-1.196509,36.858876,permanent_masonry,155,61800,9580000.0,True,"generated for hackathon starter kit, not a real portfolio",0.0,0.0,0.0,0.0,0.0,95790000.0,0.0,,0.0
NBO-0302,-1.207697,36.777948,semi_permanent,42,11500,485000.0,True,"generated for hackathon starter kit, not a real portfolio",0.0,0.0,0.0,0.0,0.0,4830000.0,0.0,,0.0
NBO-0303,-1.326648,36.769993,concrete_rcc,383,79700,30525000.0,True,"generated for hackathon starter kit, not a real portfolio",0.023189966437420117,0.0,0.0,0.0,0.0,305250000.0,0.023189966437420117,Lang’ata Road,0.0
NBO-0304,-1.32852,36.797975,permanent_masonry,149,39000,5810000.0,True,"generated for hackathon starter kit, not a real portfolio",0.009038552808655231,0.0,0.0,0.0,0.0,58110000.0,0.009038552808655231,Lang’ata Road,0.0
NBO-0305,-1.310833,36.773989,concrete_rcc,1116,75100,83810000.0,True,"generated for hackathon starter kit, not a real portfolio",0.10253138545341542,0.0,0.0,0.0,0.0,838115000.0,0.10253138545341542,Kibra,0.0
NBO-0306,-1.220163,36.889739,permanent_masonry,121,55500,6715000.0,True,"generated for hackathon starter kit, not a real portfolio",0.363699326907607,0.1067826300859451,0.0132079683244228,0.0,0.0,67155000.0,0.179895023499938,Roysambu,0.183804303407669
NBO-0307,-1.335209,36.897649,informal_iron_sheet,16,6000,95000.0,True,"generated for hackathon starter kit, not a real portfolio",0.29388928377708085,0.0206108875572681,0.0,0.0,0.0,960000.0,0.18882616573651925,Pipeline/Embakasi,0.1050631180405616
NBO-0308,-1.253911,36.823871,permanent_masonry,88,63700,5605000.0,True,"generated for hackathon starter kit, not a real portfolio",0.5121504068374634,0.4661136567592621,0.4101829826831817,0.3219762444496155,0.220479667186737,56055000.0,0.0,,0.5121504068374634
NBO-0309,-1.230274,36.759232,semi_permanent,51,12000,610000.0,True,"generated for hackathon starter kit, not a real portfolio",0.0,0.0,0.0,0.0,0.0,6120000.0,0.0,,0.0
NBO-0310,-1.193935,36.823109,permanent_masonry,101,37300,3765000.0,True,"generated for hackathon starter kit, not a real portfolio",0.0,0.0,0.0,0.0,0.0,37675000.0,0.0,,0.0
NBO-0311,-1.185447,36.889115,concrete_rcc,939,79200,74370000.0,True,"generated for hackathon starter kit, not a real portfolio",0.12338648351080618,0.03294113650918,0.0,0.0,0.0,743690000.0,0.007056351622416678,Kahawa West,0.1163301318883895
NBO-0312,-1.27629,36.836385,semi_permanent,28,14200,400000.0,True,"generated for hackathon starter kit, not a real portfolio",0.04721862268548102,0.0,0.0,0.0,0.0,3975000.0,0.04721862268548102,Kirinyaga Road,0.0
NBO-0313,-1.204866,36.703881,permanent_masonry,104,47600,4950000.0,True,"generated for hackathon starter kit, not a real portfolio",0.0,0.0,0.0,0.0,0.0,49505000.0,0.0,,0.0
NBO-0314,-1.182174,36.721902,permanent_masonry,218,52600,11465000.0,True,"generated for hackathon starter kit, not a real portfolio",0.0,0.0,0.0,0.0,0.0,114670000.0,0.0,,0.0
NBO-0315,-1.181293,36.796118,semi_permanent,24,15700,375000.0,True,"generated for hackathon starter kit, not a real portfolio",0.0,0.0,0.0,0.0,0.0,3770000.0,0.0,,0.0
NBO-0316,-1.206311,36.910658,concrete_rcc,874,59800,52265000.0,True,"generated for hackathon starter kit, not a real portfolio",0.7557917464573428,0.5922756791114807,0.5495619177818298,0.4821991622447967,0.4046871066093445,522650000.0,0.1283582080204532,Githurai,0.6274335384368896
NBO-0317,-1.245344,36.806905,informal_iron_sheet,25,8600,215000.0,True,"generated for hackathon starter kit, not a real portfolio",0.0,0.0,0.0,0.0,0.0,2150000.0,0.0,,0.0
NBO-0318,-1.332425,36.855886,informal_iron_sheet,15,8900,135000.0,True,"generated for hackathon starter kit, not a real portfolio",0.14221550825367382,0.0,0.0,0.0,0.0,1335000.0,0.14221550825367382,Mombasa Road,0.0
NBO-0319,-1.256119,36.841093,semi_permanent,57,11600,660000.0,True,"generated for hackathon starter kit, not a real portfolio",0.001763232250810403,0.0,0.0,0.0,0.0,6610000.0,0.001763232250810403,Eastleigh,0.0
NBO-0320,-1.348242,36.720226,semi_permanent,27,15200,410000.0,True,"generated for hackathon starter kit, not a real portfolio",0.013901576034942338,0.0,0.0,0.0,0.0,4105000.0,0.013901576034942338,Langata Road,0.0
NBO-0321,-1.214463,36.819394,semi_permanent,28,11100,310000.0,True,"generated for hackathon starter kit, not a real portfolio",0.0,0.0,0.0,0.0,0.0,3110000.0,0.0,,0.0
NBO-0322,-1.317859,36.80791,concrete_rcc,619,63800,39490000.0,True,"generated for hackathon starter kit, not a real portfolio",0.21606467038845248,0.0097343074157834,0.0,0.0,0.0,394920000.0,0.12094025433515738,Mbagathi Way,0.0951244160532951
NBO-0323,-1.269099,36.814491,permanent_masonry,89,40500,3605000.0,True,"generated for hackathon starter kit, not a real portfolio",0.064292358660884,0.0,0.0,0.0,0.0,36045000.0,0.064292358660884,Nairobi Expressway,0.0
NBO-0324,-1.327675,36.927681,concrete_rcc,501,62000,31060000.0,True,"generated for hackathon starter kit, not a real portfolio",0.111393854022026,0.0275390371680259,0.0,0.0,0.0,310620000.0,0.0,,0.111393854022026
NBO-0325,-1.213059,36.774836,concrete_rcc,1593,70100,111670000.0,True,"generated for hackathon starter kit, not a real portfolio",0.0,0.0,0.0,0.0,0.0,1116695000.0,0.0,,0.0
NBO-0326,-1.274304,36.944364,permanent_masonry,125,52900,6610000.0,True,"generated for hackathon starter kit, not a real portfolio",0.326412945985794,0.2628487646579742,0.1856237947940826,0.0638343766331672,0.0,66125000.0,0.0,,0.326412945985794
NBO-0327,-1.285088,36.818006,informal_iron_sheet,13,8300,110000.0,True,"generated for hackathon starter kit, not a real portfolio",0.1141353427476718,0.0,0.0,0.0,0.0,1080000.0,0.1141353427476718,Central Business District,0.0
NBO-0328,-1.341179,36.819429,semi_permanent,36,15100,545000.0,True,"generated for hackathon starter kit, not a real portfolio",0.0,0.0,0.0,0.0,0.0,5435000.0,0.0,,0.0
NBO-0329,-1.231313,36.878088,permanent_masonry,47,50200,2360000.0,True,"generated for hackathon starter kit, not a real portfolio",0.09997098177235363,0.0,0.0,0.0,0.0,23595000.0,0.09997098177235363,Thika Road,0.0
NBO-0330,-1.344911,36.819275,permanent_masonry,88,64100,5640000.0,True,"generated for hackathon starter kit, not a real portfolio",0.037077147513628,0.0,0.0,0.0,0.0,56410000.0,0.0,,0.037077147513628
NBO-0331,-1.299253,36.714793,semi_permanent,24,14200,340000.0,True,"generated for hackathon starter kit, not a real portfolio",0.0,0.0,0.0,0.0,0.0,3410000.0,0.0,,0.0
NBO-0332,-1.210051,36.840545,informal_iron_sheet,15,6500,100000.0,True,"generated for hackathon starter kit, not a real portfolio",0.0,0.0,0.0,0.0,0.0,975000.0,0.0,,0.0
NBO-0333,-1.271368,36.72167,informal_iron_sheet,18,8800,160000.0,True,"generated for hackathon starter kit, not a real portfolio",0.0,0.0,0.0,0.0,0.0,1585000.0,0.0,,0.0
NBO-0334,-1.300269,36.932332,semi_permanent,26,15300,400000.0,True,"generated for hackathon starter kit, not a real portfolio",0.1508359909057617,0.070703200995922,0.0,0.0,0.0,3980000.0,0.0,,0.1508359909057617
NBO-0335,-1.204821,36.777835,concrete_rcc,641,78000,50000000.0,True,"generated for hackathon starter kit, not a real portfolio",0.0,0.0,0.0,0.0,0.0,499980000.0,0.0,,0.0
NBO-0336,-1.31156,36.933433,concrete_rcc,727,58500,42530000.0,True,"generated for hackathon starter kit, not a real portfolio",0.0389851070940494,0.0,0.0,0.0,0.0,425295000.0,0.0,,0.0389851070940494
NBO-0337,-1.182634,36.829649,semi_permanent,52,14700,765000.0,True,"generated for hackathon starter kit, not a real portfolio",0.0,0.0,0.0,0.0,0.0,7645000.0,0.0,,0.0
NBO-0338,-1.300632,36.895328,semi_permanent,49,15800,775000.0,True,"generated for hackathon starter kit, not a real portfolio",0.23962809007904354,0.1086067259311676,0.0152231585234403,0.0,0.0,7740000.0,0.05415697258255314,Kware Road,0.1854711174964904
NBO-0339,-1.310599,36.826601,concrete_rcc,657,66900,43955000.0,True,"generated for hackathon starter kit, not a real portfolio",0.3245360178516439,0.1367452889680862,0.0463095493614673,0.0,0.0,439535000.0,0.11335272319775136,Nairobi West,0.2111832946538925
NBO-0340,-1.1977,36.752666,semi_permanent,65,12400,805000.0,True,"generated for hackathon starter kit, not a real portfolio",0.0,0.0,0.0,0.0,0.0,8060000.0,0.0,,0.0
NBO-0341,-1.346872,36.949269,semi_permanent,43,14800,635000.0,True,"generated for hackathon starter kit, not a real portfolio",0.0418274588882923,0.0,0.0,0.0,0.0,6365000.0,0.0,,0.0418274588882923
NBO-0342,-1.200346,36.858594,informal_iron_sheet,19,10000,190000.0,True,"generated for hackathon starter kit, not a real portfolio",0.0885274410247802,0.0025147935375571,0.0,0.0,0.0,1900000.0,0.0,,0.0885274410247802
NBO-0343,-1.254997,36.812644,semi_permanent,45,13000,585000.0,True,"generated for hackathon starter kit, not a real portfolio",0.009420275540988858,0.0,0.0,0.0,0.0,5850000.0,0.009420275540988858,Nairobi Expressway,0.0
NBO-0344,-1.213194,36.935062,permanent_masonry,70,46100,3225000.0,True,"generated for hackathon starter kit, not a real portfolio",0.1862595975399017,0.1094696074724197,0.0161764416843652,0.0,0.0,32270000.0,0.0,,0.1862595975399017
NBO-0345,-1.278319,36.839113,semi_permanent,51,13000,665000.0,True,"generated for hackathon starter kit, not a real portfolio",0.03901178330466911,0.0,0.0,0.0,0.0,6630000.0,0.03901178330466911,Eastleigh,0.0
NBO-0346,-1.306948,36.801566,informal_iron_sheet,17,10000,170000.0,True,"generated for hackathon starter kit, not a real portfolio",0.03835459094860907,0.0,0.0,0.0,0.0,1700000.0,0.03835459094860907,Mbagathi Way,0.0
NBO-0347,-1.274636,36.749664,informal_iron_sheet,12,8000,95000.0,True,"generated for hackathon starter kit, not a real portfolio",0.2982476651668548,0.2320256233215332,0.151571586728096,0.0246896743774414,0.0,960000.0,0.0,,0.2982476651668548
NBO-0348,-1.317463,36.783427,concrete_rcc,773,81100,62690000.0,True,"generated for hackathon starter kit, not a real portfolio",0.21587968173185507,0.070271149277687,0.0,0.0,0.0,626905000.0,0.06543848219076316,Lang’ata Road,0.1504411995410919
NBO-0349,-1.343824,36.902898,informal_iron_sheet,19,8100,155000.0,True,"generated for hackathon starter kit, not a real portfolio",0.11520414070517121,0.0,0.0,0.0,0.0,1540000.0,0.071466207665506,Pipeline/Embakasi,0.0437379330396652
NBO-0350,-1.292185,36.740383,concrete_rcc,618,77000,47585000.0,True,"generated for hackathon starter kit, not a real portfolio",0.0534680858254432,0.0,0.0,0.0,0.0,475860000.0,0.0,,0.0534680858254432
NBO-0351,-1.241881,36.815722,informal_iron_sheet,18,7500,135000.0,True,"generated for hackathon starter kit, not a real portfolio",0.0,0.0,0.0,0.0,0.0,1350000.0,0.0,,0.0
NBO-0352,-1.310166,36.860695,semi_permanent,54,11300,610000.0,True,"generated for hackathon starter kit, not a real portfolio",0.13314997710391113,0.0,0.0,0.0,0.0,6100000.0,0.13314997710391113,Lunga Lunga Road,0.0
NBO-0353,-1.331766,36.81104,concrete_rcc,509,77300,39345000.0,True,"generated for hackathon starter kit, not a real portfolio",0.005410161604342614,0.0,0.0,0.0,0.0,393455000.0,0.005410161604342614,Mbagathi Way,0.0
NBO-0354,-1.225862,36.799735,permanent_masonry,58,54500,3160000.0,True,"generated for hackathon starter kit, not a real portfolio",0.0,0.0,0.0,0.0,0.0,31610000.0,0.0,,0.0
NBO-0355,-1.347451,36.709257,informal_iron_sheet,13,8200,105000.0,True,"generated for hackathon starter kit, not a real portfolio",0.009963084980016126,0.0,0.0,0.0,0.0,1065000.0,0.009963084980016126,Langata Road,0.0
NBO-0356,-1.203566,36.90393,informal_iron_sheet,15,7500,110000.0,True,"generated for hackathon starter kit, not a real portfolio",0.5177923510950928,0.4336170554161072,0.3742820024490356,0.2807062864303589,0.1730318069458007,1125000.0,0.03533638223828125,Githurai,0.4824559688568115
NBO-0357,-1.347865,36.718488,permanent_masonry,89,54600,4860000.0,True,"generated for hackathon starter kit, not a real portfolio",0.01701522548562167,0.0,0.0,0.0,0.0,48595000.0,0.01701522548562167,Langata Road,0.0
NBO-0358,-1.310107,36.808186,permanent_masonry,76,44400,3375000.0,True,"generated for hackathon starter kit, not a real portfolio",0.3516497730866304,0.1753192394971847,0.0889245644211769,0.0,0.0,33745000.0,0.10521873530300772,Mbagathi Way,0.2464310377836227
NBO-0359,-1.274801,36.721075,semi_permanent,36,10000,360000.0,True,"generated for hackathon starter kit, not a real portfolio",0.0,0.0,0.0,0.0,0.0,3600000.0,0.0,,0.0
NBO-0360,-1.306434,36.778519,informal_iron_sheet,20,6700,135000.0,True,"generated for hackathon starter kit, not a real portfolio",0.20943561031717228,0.0,0.0,0.0,0.0,1340000.0,0.20943561031717228,Kibra,0.0
NBO-0361,-1.260813,36.895214,informal_iron_sheet,9,5400,50000.0,True,"generated for hackathon starter kit, not a real portfolio",0.23916639480479823,0.124234639108181,0.0324882715940475,0.0,0.0,485000.0,0.039414958094440636,Embakasi North,0.1997514367103576
NBO-0362,-1.218859,36.931263,concrete_rcc,1382,59900,82780000.0,True,"generated for hackathon starter kit, not a real portfolio",0.2912556231021881,0.224373772740364,0.1431181132793426,0.0149719882756471,0.0,827820000.0,0.0,,0.2912556231021881
NBO-0363,-1.265965,36.71004,permanent_masonry,83,50400,4185000.0,True,"generated for hackathon starter kit, not a real portfolio",0.1573828756809234,0.0778678953647613,0.0,0.0,0.0,41830000.0,0.0,,0.1573828756809234
NBO-0364,-1.270336,36.775293,permanent_masonry,90,35700,3215000.0,True,"generated for hackathon starter kit, not a real portfolio",0.05355063447219773,0.0,0.0,0.0,0.0,32130000.0,0.05355063447219773,Dagoretti North,0.0
NBO-0365,-1.245682,36.872151,permanent_masonry,127,58600,7440000.0,True,"generated for hackathon starter kit, not a real portfolio",0.0554089229273856,0.0,0.0,0.0,0.0,74420000.0,0.0379084050375284,Thika Road,0.0175005178898572
NBO-0366,-1.294328,36.79296,informal_iron_sheet,13,6200,80000.0,True,"generated for hackathon starter kit, not a real portfolio",0.05476904228739775,0.0,0.0,0.0,0.0,805000.0,0.03303557761423625,Kilimani,0.0217334646731615
NBO-0367,-1.279863,36.946799,informal_iron_sheet,22,6500,145000.0,True,"generated for hackathon starter kit, not a real portfolio",0.2002120167016983,0.1247386783361435,0.0330451130867004,0.0,0.0,1430000.0,0.0,,0.2002120167016983
NBO-0368,-1.281142,36.73553,permanent_masonry,162,54400,8815000.0,True,"generated for hackathon starter kit, not a real portfolio",0.0,0.0,0.0,0.0,0.0,88130000.0,0.0,,0.0
NBO-0369,-1.304822,36.734471,semi_permanent,36,15600,560000.0,True,"generated for hackathon starter kit, not a real portfolio",0.0,0.0,0.0,0.0,0.0,5615000.0,0.0,,0.0
NBO-0370,-1.259124,36.882024,informal_iron_sheet,20,6500,130000.0,True,"generated for hackathon starter kit, not a real portfolio",0.25140504667602365,0.1084472313523292,0.0150469569489359,0.0,0.0,1300000.0,0.06607967743717025,Huruma,0.1853253692388534
NBO-0371,-1.18152,36.87356,permanent_masonry,100,63800,6380000.0,True,"generated for hackathon starter kit, not a real portfolio",0.0,0.0,0.0,0.0,0.0,63800000.0,0.0,,0.0
NBO-0372,-1.244471,36.934206,semi_permanent,46,12600,580000.0,True,"generated for hackathon starter kit, not a real portfolio",0.3388372659683227,0.2764455080032348,0.2006449699401855,0.0811019539833068,0.0,5795000.0,0.0,,0.3388372659683227
NBO-0373,-1.333748,36.718557,permanent_masonry,174,59900,10425000.0,True,"generated for hackathon starter kit, not a real portfolio",0.13914866073420012,0.0,0.0,0.0,0.0,104225000.0,0.13914866073420012,Langata Road,0.0
NBO-0374,-1.306874,36.704134,informal_iron_sheet,14,8400,120000.0,True,"generated for hackathon starter kit, not a real portfolio",0.0,0.0,0.0,0.0,0.0,1175000.0,0.0,,0.0
NBO-0375,-1.265587,36.732079,permanent_masonry,117,45500,5325000.0,True,"generated for hackathon starter kit, not a real portfolio",0.0,0.0,0.0,0.0,0.0,53235000.0,0.0,,0.0
NBO-0376,-1.330722,36.930502,semi_permanent,64,13100,840000.0,True,"generated for hackathon starter kit, not a real portfolio",0.0513914301991462,0.0,0.0,0.0,0.0,8385000.0,0.0,,0.0513914301991462
NBO-0377,-1.240753,36.808486,semi_permanent,41,15900,650000.0,True,"generated for hackathon starter kit, not a real portfolio",0.0881503224372863,0.0021020944695919,0.0,0.0,0.0,6520000.0,0.0,,0.0881503224372863
NBO-0378,-1.232748,36.807252,semi_permanent,24,8200,195000.0,True,"generated for hackathon starter kit, not a real portfolio",0.0,0.0,0.0,0.0,0.0,1970000.0,0.0,,0.0
NBO-0379,-1.244467,36.767451,permanent_masonry,108,48200,5205000.0,True,"generated for hackathon starter kit, not a real portfolio",0.004665154359320292,0.0,0.0,0.0,0.0,52055000.0,0.004665154359320292,Westlands,0.0
NBO-0380,-1.256632,36.748659,permanent_masonry,131,57500,7530000.0,True,"generated for hackathon starter kit, not a real portfolio",0.0,0.0,0.0,0.0,0.0,75325000.0,0.0,,0.0
NBO-0381,-1.305364,36.729212,permanent_masonry,89,55900,4975000.0,True,"generated for hackathon starter kit, not a real portfolio",0.0,0.0,0.0,0.0,0.0,49750000.0,0.0,,0.0
NBO-0382,-1.287241,36.888335,informal_iron_sheet,21,8500,180000.0,True,"generated for hackathon starter kit, not a real portfolio",0.05304604337014615,0.0,0.0,0.0,0.0,1785000.0,0.003562539223808648,Makadara,0.0494835041463375
NBO-0383,-1.306754,36.710739,concrete_rcc,1386,67900,94110000.0,True,"generated for hackathon starter kit, not a real portfolio",0.0,0.0,0.0,0.0,0.0,941095000.0,0.0,,0.0
NBO-0384,-1.266942,36.885308,concrete_rcc,1375,61200,84150000.0,True,"generated for hackathon starter kit, not a real portfolio",0.2793240430528964,0.1970251351594925,0.1129044070839881,0.0,0.0,841500000.0,0.013058799761041599,Huruma,0.2662652432918548
NBO-0385,-1.20217,36.825202,informal_iron_sheet,10,5900,60000.0,True,"generated for hackathon starter kit, not a real portfolio",0.0,0.0,0.0,0.0,0.0,590000.0,0.0,,0.0
NBO-0386,-1.290194,36.745156,permanent_masonry,148,52000,7695000.0,True,"generated for hackathon starter kit, not a real portfolio",0.0,0.0,0.0,0.0,0.0,76960000.0,0.0,,0.0
NBO-0387,-1.229012,36.757269,semi_permanent,29,8700,250000.0,True,"generated for hackathon starter kit, not a real portfolio",0.0,0.0,0.0,0.0,0.0,2525000.0,0.0,,0.0
NBO-0388,-1.278278,36.710888,concrete_rcc,763,56400,43035000.0,True,"generated for hackathon starter kit, not a real portfolio",0.2529658675193786,0.1824707388877868,0.0968252643942833,0.0,0.0,430330000.0,0.0,,0.2529658675193786
NBO-0389,-1.270773,36.910552,semi_permanent,25,13300,330000.0,True,"generated for hackathon starter kit, not a real portfolio",0.12813428411747124,0.0,0.0,0.0,0.0,3325000.0,0.07607484603787575,Kayole,0.0520594380795955
NBO-0390,-1.19186,36.849251,semi_permanent,60,8900,535000.0,True,"generated for hackathon starter kit, not a real portfolio",0.0,0.0,0.0,0.0,0.0,5340000.0,0.0,,0.0
NBO-0391,-1.303499,36.883827,permanent_masonry,190,41500,7885000.0,True,"generated for hackathon starter kit, not a real portfolio",0.07625275622458413,0.0,0.0,0.0,0.0,78850000.0,0.06615822441281043,Kware Road,0.0100945318117737
NBO-0392,-1.199582,36.834712,informal_iron_sheet,8,9100,75000.0,True,"generated for hackathon starter kit, not a real portfolio",0.0,0.0,0.0,0.0,0.0,730000.0,0.0,,0.0
NBO-0393,-1.333316,36.714996,semi_permanent,28,12100,340000.0,True,"generated for hackathon starter kit, not a real portfolio",0.13483000167000586,0.0,0.0,0.0,0.0,3390000.0,0.13483000167000586,Langata Road,0.0
NBO-0394,-1.223109,36.877667,informal_iron_sheet,21,6600,140000.0,True,"generated for hackathon starter kit, not a real portfolio",0.0669403497043983,0.0,0.0,0.0,0.0,1385000.0,0.0669403497043983,Roysambu,0.0
NBO-0395,-1.288387,36.922284,informal_iron_sheet,14,6600,90000.0,True,"generated for hackathon starter kit, not a real portfolio",0.1207952201366424,0.0378275774419307,0.0,0.0,0.0,925000.0,0.0,,0.1207952201366424
NBO-0396,-1.202279,36.766078,informal_iron_sheet,13,9100,120000.0,True,"generated for hackathon starter kit, not a real portfolio",0.0,0.0,0.0,0.0,0.0,1185000.0,0.0,,0.0
NBO-0397,-1.334262,36.797507,concrete_rcc,1159,82000,95040000.0,True,"generated for hackathon starter kit, not a real portfolio",0.005032698154883363,0.0,0.0,0.0,0.0,950380000.0,0.005032698154883363,Lang’ata Road,0.0
NBO-0398,-1.212112,36.947855,semi_permanent,34,10600,360000.0,True,"generated for hackathon starter kit, not a real portfolio",0.2611806988716125,0.1914607733488083,0.1067571118474006,0.0,0.0,3605000.0,0.0,,0.2611806988716125
NBO-0399,-1.208904,36.854328,semi_permanent,23,14900,345000.0,True,"generated for hackathon starter kit, not a real portfolio",0.0,0.0,0.0,0.0,0.0,3425000.0,0.0,,0.0
NBO-0400,-1.183815,36.732616,permanent_masonry,107,56000,5990000.0,True,"generated for hackathon starter kit, not a real portfolio",0.0,0.0,0.0,0.0,0.0,59920000.0,0.0,,0.0
NBO-0401,-1.225953,36.743443,informal_iron_sheet,13,6800,90000.0,True,"generated for hackathon starter kit, not a real portfolio",0.0,0.0,0.0,0.0,0.0,885000.0,0.0,,0.0
NBO-0402,-1.317633,36.764405,permanent_masonry,152,57100,8680000.0,True,"generated for hackathon starter kit, not a real portfolio",0.035665443258295446,0.0,0.0,0.0,0.0,86790000.0,0.002536004500399045,Kibra,0.0331294387578964
NBO-0403,-1.231914,36.931956,concrete_rcc,1282,73800,94610000.0,True,"generated for hackathon starter kit, not a real portfolio",0.1412157714366912,0.0601751506328582,0.0,0.0,0.0,946115000.0,0.0,,0.1412157714366912
NBO-0404,-1.297077,36.90215,semi_permanent,28,16000,450000.0,True,"generated for hackathon starter kit, not a real portfolio",0.40523211059403624,0.3410752415657043,0.272045373916626,0.1631802469491958,0.0379127487540245,4480000.0,0.00733811554742067,Kware Road,0.3978939950466156
NBO-0405,-1.182548,36.704197,permanent_masonry,146,59300,8660000.0,True,"generated for hackathon starter kit, not a real portfolio",0.0,0.0,0.0,0.0,0.0,86580000.0,0.0,,0.0
NBO-0406,-1.210983,36.840534,semi_permanent,22,15400,340000.0,True,"generated for hackathon starter kit, not a real portfolio",0.0,0.0,0.0,0.0,0.0,3390000.0,0.0,,0.0
NBO-0407,-1.253995,36.750024,semi_permanent,31,11300,350000.0,True,"generated for hackathon starter kit, not a real portfolio",0.0,0.0,0.0,0.0,0.0,3505000.0,0.0,,0.0
NBO-0408,-1.334527,36.762454,semi_permanent,38,9600,365000.0,True,"generated for hackathon starter kit, not a real portfolio",0.0,0.0,0.0,0.0,0.0,3650000.0,0.0,,0.0
NBO-0409,-1.286737,36.831791,semi_permanent,30,15800,475000.0,True,"generated for hackathon starter kit, not a real portfolio",0.07605391318258095,0.0,0.0,0.0,0.0,4740000.0,0.07605391318258095,Kirinyaga Road,0.0
NBO-0410,-1.247716,36.748189,permanent_masonry,117,57900,6775000.0,True,"generated for hackathon starter kit, not a real portfolio",0.0,0.0,0.0,0.0,0.0,67745000.0,0.0,,0.0
NBO-0411,-1.189573,36.871599,permanent_masonry,90,56900,5120000.0,True,"generated for hackathon starter kit, not a real portfolio",0.0,0.0,0.0,0.0,0.0,51210000.0,0.0,,0.0
NBO-0412,-1.323981,36.709497,permanent_masonry,109,59300,6465000.0,True,"generated for hackathon starter kit, not a real portfolio",0.024654923046079785,0.0,0.0,0.0,0.0,64635000.0,0.024654923046079785,Langata Road,0.0
NBO-0413,-1.29912,36.707958,semi_permanent,39,15700,610000.0,True,"generated for hackathon starter kit, not a real portfolio",0.0,0.0,0.0,0.0,0.0,6125000.0,0.0,,0.0
NBO-0414,-1.222829,36.772325,concrete_rcc,378,70900,26800000.0,True,"generated for hackathon starter kit, not a real portfolio",0.0,0.0,0.0,0.0,0.0,268000000.0,0.0,,0.0
NBO-0415,-1.182905,36.723088,informal_iron_sheet,12,5300,65000.0,True,"generated for hackathon starter kit, not a real portfolio",0.0,0.0,0.0,0.0,0.0,635000.0,0.0,,0.0
NBO-0416,-1.181257,36.913667,concrete_rcc,1683,80600,135650000.0,True,"generated for hackathon starter kit, not a real portfolio",0.2898671284111078,0.1125142946839332,0.0195400919765234,0.0,0.0,1356500000.0,0.10082539466934758,Kahawa West,0.1890417337417602
NBO-0417,-1.302171,36.892264,permanent_masonry,126,40400,5090000.0,True,"generated for hackathon starter kit, not a real portfolio",0.09889375315274544,0.0,0.0,0.0,0.0,50905000.0,0.08630106960650044,Kware Road,0.012592683546245
NBO-0418,-1.225647,36.840018,permanent_masonry,156,44400,6925000.0,True,"generated for hackathon starter kit, not a real portfolio",0.0,0.0,0.0,0.0,0.0,69265000.0,0.0,,0.0
NBO-0419,-1.322424,36.883627,concrete_rcc,555,81500,45230000.0,True,"generated for hackathon starter kit, not a real portfolio",0.1482203885609724,0.0,0.0,0.0,0.0,452325000.0,0.1482203885609724,Mukuru kwa Ruben,0.0
NBO-0420,-1.339096,36.702452,informal_iron_sheet,17,8000,135000.0,True,"generated for hackathon starter kit, not a real portfolio",0.010078539868926784,0.0,0.0,0.0,0.0,1360000.0,0.010078539868926784,Langata Road,0.0
NBO-0421,-1.245747,36.759842,concrete_rcc,513,76300,39140000.0,True,"generated for hackathon starter kit, not a real portfolio",0.3255207538604736,0.2618723809719085,0.1845451444387436,0.0625944063067436,0.0,391420000.0,0.0,,0.3255207538604736
NBO-0422,-1.281913,36.829603,semi_permanent,39,13600,530000.0,True,"generated for hackathon starter kit, not a real portfolio",0.23564379413414588,0.0234669987112283,0.0,0.0,0.0,5305000.0,0.1279708494691908,Kirinyaga Road,0.1076729446649551
NBO-0423,-1.249578,36.901111,concrete_rcc,748,84700,63355000.0,True,"generated for hackathon starter kit, not a real portfolio",0.2578922569840967,0.0381263606250286,0.0,0.0,0.0,633555000.0,0.1368240177720606,Embakasi North,0.1210682392120361
NBO-0424,-1.290479,36.84768,informal_iron_sheet,12,7500,90000.0,True,"generated for hackathon starter kit, not a real portfolio",0.07838266855839045,0.0,0.0,0.0,0.0,900000.0,0.007524994674952347,Eastleigh,0.0708576738834381
NBO-0425,-1.348616,36.782807,permanent_masonry,164,49400,8100000.0,True,"generated for hackathon starter kit, not a real portfolio",0.0,0.0,0.0,0.0,0.0,81015000.0,0.0,,0.0
NBO-0426,-1.315744,36.762556,concrete_rcc,364,81400,29630000.0,True,"generated for hackathon starter kit, not a real portfolio",0.0,0.0,0.0,0.0,0.0,296295000.0,0.0,,0.0
NBO-0427,-1.344614,36.914871,informal_iron_sheet,18,6400,115000.0,True,"generated for hackathon starter kit, not a real portfolio",0.0384162925183773,0.0,0.0,0.0,0.0,1150000.0,0.0,,0.0384162925183773
NBO-0428,-1.211801,36.839118,informal_iron_sheet,12,8900,105000.0,True,"generated for hackathon starter kit, not a real portfolio",0.0,0.0,0.0,0.0,0.0,1070000.0,0.0,,0.0
NBO-0429,-1.335739,36.913418,permanent_masonry,82,61700,5060000.0,True,"generated for hackathon starter kit, not a real portfolio",0.05325374094182674,0.0,0.0,0.0,0.0,50595000.0,0.007562515264098143,Embakasi South,0.0456912256777286
NBO-0430,-1.323625,36.725838,permanent_masonry,114,40000,4560000.0,True,"generated for hackathon starter kit, not a real portfolio",0.01866113726532947,0.0,0.0,0.0,0.0,45600000.0,0.01866113726532947,Langata Road,0.0
NBO-0431,-1.339077,36.900695,informal_iron_sheet,9,6200,55000.0,True,"generated for hackathon starter kit, not a real portfolio",0.3986223751577745,0.1770460605621338,0.0908322855830192,0.0,0.0,560000.0,0.1506134236130129,Pipeline/Embakasi,0.2480089515447616
NBO-0432,-1.211213,36.717387,permanent_masonry,116,39300,4560000.0,True,"generated for hackathon starter kit, not a real portfolio",0.0,0.0,0.0,0.0,0.0,45590000.0,0.0,,0.0
NBO-0433,-1.247364,36.787692,semi_permanent,54,8000,430000.0,True,"generated for hackathon starter kit, not a real portfolio",0.2147765938710839,0.0,0.0,0.0,0.0,4320000.0,0.2147765938710839,Westlands,0.0
NBO-0434,-1.317629,36.800261,informal_iron_sheet,12,7600,90000.0,True,"generated for hackathon starter kit, not a real portfolio",0.23620358869021113,0.1033334657549858,0.0093974666669964,0.0,0.0,910000.0,0.055551014985491635,Mbagathi Way,0.1806525737047195
NBO-0435,-1.314949,36.71617,semi_permanent,45,11600,520000.0,True,"generated for hackathon starter kit, not a real portfolio",0.0025437982362415752,0.0,0.0,0.0,0.0,5220000.0,0.0025437982362415752,Langata Road,0.0
NBO-0436,-1.316654,36.932326,permanent_masonry,102,37200,3795000.0,True,"generated for hackathon starter kit, not a real portfolio",0.0221096333116292,0.0,0.0,0.0,0.0,37945000.0,0.0,,0.0221096333116292
NBO-0437,-1.323597,36.803865,informal_iron_sheet,10,6000,60000.0,True,"generated for hackathon starter kit, not a real portfolio",0.04427126343028605,0.0,0.0,0.0,0.0,600000.0,0.04427126343028605,Mbagathi Way,0.0
NBO-0438,-1.276598,36.716169,semi_permanent,49,12700,620000.0,True,"generated for hackathon starter kit, not a real portfolio",0.0,0.0,0.0,0.0,0.0,6225000.0,0.0,,0.0
NBO-0439,-1.192567,36.872725,semi_permanent,37,14100,520000.0,True,"generated for hackathon starter kit, not a real portfolio",0.0,0.0,0.0,0.0,0.0,5215000.0,0.0,,0.0
NBO-0440,-1.18851,36.783672,semi_permanent,29,10700,310000.0,True,"generated for hackathon starter kit, not a real portfolio",0.0,0.0,0.0,0.0,0.0,3105000.0,0.0,,0.0
NBO-0441,-1.185484,36.849843,informal_iron_sheet,9,8200,75000.0,True,"generated for hackathon starter kit, not a real portfolio",0.0,0.0,0.0,0.0,0.0,740000.0,0.0,,0.0
NBO-0442,-1.33239,36.866631,informal_iron_sheet,15,9800,145000.0,True,"generated for hackathon starter kit, not a real portfolio",0.039967932546649355,0.0,0.0,0.0,0.0,1470000.0,0.039967932546649355,Mombasa Road,0.0
NBO-0443,-1.218721,36.942704,informal_iron_sheet,19,7600,145000.0,True,"generated for hackathon starter kit, not a real portfolio",0.3351253569126129,0.2723833322525024,0.1961572170257568,0.0759430602192878,0.0,1445000.0,0.0,,0.3351253569126129
NBO-0444,-1.290744,36.843866,concrete_rcc,712,83000,59095000.0,True,"generated for hackathon starter kit, not a real portfolio",0.12449754331582849,0.0338874459266662,0.0,0.0,0.0,590960000.0,0.007302697043359989,Enterprise Road,0.1171948462724685
NBO-0445,-1.259144,36.860661,permanent_masonry,133,36000,4790000.0,True,"generated for hackathon starter kit, not a real portfolio",0.24818245006906214,0.1062635630369186,0.0126345222815871,0.0,0.0,47880000.0,0.06485245062219326,Mathare,0.1833299994468689
NBO-0446,-1.29806,36.939987,informal_iron_sheet,14,9500,135000.0,True,"generated for hackathon starter kit, not a real portfolio",0.1593229323625564,0.0799910202622413,0.0,0.0,0.0,1330000.0,0.0,,0.1593229323625564
NBO-0447,-1.232566,36.780822,informal_iron_sheet,13,6800,90000.0,True,"generated for hackathon starter kit, not a real portfolio",0.019198459142220816,0.0,0.0,0.0,0.0,885000.0,0.019198459142220816,Westlands,0.0
NBO-0448,-1.294373,36.783096,semi_permanent,27,12500,340000.0,True,"generated for hackathon starter kit, not a real portfolio",0.12857301898498044,0.0,0.0,0.0,0.0,3375000.0,0.12857301898498044,Kilimani,0.0
NBO-0449,-1.200878,36.877885,permanent_masonry,81,44000,3565000.0,True,"generated for hackathon starter kit, not a real portfolio",0.280077739068081,0.2094657719135284,0.126648336648941,0.0,0.0,35640000.0,0.0024446085176964586,Roysambu,0.2776331305503845
NBO-0450,-1.313857,36.861033,semi_permanent,48,15400,740000.0,True,"generated for hackathon starter kit, not a real portfolio",0.33438046589836,0.1564660817384719,0.068096324801445,0.0,0.0,7390000.0,0.10517688408836252,Lunga Lunga Road,0.2292035818099975
NBO-0451,-1.286896,36.782238,informal_iron_sheet,12,7100,85000.0,True,"generated for hackathon starter kit, not a real portfolio",0.2513005571580883,0.1216665580868721,0.0296511594206094,0.0,0.0,850000.0,0.05389575531253782,Kilimani,0.1974048018455505
NBO-0452,-1.222582,36.9336,concrete_rcc,573,66400,38045000.0,True,"generated for hackathon starter kit, not a real portfolio",0.6099970936775208,0.5731938481330872,0.5284810662269592,0.4579657018184662,0.3768260180950165,380470000.0,0.0,,0.6099970936775208
NBO-0453,-1.329951,36.944419,informal_iron_sheet,12,7800,95000.0,True,"generated for hackathon starter kit, not a real portfolio",0.447554349899292,0.3954218924045563,0.3320854604244232,0.2321992665529251,0.1172635555267334,935000.0,0.0,,0.447554349899292
NBO-0454,-1.339888,36.948654,permanent_masonry,120,62400,7490000.0,True,"generated for hackathon starter kit, not a real portfolio",0.0921917185187339,0.0065248603932559,0.0,0.0,0.0,74880000.0,0.0,,0.0921917185187339
NBO-0455,-1.33227,36.874249,concrete_rcc,503,75900,38180000.0,True,"generated for hackathon starter kit, not a real portfolio",0.02004053077740566,0.0,0.0,0.0,0.0,381775000.0,0.02004053077740566,Mukuru,0.0
NBO-0456,-1.232817,36.907698,permanent_masonry,128,57500,7360000.0,True,"generated for hackathon starter kit, not a real portfolio",0.25776187072870227,0.1856952160596847,0.1003875359892845,0.0,0.0,73600000.0,0.001849566804141761,Embakasi North,0.2559123039245605
NBO-0457,-1.186498,36.925161,permanent_masonry,56,50800,2845000.0,True,"generated for hackathon starter kit, not a real portfolio",0.13096020111726098,0.0428916029632091,0.0,0.0,0.0,28450000.0,0.005537619086964685,Githurai,0.1254225820302963
NBO-0458,-1.271154,36.849901,semi_permanent,40,11200,450000.0,True,"generated for hackathon starter kit, not a real portfolio",0.11954081044322004,0.0,0.0,0.0,0.0,4480000.0,0.11954081044322004,Eastleigh,0.0
NBO-0459,-1.276579,36.926282,semi_permanent,37,12100,450000.0,True,"generated for hackathon starter kit, not a real portfolio",0.22381101944488654,0.1029520854353904,0.0089761307463049,0.0,0.0,4475000.0,0.043506954098168744,Kayole,0.1803040653467178
NBO-0460,-1.33452,36.837781,semi_permanent,30,10500,315000.0,True,"generated for hackathon starter kit, not a real portfolio",0.005001672337349829,0.0,0.0,0.0,0.0,3150000.0,0.005001672337349829,South C,0.0
NBO-0461,-1.332897,36.781192,informal_iron_sheet,11,9800,110000.0,True,"generated for hackathon starter kit, not a real portfolio",0.07264237120479834,0.0,0.0,0.0,0.0,1080000.0,0.07264237120479834,Lang’ata Road,0.0
NBO-0462,-1.315129,36.829882,informal_iron_sheet,16,5700,90000.0,True,"generated for hackathon starter kit, not a real portfolio",0.18558281894081258,0.0,0.0,0.0,0.0,910000.0,0.18363398303051467,South C,0.0019488359102979
NBO-0463,-1.263233,36.740277,permanent_masonry,101,64100,6475000.0,True,"generated for hackathon starter kit, not a real portfolio",0.0,0.0,0.0,0.0,0.0,64740000.0,0.0,,0.0
NBO-0464,-1.29875,36.943049,informal_iron_sheet,8,7600,60000.0,True,"generated for hackathon starter kit, not a real portfolio",0.0811929255723953,0.0,0.0,0.0,0.0,610000.0,0.0,,0.0811929255723953
NBO-0465,-1.291747,36.740285,semi_permanent,32,10000,320000.0,True,"generated for hackathon starter kit, not a real portfolio",0.084365077316761,0.0,0.0,0.0,0.0,3200000.0,0.0,,0.084365077316761
NBO-0466,-1.248392,36.783232,concrete_rcc,842,62500,52625000.0,True,"generated for hackathon starter kit, not a real portfolio",0.5481021850951854,0.2908285558223724,0.2165347933769226,0.0993680879473686,0.0,526250000.0,0.19612212475621135,Westlands,0.351980060338974
NBO-0467,-1.198678,36.731266,concrete_rcc,2793,57000,159200000.0,True,"generated for hackathon starter kit, not a real portfolio",0.0,0.0,0.0,0.0,0.0,1592010000.0,0.0,,0.0
NBO-0468,-1.333948,36.907328,concrete_rcc,1179,77600,91490000.0,True,"generated for hackathon starter kit, not a real portfolio",0.3172519073336558,0.2010923326015472,0.1173976808786392,0.0,0.0,914905000.0,0.04727016542844345,Embakasi South,0.2699817419052124
NBO-0469,-1.32826,36.885924,semi_permanent,52,15400,800000.0,True,"generated for hackathon starter kit, not a real portfolio",0.053432095667399114,0.0,0.0,0.0,0.0,8010000.0,0.053432095667399114,Pipeline,0.0
NBO-0470,-1.317417,36.911355,semi_permanent,42,9300,390000.0,True,"generated for hackathon starter kit, not a real portfolio",0.006112476849768368,0.0,0.0,0.0,0.0,3905000.0,0.006112476849768368,Pipeline,0.0
NBO-0471,-1.210378,36.930778,semi_permanent,39,12800,500000.0,True,"generated for hackathon starter kit, not a real portfolio",0.15823365563517947,0.0632842034101486,0.0,0.0,0.0,4990000.0,0.014176918212236366,Githurai,0.1440567374229431
NBO-0472,-1.280935,36.89564,semi_permanent,55,9600,530000.0,True,"generated for hackathon starter kit, not a real portfolio",0.0,0.0,0.0,0.0,0.0,5280000.0,0.0,,0.0
NBO-0473,-1.204539,36.850227,semi_permanent,44,11400,500000.0,True,"generated for hackathon starter kit, not a real portfolio",0.0887950211763382,0.0028076299931854,0.0,0.0,0.0,5015000.0,0.0,,0.0887950211763382
NBO-0474,-1.265397,36.874234,informal_iron_sheet,12,9900,120000.0,True,"generated for hackathon starter kit, not a real portfolio",0.24641623801766505,0.0370759963989257,0.0,0.0,0.0,1190000.0,0.12630779004870524,Huruma,0.1201084479689598
NBO-0475,-1.321852,36.912497,informal_iron_sheet,10,5800,60000.0,True,"generated for hackathon starter kit, not a real portfolio",0.051531575238888114,0.0,0.0,0.0,0.0,580000.0,0.004017490512316108,Pipeline,0.047514084726572
NBO-0476,-1.239714,36.739798,informal_iron_sheet,8,7000,55000.0,True,"generated for hackathon starter kit, not a real portfolio",0.0,0.0,0.0,0.0,0.0,560000.0,0.0,,0.0
NBO-0477,-1.319008,36.757525,permanent_masonry,76,59700,4535000.0,True,"generated for hackathon starter kit, not a real portfolio",0.0,0.0,0.0,0.0,0.0,45370000.0,0.0,,0.0
NBO-0478,-1.2108,36.844853,permanent_masonry,200,50600,10120000.0,True,"generated for hackathon starter kit, not a real portfolio",0.0,0.0,0.0,0.0,0.0,101200000.0,0.0,,0.0
NBO-0479,-1.319025,36.818722,informal_iron_sheet,10,7900,80000.0,True,"generated for hackathon starter kit, not a real portfolio",0.08992361602762527,0.0,0.0,0.0,0.0,790000.0,0.08992361602762527,South C,0.0
NBO-0480,-1.313874,36.93348,semi_permanent,48,12200,585000.0,True,"generated for hackathon starter kit, not a real portfolio",0.0,0.0,0.0,0.0,0.0,5855000.0,0.0,,0.0
NBO-0481,-1.206344,36.782704,informal_iron_sheet,18,6500,115000.0,True,"generated for hackathon starter kit, not a real portfolio",0.0,0.0,0.0,0.0,0.0,1170000.0,0.0,,0.0
NBO-0482,-1.211464,36.717203,permanent_masonry,75,47900,3590000.0,True,"generated for hackathon starter kit, not a real portfolio",0.0,0.0,0.0,0.0,0.0,35925000.0,0.0,,0.0
NBO-0483,-1.24542,36.771289,semi_permanent,48,11200,540000.0,True,"generated for hackathon starter kit, not a real portfolio",0.019790819730373835,0.0,0.0,0.0,0.0,5375000.0,0.019790819730373835,Westlands,0.0
NBO-0484,-1.271068,36.744576,concrete_rcc,1042,61600,64185000.0,True,"generated for hackathon starter kit, not a real portfolio",0.0,0.0,0.0,0.0,0.0,641870000.0,0.0,,0.0
NBO-0485,-1.233919,36.806192,informal_iron_sheet,13,5500,70000.0,True,"generated for hackathon starter kit, not a real portfolio",0.0,0.0,0.0,0.0,0.0,715000.0,0.0,,0.0
NBO-0486,-1.309357,36.726474,informal_iron_sheet,15,6300,95000.0,True,"generated for hackathon starter kit, not a real portfolio",0.1514707058668136,0.0713978111743927,0.0,0.0,0.0,945000.0,0.0,,0.1514707058668136
NBO-0487,-1.344056,36.855521,permanent_masonry,191,61100,11670000.0,True,"generated for hackathon starter kit, not a real portfolio",0.27752794671823966,0.1893662810325622,0.1044431924819946,0.0,0.0,116700000.0,0.018261123188042586,Mombasa Road,0.2592668235301971
NBO-0488,-1.289708,36.796945,semi_permanent,41,12400,510000.0,True,"generated for hackathon starter kit, not a real portfolio",0.006923166477754102,0.0,0.0,0.0,0.0,5085000.0,0.006923166477754102,Kilimani,0.0
NBO-0489,-1.244082,36.757179,permanent_masonry,93,36500,3395000.0,True,"generated for hackathon starter kit, not a real portfolio",0.0,0.0,0.0,0.0,0.0,33945000.0,0.0,,0.0
NBO-0490,-1.317731,36.92187,permanent_masonry,132,55200,7285000.0,True,"generated for hackathon starter kit, not a real portfolio",0.0,0.0,0.0,0.0,0.0,72865000.0,0.0,,0.0
NBO-0491,-1.22655,36.947095,permanent_masonry,116,37400,4340000.0,True,"generated for hackathon starter kit, not a real portfolio",0.6811106204986572,0.6510181427001953,0.6144583225250244,0.5568007826805115,0.490456223487854,43385000.0,0.0,,0.6811106204986572
NBO-0492,-1.20285,36.871324,permanent_masonry,67,54000,3620000.0,True,"generated for hackathon starter kit, not a real portfolio",0.6854886412620544,0.6558092832565308,0.6197513937950134,0.5628854632377625,0.4974516928195953,36180000.0,0.0,,0.6854886412620544
NBO-0493,-1.28459,36.726722,concrete_rcc,1206,77600,93585000.0,True,"generated for hackathon starter kit, not a real portfolio",0.0,0.0,0.0,0.0,0.0,935855000.0,0.0,,0.0
NBO-0494,-1.291975,36.831562,informal_iron_sheet,28,7400,205000.0,True,"generated for hackathon starter kit, not a real portfolio",0.050845346924650606,0.0,0.0,0.0,0.0,2070000.0,0.050845346924650606,Uhuru Highway,0.0
NBO-0495,-1.328919,36.874954,semi_permanent,51,12900,660000.0,True,"generated for hackathon starter kit, not a real portfolio",0.05375592596424191,0.0,0.0,0.0,0.0,6580000.0,0.05375592596424191,Mukuru,0.0
NBO-0496,-1.212958,36.816976,informal_iron_sheet,28,5900,165000.0,True,"generated for hackathon starter kit, not a real portfolio",0.0,0.0,0.0,0.0,0.0,1650000.0,0.0,,0.0
NBO-0497,-1.285034,36.742151,informal_iron_sheet,9,9500,85000.0,True,"generated for hackathon starter kit, not a real portfolio",0.0,0.0,0.0,0.0,0.0,855000.0,0.0,,0.0
NBO-0498,-1.185994,36.786739,informal_iron_sheet,13,7200,95000.0,True,"generated for hackathon starter kit, not a real portfolio",0.0,0.0,0.0,0.0,0.0,935000.0,0.0,,0.0
NBO-0499,-1.269108,36.923782,informal_iron_sheet,17,6900,115000.0,True,"generated for hackathon starter kit, not a real portfolio",0.47357357724671184,0.2464719861745834,0.1675313711166381,0.0430362299084663,0.0,1175000.0,0.16212524159912883,Kayole,0.311448335647583
NBO-0500,-1.25312,36.710253,informal_iron_sheet,13,9800,125000.0,True,"generated for hackathon starter kit, not a real portfolio",0.0,0.0,0.0,0.0,0.0,1275000.0,0.0,,0.0
NBO-0501,-1.295026,36.712918,concrete_rcc,598,79700,47660000.0,True,"generated for hackathon starter kit, not a real portfolio",0.0,0.0,0.0,0.0,0.0,476605000.0,0.0,,0.0
NBO-0502,-1.261483,36.874398,permanent_masonry,91,35300,3210000.0,True,"generated for hackathon starter kit, not a real portfolio",0.2394378112033354,0.0,0.0,0.0,0.0,32125000.0,0.1877483354285704,Huruma,0.051689475774765
NBO-0503,-1.225395,36.907248,semi_permanent,53,8200,435000.0,True,"generated for hackathon starter kit, not a real portfolio",0.3172338306903839,0.2528034448623657,0.1745261251926422,0.0510770380496978,0.0,4345000.0,0.0,,0.3172338306903839
NBO-0504,-1.305311,36.854259,concrete_rcc,1078,80800,87100000.0,True,"generated for hackathon starter kit, not a real portfolio",0.0778974352895377,0.0,0.0,0.0,0.0,871025000.0,0.0778974352895377,Lunga Lunga Road,0.0
NBO-0505,-1.244107,36.925259,permanent_masonry,101,36700,3705000.0,True,"generated for hackathon starter kit, not a real portfolio",0.2582066655158996,0.1882060766220092,0.103161446750164,0.0,0.0,37065000.0,0.0,,0.2582066655158996
NBO-0506,-1.182312,36.828437,informal_iron_sheet,12,6000,70000.0,True,"generated for hackathon starter kit, not a real portfolio",0.0,0.0,0.0,0.0,0.0,720000.0,0.0,,0.0
NBO-0507,-1.286124,36.862558,semi_permanent,28,9200,260000.0,True,"generated for hackathon starter kit, not a real portfolio",0.1521036794607623,0.0275959651917219,0.0,0.0,0.0,2575000.0,0.040657805485008594,Jogoo Road,0.1114458739757537
NBO-0508,-1.319233,36.80786,semi_permanent,36,13200,475000.0,True,"generated for hackathon starter kit, not a real portfolio",0.24331109138118678,0.0537689179182052,0.0,0.0,0.0,4750000.0,0.10794915171253137,Mbagathi Way,0.1353619396686554
NBO-0509,-1.193795,36.897925,permanent_masonry,107,41200,4410000.0,True,"generated for hackathon starter kit, not a real portfolio",0.4086120311504309,0.2974746823310852,0.2238771766424179,0.1078085154294967,0.0,44085000.0,0.050558942962259504,Kahawa West,0.3580530881881714
NBO-0510,-1.336823,36.70879,informal_iron_sheet,12,7400,90000.0,True,"generated for hackathon starter kit, not a real portfolio",0.06099934639642581,0.0,0.0,0.0,0.0,890000.0,0.06099934639642581,Langata Road,0.0
NBO-0511,-1.184776,36.797872,informal_iron_sheet,10,7200,70000.0,True,"generated for hackathon starter kit, not a real portfolio",0.0,0.0,0.0,0.0,0.0,720000.0,0.0,,0.0
NBO-0512,-1.188377,36.790529,informal_iron_sheet,15,6800,100000.0,True,"generated for hackathon starter kit, not a real portfolio",0.0,0.0,0.0,0.0,0.0,1020000.0,0.0,,0.0
NBO-0513,-1.290784,36.727271,concrete_rcc,668,67600,45155000.0,True,"generated for hackathon starter kit, not a real portfolio",0.0,0.0,0.0,0.0,0.0,451570000.0,0.0,,0.0
NBO-0514,-1.265043,36.819492,semi_permanent,34,13900,475000.0,True,"generated for hackathon starter kit, not a real portfolio",0.26263759349140386,0.1757694631814956,0.0894219502806663,0.0,0.0,4725000.0,0.01579514954838025,Nairobi Expressway,0.2468424439430236
NBO-0515,-1.325057,36.886173,informal_iron_sheet,11,5700,65000.0,True,"generated for hackathon starter kit, not a real portfolio",0.08870531789224952,0.0,0.0,0.0,0.0,625000.0,0.08870531789224952,Pipeline,0.0
NBO-0516,-1.249747,36.737112,permanent_masonry,104,41600,4325000.0,True,"generated for hackathon starter kit, not a real portfolio",0.0,0.0,0.0,0.0,0.0,43265000.0,0.0,,0.0
NBO-0517,-1.34537,36.948643,semi_permanent,27,13700,370000.0,True,"generated for hackathon starter kit, not a real portfolio",0.0525328740477561,0.0,0.0,0.0,0.0,3700000.0,0.0,,0.0525328740477561
NBO-0518,-1.207065,36.750001,permanent_masonry,100,58300,5830000.0,True,"generated for hackathon starter kit, not a real portfolio",0.0,0.0,0.0,0.0,0.0,58300000.0,0.0,,0.0
NBO-0519,-1.331527,36.92513,permanent_masonry,83,53800,4465000.0,True,"generated for hackathon starter kit, not a real portfolio",0.0,0.0,0.0,0.0,0.0,44655000.0,0.0,,0.0
NBO-0520,-1.193567,36.704825,informal_iron_sheet,12,5100,60000.0,True,"generated for hackathon starter kit, not a real portfolio",0.0,0.0,0.0,0.0,0.0,610000.0,0.0,,0.0
NBO-0521,-1.311918,36.827583,informal_iron_sheet,28,6000,170000.0,True,"generated for hackathon starter kit, not a real portfolio",0.32695719800049006,0.1189338490366935,0.0266321636736392,0.0,0.0,1680000.0,0.13204945824199854,South C,0.1949077397584915
NBO-0522,-1.288577,36.715379,informal_iron_sheet,11,9800,110000.0,True,"generated for hackathon starter kit, not a real portfolio",0.0773663446307182,0.0,0.0,0.0,0.0,1080000.0,0.0,,0.0773663446307182
NBO-0523,-1.345307,36.773551,informal_iron_sheet,22,5300,115000.0,True,"generated for hackathon starter kit, not a real portfolio",0.0,0.0,0.0,0.0,0.0,1165000.0,0.0,,0.0
NBO-0524,-1.285827,36.901408,informal_iron_sheet,9,7300,65000.0,True,"generated for hackathon starter kit, not a real portfolio",0.0,0.0,0.0,0.0,0.0,655000.0,0.0,,0.0
NBO-0525,-1.339053,36.852392,informal_iron_sheet,19,6000,115000.0,True,"generated for hackathon starter kit, not a real portfolio",0.08609190918630279,0.0,0.0,0.0,0.0,1140000.0,0.055662601814924884,Mombasa Road,0.0304293073713779
NBO-0526,-1.192388,36.92264,semi_permanent,41,15500,635000.0,True,"generated for hackathon starter kit, not a real portfolio",0.2515932293322543,0.130029410123825,0.038890104740858,0.0,0.0,6355000.0,0.04654669479398532,Githurai,0.205046534538269
NBO-0527,-1.210956,36.822111,informal_iron_sheet,13,8600,110000.0,True,"generated for hackathon starter kit, not a real portfolio",0.0,0.0,0.0,0.0,0.0,1120000.0,0.0,,0.0
NBO-0528,-1.183892,36.727219,informal_iron_sheet,18,9200,165000.0,True,"generated for hackathon starter kit, not a real portfolio",0.0,0.0,0.0,0.0,0.0,1655000.0,0.0,,0.0
NBO-0529,-1.27367,36.719198,semi_permanent,31,10000,310000.0,True,"generated for hackathon starter kit, not a real portfolio",0.0023091877810657,0.0,0.0,0.0,0.0,3100000.0,0.0,,0.0023091877810657
NBO-0530,-1.243356,36.83222,informal_iron_sheet,19,9000,170000.0,True,"generated for hackathon starter kit, not a real portfolio",0.0,0.0,0.0,0.0,0.0,1710000.0,0.0,,0.0
NBO-0531,-1.262821,36.929629,permanent_masonry,88,37900,3335000.0,True,"generated for hackathon starter kit, not a real portfolio",0.2956177172358296,0.1672998815774917,0.0800650864839553,0.0,0.0,33350000.0,0.056514519184376985,Kayole,0.2391031980514526
NBO-0532,-1.184216,36.946388,informal_iron_sheet,14,8900,125000.0,True,"generated for hackathon starter kit, not a real portfolio",0.1474845260381698,0.0670354589819908,0.0,0.0,0.0,1245000.0,0.0,,0.1474845260381698
NBO-0533,-1.256164,36.887888,concrete_rcc,588,82600,48570000.0,True,"generated for hackathon starter kit, not a real portfolio",0.38006224060877153,0.2977804839611053,0.224215030670166,0.1081968918442726,0.0,485690000.0,0.021729725845893104,Embakasi North,0.3583325147628784
NBO-0534,-1.214277,36.717458,concrete_rcc,1390,74600,103695000.0,True,"generated for hackathon starter kit, not a real portfolio",0.0,0.0,0.0,0.0,0.0,1036940000.0,0.0,,0.0
NBO-0535,-1.295993,36.743629,semi_permanent,25,10700,270000.0,True,"generated for hackathon starter kit, not a real portfolio",0.0,0.0,0.0,0.0,0.0,2675000.0,0.0,,0.0
NBO-0536,-1.225209,36.858199,informal_iron_sheet,28,8900,250000.0,True,"generated for hackathon starter kit, not a real portfolio",0.0037512058766288213,0.0,0.0,0.0,0.0,2490000.0,0.0037512058766288213,Thika Road,0.0
NBO-0537,-1.22413,36.847103,informal_iron_sheet,13,9800,125000.0,True,"generated for hackathon starter kit, not a real portfolio",0.0,0.0,0.0,0.0,0.0,1275000.0,0.0,,0.0
NBO-0538,-1.27839,36.927619,semi_permanent,51,10200,520000.0,True,"generated for hackathon starter kit, not a real portfolio",0.1544167105591617,0.0498099215328693,0.0,0.0,0.0,5200000.0,0.0226723853981815,Kayole,0.1317443251609802
NBO-0539,-1.312574,36.820574,informal_iron_sheet,8,6100,50000.0,True,"generated for hackathon starter kit, not a real portfolio",0.16439400337555435,0.0,0.0,0.0,0.0,490000.0,0.10670164324262175,Nairobi West,0.0576923601329326
NBO-0540,-1.324529,36.76911,semi_permanent,51,14300,730000.0,True,"generated for hackathon starter kit, not a real portfolio",0.018047054202244214,0.0,0.0,0.0,0.0,7295000.0,0.018047054202244214,Lang’ata Road,0.0
NBO-0541,-1.212603,36.730007,informal_iron_sheet,14,7000,100000.0,True,"generated for hackathon starter kit, not a real portfolio",0.0,0.0,0.0,0.0,0.0,980000.0,0.0,,0.0
NBO-0542,-1.189111,36.888,permanent_masonry,46,48800,2245000.0,True,"generated for hackathon starter kit, not a real portfolio",0.203324344943333,0.1235850006341934,0.0317705757915973,0.0,0.0,22450000.0,0.00416652579145471,Kahawa West,0.1991578191518783
NBO-0543,-1.315547,36.926666,informal_iron_sheet,11,8400,90000.0,True,"generated for hackathon starter kit, not a real portfolio",0.086611233651638,0.0004177602822892,0.0,0.0,0.0,925000.0,0.0,,0.086611233651638
NBO-0544,-1.257331,36.882131,permanent_masonry,136,56200,7645000.0,True,"generated for hackathon starter kit, not a real portfolio",0.1347994595842859,0.0,0.0,0.0,0.0,76430000.0,0.06319881380372262,Huruma,0.0716006457805633
NBO-0545,-1.242225,36.740313,permanent_masonry,74,53800,3980000.0,True,"generated for hackathon starter kit, not a real portfolio",0.0,0.0,0.0,0.0,0.0,39810000.0,0.0,,0.0
NBO-0546,-1.330179,36.854297,informal_iron_sheet,11,8400,90000.0,True,"generated for hackathon starter kit, not a real portfolio",0.14580540739317513,0.0,0.0,0.0,0.0,925000.0,0.14580540739317513,Mombasa Road,0.0
NBO-0547,-1.200929,36.924815,informal_iron_sheet,18,8200,150000.0,True,"generated for hackathon starter kit, not a real portfolio",0.576855162934457,0.4196830987930298,0.3588883280754089,0.2630104720592499,0.1526870429515838,1475000.0,0.10713164027134062,Githurai,0.4697235226631164
NBO-0548,-1.316532,36.819529,informal_iron_sheet,11,8600,95000.0,True,"generated for hackathon starter kit, not a real portfolio",0.09902559282221032,0.0,0.0,0.0,0.0,945000.0,0.09902559282221032,South C,0.0
NBO-0549,-1.237462,36.709771,semi_permanent,40,12700,510000.0,True,"generated for hackathon starter kit, not a real portfolio",0.0,0.0,0.0,0.0,0.0,5080000.0,0.0,,0.0
NBO-0550,-1.259167,36.767873,permanent_masonry,73,47700,3480000.0,True,"generated for hackathon starter kit, not a real portfolio",0.007134052443148536,0.0,0.0,0.0,0.0,34820000.0,0.007134052443148536,Expressway,0.0
NBO-0551,-1.229688,36.86457,permanent_masonry,84,51000,4285000.0,True,"generated for hackathon starter kit, not a real portfolio",0.08404297122837077,0.0,0.0,0.0,0.0,42840000.0,0.04323067629815117,Thika Road,0.0408122949302196
NBO-0552,-1.250584,36.731432,informal_iron_sheet,15,9700,145000.0,True,"generated for hackathon starter kit, not a real portfolio",0.0,0.0,0.0,0.0,0.0,1455000.0,0.0,,0.0
NBO-0553,-1.323114,36.787484,semi_permanent,32,9500,305000.0,True,"generated for hackathon starter kit, not a real portfolio",0.09728462597400706,0.0,0.0,0.0,0.0,3040000.0,0.09728462597400706,Lang’ata Road,0.0
NBO-0554,-1.340246,36.945013,semi_permanent,37,14000,520000.0,True,"generated for hackathon starter kit, not a real portfolio",0.098816879093647,0.0137752126902341,0.0,0.0,0.0,5180000.0,0.0,,0.098816879093647
NBO-0555,-1.234729,36.732582,permanent_masonry,48,60300,2895000.0,True,"generated for hackathon starter kit, not a real portfolio",0.0,0.0,0.0,0.0,0.0,28945000.0,0.0,,0.0
NBO-0556,-1.196393,36.809098,concrete_rcc,664,78500,52125000.0,True,"generated for hackathon starter kit, not a real portfolio",0.0,0.0,0.0,0.0,0.0,521240000.0,0.0,,0.0
NBO-0557,-1.267599,36.862228,concrete_rcc,349,55900,19510000.0,True,"generated for hackathon starter kit, not a real portfolio",0.05006625858771167,0.0,0.0,0.0,0.0,195090000.0,0.03646731080191697,Huruma,0.0135989477857947
NBO-0558,-1.196781,36.753065,permanent_masonry,67,53300,3570000.0,True,"generated for hackathon starter kit, not a real portfolio",0.0,0.0,0.0,0.0,0.0,35710000.0,0.0,,0.0
NBO-0559,-1.180076,36.902401,semi_permanent,57,8100,460000.0,True,"generated for hackathon starter kit, not a real portfolio",0.33895091554452456,0.1476254612207412,0.0583295561373233,0.0,0.0,4615000.0,0.11782562574674166,Kahawa West,0.2211252897977829
NBO-0560,-1.255496,36.743072,semi_permanent,43,13100,565000.0,True,"generated for hackathon starter kit, not a real portfolio",0.0,0.0,0.0,0.0,0.0,5635000.0,0.0,,0.0
NBO-0561,-1.295388,36.849583,concrete_rcc,557,77700,43280000.0,True,"generated for hackathon starter kit, not a real portfolio",0.06701319288620194,0.0,0.0,0.0,0.0,432790000.0,0.019467782193510138,Enterprise Road,0.0475454106926918
NBO-0562,-1.315337,36.709384,informal_iron_sheet,8,6500,50000.0,True,"generated for hackathon starter kit, not a real portfolio",0.0,0.0,0.0,0.0,0.0,520000.0,0.0,,0.0
NBO-0563,-1.25133,36.949922,informal_iron_sheet,16,8400,135000.0,True,"generated for hackathon starter kit, not a real portfolio",0.2357229739427566,0.1636006832122802,0.0759783610701561,0.0,0.0,1345000.0,0.0,,0.2357229739427566
NBO-0564,-1.19492,36.831777,permanent_masonry,123,60800,7480000.0,True,"generated for hackathon starter kit, not a real portfolio",0.0,0.0,0.0,0.0,0.0,74785000.0,0.0,,0.0
NBO-0565,-1.343686,36.759716,informal_iron_sheet,8,5100,40000.0,True,"generated for hackathon starter kit, not a real portfolio",0.0,0.0,0.0,0.0,0.0,410000.0,0.0,,0.0
NBO-0566,-1.263318,36.733818,semi_permanent,51,10400,530000.0,True,"generated for hackathon starter kit, not a real portfolio",0.0,0.0,0.0,0.0,0.0,5305000.0,0.0,,0.0
NBO-0567,-1.182158,36.710157,informal_iron_sheet,25,9500,240000.0,True,"generated for hackathon starter kit, not a real portfolio",0.0,0.0,0.0,0.0,0.0,2375000.0,0.0,,0.0
NBO-0568,-1.215505,36.766714,informal_iron_sheet,21,6300,130000.0,True,"generated for hackathon starter kit, not a real portfolio",0.0,0.0,0.0,0.0,0.0,1325000.0,0.0,,0.0
NBO-0569,-1.227372,36.910585,permanent_masonry,90,56800,5110000.0,True,"generated for hackathon starter kit, not a real portfolio",0.4277280867099762,0.3737246692180633,0.3081152439117431,0.2046443223953247,0.0855837687849998,51120000.0,0.0,,0.4277280867099762
NBO-0570,-1.301884,36.762107,permanent_masonry,93,63500,5905000.0,True,"generated for hackathon starter kit, not a real portfolio",0.0036786669650338702,0.0,0.0,0.0,0.0,59055000.0,0.0036786669650338702,Kibra,0.0
NBO-0571,-1.343186,36.934871,concrete_rcc,577,70100,40450000.0,True,"generated for hackathon starter kit, not a real portfolio",0.0851868018507957,0.0,0.0,0.0,0.0,404475000.0,0.0,,0.0851868018507957
NBO-0572,-1.218469,36.948093,concrete_rcc,1200,69300,83160000.0,True,"generated for hackathon starter kit, not a real portfolio",0.2475674003362655,0.1765628159046173,0.0902984291315078,0.0,0.0,831600000.0,0.0,,0.2475674003362655
NBO-0573,-1.209108,36.843527,informal_iron_sheet,11,6400,70000.0,True,"generated for hackathon starter kit, not a real portfolio",0.0461423248052597,0.0,0.0,0.0,0.0,705000.0,0.0,,0.0461423248052597
NBO-0574,-1.328134,36.729186,semi_permanent,39,15700,610000.0,True,"generated for hackathon starter kit, not a real portfolio",0.019510959888914,0.0,0.0,0.0,0.0,6125000.0,0.019510959888914,Langata Road,0.0
NBO-0575,-1.330035,36.785141,permanent_masonry,140,40600,5685000.0,True,"generated for hackathon starter kit, not a real portfolio",0.10048609816973497,0.0,0.0,0.0,0.0,56840000.0,0.10048609816973497,Lang’ata Road,0.0
NBO-0576,-1.32098,36.87598,semi_permanent,38,13100,500000.0,True,"generated for hackathon starter kit, not a real portfolio",0.19728504573534114,0.0,0.0,0.0,0.0,4980000.0,0.19728504573534114,Mukuru,0.0
NBO-0577,-1.254205,36.793286,permanent_masonry,158,51600,8155000.0,True,"generated for hackathon starter kit, not a real portfolio",0.06566210365171149,0.0,0.0,0.0,0.0,81530000.0,0.06566210365171149,Westlands,0.0
NBO-0578,-1.255227,36.862573,concrete_rcc,336,65400,21975000.0,True,"generated for hackathon starter kit, not a real portfolio",0.08755033258153777,0.0,0.0,0.0,0.0,219745000.0,0.08755033258153777,Mathare,0.0
NBO-0579,-1.284944,36.872587,informal_iron_sheet,18,6100,110000.0,True,"generated for hackathon starter kit, not a real portfolio",0.0836952278778997,0.0,0.0,0.0,0.0,1100000.0,0.044286182747885296,Makadara,0.0394090451300144
NBO-0580,-1.184273,36.742328,informal_iron_sheet,15,8400,125000.0,True,"generated for hackathon starter kit, not a real portfolio",0.0,0.0,0.0,0.0,0.0,1260000.0,0.0,,0.0
NBO-0581,-1.223779,36.773558,informal_iron_sheet,15,5700,85000.0,True,"generated for hackathon starter kit, not a real portfolio",0.0,0.0,0.0,0.0,0.0,855000.0,0.0,,0.0
NBO-0582,-1.260893,36.864061,informal_iron_sheet,23,9000,205000.0,True,"generated for hackathon starter kit, not a real portfolio",0.21957064107164337,0.0159752648323774,0.0,0.0,0.0,2070000.0,0.11874342396959268,Mathare,0.1008272171020507
NBO-0583,-1.318733,36.827757,informal_iron_sheet,11,7400,80000.0,True,"generated for hackathon starter kit, not a real portfolio",0.22383803818968942,0.0,0.0,0.0,0.0,815000.0,0.22383803818968942,South C,0.0
NBO-0584,-1.337643,36.82649,informal_iron_sheet,16,9900,160000.0,True,"generated for hackathon starter kit, not a real portfolio",0.004462529889414384,0.0,0.0,0.0,0.0,1585000.0,0.004462529889414384,South C,0.0
NBO-0585,-1.267538,36.730176,permanent_masonry,89,64700,5760000.0,True,"generated for hackathon starter kit, not a real portfolio",0.0,0.0,0.0,0.0,0.0,57585000.0,0.0,,0.0
NBO-0586,-1.196646,36.92581,permanent_masonry,92,40300,3710000.0,True,"generated for hackathon starter kit, not a real portfolio",0.28135307925970515,0.147055372595787,0.057699728757143,0.0,0.0,37075000.0,0.06074873405725925,Githurai,0.2206043452024459
NBO-0587,-1.230529,36.707301,semi_permanent,32,11900,380000.0,True,"generated for hackathon starter kit, not a real portfolio",0.0,0.0,0.0,0.0,0.0,3810000.0,0.0,,0.0
NBO-0588,-1.194468,36.887787,permanent_masonry,174,53100,9240000.0,True,"generated for hackathon starter kit, not a real portfolio",0.3935819566249847,0.3363563120365143,0.2668320834636688,0.1571873128414154,0.0310227014124393,92395000.0,0.0,,0.3935819566249847
NBO-0589,-1.303936,36.77295,concrete_rcc,1037,74000,76740000.0,True,"generated for hackathon starter kit, not a real portfolio",0.10493016968771741,0.0,0.0,0.0,0.0,767380000.0,0.10493016968771741,Kibra,0.0
NBO-0590,-1.284527,36.892554,permanent_masonry,131,38700,5070000.0,True,"generated for hackathon starter kit, not a real portfolio",0.0,0.0,0.0,0.0,0.0,50695000.0,0.0,,0.0
NBO-0591,-1.268694,36.778328,semi_permanent,38,14200,540000.0,True,"generated for hackathon starter kit, not a real portfolio",0.0336511010572552,0.0,0.0,0.0,0.0,5395000.0,0.0336511010572552,Expressway,0.0
NBO-0592,-1.311754,36.901046,permanent_masonry,112,55900,6260000.0,True,"generated for hackathon starter kit, not a real portfolio",0.05703038102208293,0.0,0.0,0.0,0.0,62610000.0,0.05413954806706533,Pipeline,0.0028908329550176
NBO-0593,-1.243736,36.854758,semi_permanent,28,9000,250000.0,True,"generated for hackathon starter kit, not a real portfolio",0.0,0.0,0.0,0.0,0.0,2520000.0,0.0,,0.0
NBO-0594,-1.325088,36.940654,informal_iron_sheet,14,7800,110000.0,True,"generated for hackathon starter kit, not a real portfolio",0.133851945400238,0.0521164312958717,0.0,0.0,0.0,1090000.0,0.0,,0.133851945400238
NBO-0595,-1.259297,36.878847,permanent_masonry,65,62100,4035000.0,True,"generated for hackathon starter kit, not a real portfolio",0.2878036644002273,0.0857672467827797,0.0,0.0,0.0,40365000.0,0.12320259173119812,Huruma,0.1646010726690292
NBO-0596,-1.268638,36.924316,informal_iron_sheet,10,6400,65000.0,True,"generated for hackathon starter kit, not a real portfolio",0.5501746298794885,0.3360782563686371,0.2665249109268188,0.1568341851234436,0.0306167118251323,640000.0,0.15684673805285898,Kayole,0.3933278918266296
NBO-0597,-1.296252,36.788082,informal_iron_sheet,10,7800,80000.0,True,"generated for hackathon starter kit, not a real portfolio",0.08711899668083406,0.0,0.0,0.0,0.0,780000.0,0.08711899668083406,Kilimani,0.0
NBO-0598,-1.340629,36.87552,semi_permanent,50,12400,620000.0,True,"generated for hackathon starter kit, not a real portfolio",0.0,0.0,0.0,0.0,0.0,6200000.0,0.0,,0.0
NBO-0599,-1.298736,36.871765,concrete_rcc,904,77900,70420000.0,True,"generated for hackathon starter kit, not a real portfolio",0.12433329005616682,0.0,0.0,0.0,0.0,704215000.0,0.12433329005616682,Makadara,0.0
